cluster,fold,start,positions,net,net_pct_of_balance
91,3,2026-05-20 17:43:00,11,-695.87,-7.1821214335550305
74,3,2026-05-08 18:31:00,2,-239.33,-2.3587978636484146
6,1,2026-03-06 04:17:00,3,-229.03,-2.30044034102323
97,4,2026-06-02 17:13:00,5,-216.57,-2.2498955928766295
84,3,2026-05-14 08:42:00,2,-207.6,-2.0595340254663963
15,1,2026-03-20 06:34:00,3,-207.09,-2.1371583193756023
46,2,2026-04-16 07:35:00,2,-199.74,-1.9372371626759362
114,4,2026-06-26 22:17:00,2,-198.57,-1.890577484447508
132,5,2026-07-15 20:58:00,2,-190.23,-1.8185798576722028
83,3,2026-05-14 02:01:00,2,-187.12,-1.8225258033694132
100,4,2026-06-05 10:00:00,2,-184.22,-1.9546842604519692
7,1,2026-03-09 09:21:00,2,-180.93,-1.8601012245435078
63,3,2026-05-01 15:52:00,2,-177.54,-1.8365098657839616
105,4,2026-06-11 10:03:00,2,-174.43,-1.907170449190412
59,2,2026-04-27 18:19:00,2,-169.91,-1.7234751084589348
88,3,2026-05-15 19:17:00,2,-161.43,-1.6370832881207769
124,5,2026-07-08 12:17:00,4,-113.49,-1.0818998882732693
52,2,2026-04-22 11:33:00,4,-109.52,-1.1026272974757971
11,1,2026-03-13 18:52:00,8,-11.74,-0.12425331589129991
61,2,2026-04-30 21:33:00,2,-7.08,-0.07247860447975103
45,2,2026-04-15 09:18:00,3,-4.93,-0.04779220376346633
43,2,2026-04-13 01:20:00,3,5.53,0.053102052927286966
143,5,2026-07-30 14:06:00,7,12.05,0.10840054767015322
13,1,2026-03-18 23:46:00,3,26.7,0.28567362804437696
20,1,2026-03-25 06:13:00,3,28.92,0.2999956432167998
107,4,2026-06-16 10:16:00,5,65.78,0.7243687651483701
70,3,2026-05-06 19:25:00,2,68.79,0.6966936674708167
9,1,2026-03-12 12:00:00,2,70.54,0.7455824188832962
21,1,2026-03-25 15:45:00,2,71.32,0.7376104812670519
60,2,2026-04-29 17:32:00,2,79.74,0.8230240301548406
89,3,2026-05-19 05:44:00,2,88.55,0.9129430686434215
129,5,2026-07-14 22:05:00,2,89.14,0.8677891916729623
142,5,2026-07-27 17:11:00,8,93.13,0.8448659853670262
98,4,2026-06-03 10:40:00,2,93.24,0.9909439793563967
116,4,2026-06-30 18:55:00,2,100.12,0.979938279157128
40,2,2026-04-09 22:44:00,2,102.16,0.9919168871519769
71,3,2026-05-07 13:57:00,2,105.56,1.061697327753287
134,5,2026-07-17 20:49:00,2,107.14,1.0535600673790702
42,2,2026-04-10 08:12:00,2,117.2,1.1382276474718624
38,2,2026-04-08 11:57:00,3,245.84,2.423355851038138
136,5,2026-07-22 20:59:00,3,278.75,2.61958216372318
14,1,2026-03-19 11:27:00,2,316.94,3.3814038790017737
64,3,2026-05-01 17:58:00,2,323.36,3.4074803128862734
25,1,2026-03-30 04:53:00,2,343.94,3.332464545208795
112,4,2026-06-23 05:06:00,5,346.36,3.7190104829366395
135,5,2026-07-20 05:23:00,5,364.54,3.5473270490742435
4,1,2026-03-04 17:03:00,2,382.08,3.9564426808709814
95,3,2026-05-29 04:37:00,3,468.43,5.2194851269800235
76,3,2026-05-11 10:02:00,4,470.41,4.6619836397980645
23,1,2026-03-27 10:01:00,4,473.49,4.9093895224053306
113,4,2026-06-24 23:47:00,8,843.55,8.732772301929998
