cluster,fold,start,positions,span_days,max_open_at_once,net,net_pct_of_balance
141,3,2026-05-15 09:03:00,25,12.2,3,-777.57,-7.417635880763774
74,2,2026-04-13 01:05:00,12,1.0,3,-688.14,-6.0729291597499655
250,5,2026-07-28 10:21:00,16,1.2,3,-653.12,-6.604763859871246
172,4,2026-06-15 05:27:00,16,2.7,3,-639.78,-6.518948132086699
137,3,2026-05-13 19:03:00,5,0.5,3,-541.36,-4.862110279443807
47,1,2026-03-25 01:01:00,14,1.8,3,-471.89,-4.643530850761293
247,5,2026-07-27 07:00:00,7,0.4,3,-424.05,-4.107741889861565
77,2,2026-04-14 22:34:00,4,0.3,3,-416.8,-3.845625093995454
157,4,2026-06-05 04:31:00,4,0.5,3,-384.59,-3.858076088134152
202,5,2026-07-03 04:54:00,4,2.9,3,-381.68,-3.687554888705752
189,4,2026-06-30 04:05:00,4,0.2,3,-379.53,-3.6529236478994713
84,2,2026-04-17 08:44:00,4,0.3,3,-361.03,-3.7344248118978607
53,1,2026-03-30 22:13:00,3,0.2,2,-336.27,-2.773415721218399
26,1,2026-03-16 05:08:00,4,0.4,2,-332.3,-3.5348130687028094
92,2,2026-04-21 20:16:00,4,0.4,3,-314.79,-3.2241181531402345
57,2,2026-04-01 05:25:00,3,0.2,3,-306.86,-2.6253783724125657
156,4,2026-06-04 18:47:00,3,0.4,3,-303.99,-2.9592803260766933
154,4,2026-06-04 10:17:00,3,0.2,3,-294.2,-2.758931125188141
218,5,2026-07-13 20:13:00,3,0.3,3,-293.89,-3.0150666127718417
73,2,2026-04-08 03:48:00,23,4.9,3,-293.45,-2.5243618771032765
22,1,2026-03-13 09:56:00,3,0.2,2,-281.41,-2.935237240933318
113,3,2026-05-01 15:47:00,3,0.0,3,-273.78,-2.715230999928594
125,3,2026-05-06 16:52:00,21,4.7,3,-262.01,-2.457446529129947
226,5,2026-07-15 04:48:00,3,0.5,3,-261.14,-2.8626991852806793
238,5,2026-07-21 16:21:00,3,0.0,3,-251.9,-2.790427692031606
89,2,2026-04-21 11:24:00,2,0.2,2,-247.81,-2.4764630579187155
252,5,2026-07-29 21:06:00,6,0.5,3,-244.89,-2.6472505413086314
65,2,2026-04-06 09:10:00,2,0.1,2,-229.9,-2.035788795103481
62,2,2026-04-02 19:11:00,2,0.1,2,-229.17,-1.9357568938691319
231,5,2026-07-16 17:04:00,9,0.5,3,-221.51,-2.545576986724525
63,2,2026-04-06 02:24:00,2,0.1,2,-218.13,-1.8788744841557983
151,4,2026-06-02 10:19:00,8,0.9,3,-215.81,-2.0238992861349634
134,3,2026-05-13 05:18:00,2,0.2,2,-214.46,-1.9217638003000124
217,5,2026-07-08 19:11:00,23,4.9,3,-213.33,-2.141714797439138
185,4,2026-06-26 20:34:00,2,0.1,2,-205.22,-1.8925344394789212
46,1,2026-03-23 15:36:00,9,1.3,3,-201.41,-1.9434141408683367
17,1,2026-03-11 21:15:00,2,0.2,2,-199.85,-2.1230509043548835
78,2,2026-04-15 08:56:00,5,0.4,3,-199.16,-1.9110511068954634
112,3,2026-05-01 14:06:00,2,0.0,2,-198.7,-1.9325372356255994
208,5,2026-07-06 22:22:00,2,0.1,2,-198.57,-2.1062043772393735
71,2,2026-04-07 14:49:00,2,0.1,2,-195.88,-1.6804473414650467
81,2,2026-04-16 07:21:01,2,0.1,2,-193.43,-1.9270485164326636
165,4,2026-06-09 11:58:00,5,0.2,3,-189.6,-2.0733184905891466
10,1,2026-03-09 06:33:00,2,0.1,2,-189.36,-1.9803098469589446
206,5,2026-07-06 12:54:00,2,0.1,2,-188.34,-1.9393542487859732
7,1,2026-03-04 08:18:00,11,1.4,3,-187.57,-1.9204129753040027
11,1,2026-03-09 09:10:00,2,0.2,2,-186.72,-1.9921517415323948
197,5,2026-07-01 09:47:00,2,0.0,2,-183.2,-1.8783886870145101
116,3,2026-05-04 19:50:00,2,0.0,2,-182.67,-1.8406317416525684
36,1,2026-03-18 23:46:00,5,0.4,2,-172.89,-1.8596421407020578
96,2,2026-04-23 10:29:00,2,0.1,2,-169.74,-1.8085267336775506
230,5,2026-07-16 12:03:00,2,0.1,2,-169.72,-1.9130968000829622
4,1,2026-03-02 18:33:00,5,0.7,3,-163.79,-1.6069091501305823
6,1,2026-03-03 16:01:00,5,0.5,2,-163.6,-1.6474049847091408
32,1,2026-03-17 01:40:00,5,0.3,3,-158.87,-1.7519367022303092
35,1,2026-03-18 17:13:00,2,0.2,2,-155.0,-1.6398732536672327
101,2,2026-04-24 05:46:00,8,2.8,3,-141.13,-1.4610290456259716
58,2,2026-04-01 10:47:00,5,0.7,3,-131.95,-1.159351782212319
108,2,2026-04-29 17:20:00,4,0.7,3,-121.34,-1.1762436396665725
145,4,2026-06-01 01:53:00,10,0.6,3,-119.36,-1.1366926206402657
181,4,2026-06-19 18:29:00,4,2.4,3,-95.2,-0.9855286709131361
119,3,2026-05-05 09:45:00,4,0.3,3,-93.49,-0.9515434464213561
225,5,2026-07-14 20:55:00,4,0.3,3,-79.49,-0.8638668064966609
85,2,2026-04-17 17:24:00,4,0.3,2,-76.38,-0.820708766583679
228,5,2026-07-15 20:46:00,4,0.4,3,-74.2,-0.8214343439263675
13,1,2026-03-10 09:12:00,6,0.3,3,-46.05,-0.49752426308607645
188,4,2026-06-29 04:17:00,9,1.0,3,-45.62,-0.4371666388765911
38,1,2026-03-19 18:29:00,7,0.9,3,-37.65,-0.3937563730488667
9,1,2026-03-06 04:09:00,7,2.9,3,-28.04,-0.2923824161798839
138,3,2026-05-14 08:32:00,6,0.6,3,-13.33,-0.1258390053715223
167,4,2026-06-10 04:51:00,5,0.8,3,-13.06,-0.14416077127116483
140,3,2026-05-15 03:29:00,3,0.2,2,-1.63,-0.015546981930210358
25,1,2026-03-13 18:15:00,3,2.3,2,-1.09,-0.011593438326630652
201,5,2026-07-02 17:54:00,3,0.4,2,-1.02,-0.009853634880321632
54,1,2026-03-31 03:50:00,5,0.7,2,1.85,0.015693273693238138
109,2,2026-04-30 10:15:00,6,0.6,3,2.46,0.02413054033772948
215,5,2026-07-08 05:18:00,3,0.2,2,2.59,0.027042406460942553
8,1,2026-03-05 21:21:00,3,0.3,2,10.58,0.11044302476095019
152,4,2026-06-03 09:34:00,9,0.9,3,12.34,0.11811698175695651
251,5,2026-07-29 17:10:00,3,0.1,3,15.23,0.16490715175139412
193,4,2026-06-30 17:15:00,3,0.3,3,16.88,0.17354899469071675
233,5,2026-07-17 20:19:00,3,2.2,2,18.38,0.20745600025283006
115,3,2026-05-04 13:30:00,3,0.2,2,30.48,0.30807078755143347
12,1,2026-03-09 17:04:00,5,0.5,3,69.77,0.7595204037421919
19,1,2026-03-12 11:52:00,2,0.2,2,72.75,0.7964049568682404
132,3,2026-05-12 08:12:00,5,0.4,3,78.35,0.720879371625047
176,4,2026-06-18 17:01:00,2,0.4,2,81.58,0.8732568047235939
76,2,2026-04-14 09:45:00,5,0.4,3,82.39,0.7659981963387533
239,5,2026-07-21 18:35:00,2,0.4,2,83.97,0.9568805488986811
59,2,2026-04-02 08:00:00,2,0.0,2,84.29,0.7492837402139313
114,3,2026-05-01 17:38:00,8,2.8,3,84.49,0.8613219645766175
253,5,2026-07-30 13:19:00,2,0.2,2,84.67,0.9401677133948637
174,4,2026-06-18 05:35:00,2,0.1,2,87.26,0.9339992421825998
69,2,2026-04-07 02:43:00,2,0.1,2,88.45,0.7849363220963348
248,5,2026-07-27 19:53:00,5,0.4,2,92.24,0.9317981157959171
213,5,2026-07-07 19:22:00,2,0.1,2,92.74,0.9687835258747937
27,1,2026-03-16 15:17:00,2,0.0,2,95.8,1.0564063657856666
90,2,2026-04-21 16:37:00,2,0.0,2,98.46,1.0089355248596137
158,4,2026-06-05 18:37:00,2,2.4,2,99.5,1.038204896779478
68,2,2026-04-06 21:36:00,2,0.1,2,100.04,0.8957423585673493
93,2,2026-04-22 11:22:00,5,0.3,3,104.33,1.1041602064175278
51,1,2026-03-30 15:26:00,2,0.1,2,110.86,0.9505118239521091
75,2,2026-04-14 06:03:00,2,0.1,2,112.77,1.0595567281429428
142,3,2026-05-27 16:21:00,8,1.0,3,119.65,1.2328505999392079
246,5,2026-07-24 16:51:00,2,2.3,2,126.95,1.2450668089413353
242,5,2026-07-23 17:45:00,4,0.5,3,175.48,1.856886022879866
106,2,2026-04-28 18:40:00,4,0.8,3,192.99,1.9448383030053844
20,1,2026-03-12 21:25:00,4,0.3,3,193.99,2.106857958957595
107,2,2026-04-29 14:51:00,4,0.1,3,199.71,1.9741641607800569
177,4,2026-06-19 03:13:00,3,0.1,2,244.4,2.5934831837446755
199,5,2026-07-01 10:53:00,3,0.1,3,280.18,2.956707836995889
45,1,2026-03-23 11:42:00,2,0.1,2,291.53,2.8944052882243083
70,2,2026-04-07 08:40:00,3,0.1,3,299.54,2.637520163988701
135,3,2026-05-13 10:42:00,3,0.3,3,300.61,2.7465308613550565
61,2,2026-04-02 11:48:00,3,0.1,3,304.6,2.6408465968105235
49,1,2026-03-26 23:17:00,2,0.4,2,322.26,3.2620017187609123
212,5,2026-07-07 13:22:00,2,0.1,2,345.99,3.749821173879681
52,1,2026-03-30 17:51:00,3,0.2,3,350.71,2.978669191994259
88,2,2026-04-20 07:00:00,8,1.0,3,355.22,3.680506123988357
15,1,2026-03-11 04:06:00,5,0.5,3,367.43,4.023323295921161
33,1,2026-03-17 09:17:00,7,1.2,3,367.69,4.1269987361634595
232,5,2026-07-17 06:51:00,4,0.4,3,379.46,4.474632233719525
216,5,2026-07-08 16:45:00,2,0.0,2,380.57,3.97248891978614
150,4,2026-06-02 05:20:00,2,0.1,2,381.86,3.7141506552724293
120,3,2026-05-05 17:55:00,2,0.1,2,387.27,3.979510049734885
235,5,2026-07-20 05:07:00,16,1.2,3,411.59,4.679791473612998
102,2,2026-04-27 05:50:00,12,1.1,3,413.03,4.339234123023586
37,1,2026-03-19 11:27:00,3,0.2,2,437.69,4.797096906421046
254,5,2026-07-30 18:24:00,9,1.2,3,439.33,4.8328421617709
171,4,2026-06-12 04:52:00,5,2.8,3,451.39,4.821115973157517
40,1,2026-03-20 20:46:00,3,0.0,3,459.13,4.857516173911203
170,4,2026-06-11 06:57:00,7,0.6,3,470.33,5.289099504747856
143,3,2026-05-28 19:34:00,9,0.9,3,494.85,5.036743750508916
123,3,2026-05-06 04:27:00,6,0.4,3,524.25,5.280269769662396
200,5,2026-07-01 14:22:00,6,1.0,3,595.25,6.101210914838267
184,4,2026-06-24 21:23:00,13,1.9,3,662.77,6.509941665217873
241,5,2026-07-22 20:11:00,7,0.8,3,676.02,7.70462525970999
126,3,2026-05-11 09:34:00,5,0.3,3,680.78,6.546043364003588
182,4,2026-06-22 05:27:00,22,2.4,3,709.12,7.414013564616988
50,1,2026-03-27 09:57:00,14,3.2,3,1461.72,14.328523242238619
