setup_id,dir,open_time,intended_entry,fill_price,sl,tp,planned_rr,realized_r,gross_profit,commission,swap,net,exit_kind,reason,position_id,volume,close_time,ref_pivot_id,ob_time,fold,month,deposit,run_id,balance_before,risk_pct,concurrent,open_risk_pct,cluster,shared_structure
700,S,2026-03-02 04:18:00,5329.48,5329.48,5343.58,5301.28,1.9999999999999356,-1.0028368794325984,-98.98,0.0,0.0,-98.98,sl,filled,2,0.07,2026-03-02 04:41:30,5435.0,1772421000,1,2026-03,10000.0,nv1_f1_oos_baseline_b,10000.0,0.9870000000000255,0,0.9870000000000255,0,False
730,L,2026-03-03 05:12:00,5367.68,5367.68,5330.29,5442.46,1.9999999999999756,-1.0090933404653561,-75.46,0.0,0.0,-75.46,sl,filled,4,0.02,2026-03-03 07:48:40,5703.0,1772502000,1,2026-03,10000.0,nv1_f1_oos_baseline_b,9901.02,0.7552757190673349,0,0.7552757190673349,1,False
770,S,2026-03-04 08:18:00,5146.31,5146.31,5166.82,5105.29,2.000000000000089,-1.0214529497806293,-83.8,0.0,0.0,-83.8,sl,filled,6,0.04,2026-03-04 09:02:20,5983.0,1772608200,1,2026-03,10000.0,nv1_f1_oos_baseline_b,9825.56,0.8349651317583653,0,0.8349651317583653,2,False
774,L,2026-03-04 11:35:00,5173.67,5173.67,5156.98,5207.05,1.9999999999999456,-1.0137807070101545,-84.6,0.0,0.0,-84.6,sl,filled,8,0.05,2026-03-04 14:41:45,6019.0,1772619900,1,2026-03,10000.0,nv1_f1_oos_baseline_b,9741.76,0.85662139079594,0,0.85662139079594,3,False
781,S,2026-03-04 17:03:00,5159.42,5159.42,5206.45,5065.36,2.0000000000000195,2.026791409738476,188.58,0.0,2.06,190.64000000000001,tp,filled,10,0.02,2026-03-05 17:08:55,6074.0,1772632800,1,2026-03,10000.0,nv1_f1_oos_baseline_b,9657.16,0.9739923538597216,0,0.9739923538597216,4,False
800,S,2026-03-05 06:16:00,5182.13,5182.13,5194.09,5158.21,2.0,2.0008361204013316,191.44,0.0,0.0,191.44,tp,filled,11,0.08,2026-03-05 07:51:20,6218.0,1772686800,1,2026-03,10000.0,nv1_f1_oos_baseline_b,9657.16,0.9907674720104077,1,1.9647598258701293,4,False
822,S,2026-03-05 21:26:00,5065.1,5065.1,5085.9,5023.5,2.0000000000000875,-1.0014423076923427,-83.32,0.0,0.0,-83.32,sl,filled,14,0.04,2026-03-05 22:16:20,6395.0,1772743200,1,2026-03,10000.0,nv1_f1_oos_baseline_b,10039.24,0.8287479928759257,0,0.8287479928759257,5,False
826,L,2026-03-06 04:17:00,5134.09,5134.09,5061.6,5279.07,2.0,-1.0108980549041278,-72.49,0.0,-0.79,-73.28,sl,filled,16,0.01,2026-03-09 02:42:56,6459.0,1772748300,1,2026-03,10000.0,nv1_f1_oos_baseline_b,9955.92,0.7281095067055559,0,0.7281095067055559,6,True
828,L,2026-03-06 04:21:00,5131.19,5131.19,5072.55,5248.47,2.000000000000031,-1.0163710777626296,-59.6,0.0,0.0,-59.6,sl,filled,17,0.01,2026-03-06 13:55:57,6459.0,1772754000,1,2026-03,10000.0,nv1_f1_oos_baseline_b,9955.92,0.5889962956713134,1,1.3171058023768691,6,True
842,L,2026-03-06 15:53:00,5109.96,5109.96,5062.75,5204.38,2.0,-1.018322389324295,-94.56,0.0,-1.59,-96.15,sl,filled,19,0.02,2026-03-09 02:42:55,6594.0,1772805300,1,2026-03,10000.0,nv1_f1_oos_baseline_b,9896.32,0.9540920261268843,1,1.68220153283244,6,False
867,L,2026-03-09 09:21:00,5128.75,5128.75,5085.08,5216.09,2.0,-0.9999999999999983,-87.34,0.0,0.0,-87.34,sl,filled,22,0.02,2026-03-09 13:51:19,6778.0,1773042600,1,2026-03,10000.0,nv1_f1_oos_baseline_b,9726.89,0.8979231799681106,0,0.8979231799681106,7,False
871,L,2026-03-09 13:08:00,5107.91,5107.91,5095.08,5133.57,2.0,-1.0420888542478624,-93.59,0.0,0.0,-93.59,sl,filled,23,0.07,2026-03-09 13:30:29,6827.0,1773057600,1,2026-03,10000.0,nv1_f1_oos_baseline_b,9726.89,0.9233167024609048,1,1.8212398824290155,7,False
875,S,2026-03-09 17:04:00,5082.59,5082.59,5110.82,5026.13,2.0000000000000324,-1.0024796315976068,-84.9,0.0,0.0,-84.9,sl,filled,26,0.03,2026-03-09 17:44:20,6872.0,1773070500,1,2026-03,10000.0,nv1_f1_oos_baseline_b,9545.96,0.8871815930508685,0,0.8871815930508685,8,False
968,S,2026-03-12 12:00:00,5178.14,5178.14,5184.88,5164.66,2.000000000000135,-1.0074183976261453,-95.06,0.0,0.0,-95.06,sl,filled,28,0.14,2026-03-12 12:31:35,7582.0,1773314100,1,2026-03,10000.0,nv1_f1_oos_baseline_b,9461.06,0.9973512481687776,0,0.9973512481687776,9,True
950,S,2026-03-12 12:04:00,5177.55,5177.55,5193.93,5144.79,2.0,2.0219780219780086,165.6,0.0,0.0,165.6,tp,filled,29,0.05,2026-03-12 17:33:44,7582.0,1773251400,1,2026-03,10000.0,nv1_f1_oos_baseline_b,9461.06,0.8656535314224891,1,1.8630047795912668,9,True
987,L,2026-03-13 03:28:00,5106.39,5106.39,5078.7,5161.77,1.9999999999999671,-1.0010834236186166,-83.16,0.0,0.0,-83.16,sl,filled,32,0.03,2026-03-13 10:18:51,7741.0,1773363900,1,2026-03,10000.0,nv1_f1_oos_baseline_b,9531.6,0.8715220949263661,0,0.8715220949263661,10,False
1012,S,2026-03-13 18:52:00,5049.17,5049.17,5112.87,4921.77,2.0,2.0160125588697073,127.4,0.0,1.02,128.42000000000002,tp,filled,34,0.01,2026-03-18 15:02:40,7910.0,1773420000,1,2026-03,10000.0,nv1_f1_oos_baseline_b,9448.44,0.6741853681665949,0,0.6741853681665949,11,False
1027,L,2026-03-16 05:15:00,5015.54,5015.54,4971.85,5102.92,2.000000000000021,-1.0011444266422616,-87.48,0.0,0.0,-87.48,sl,filled,35,0.02,2026-03-16 13:01:07,8020.0,1773629100,1,2026-03,10000.0,nv1_f1_oos_baseline_b,9448.44,0.9248087514975932,1,1.5989941196641881,11,False
1044,L,2026-03-16 15:40:00,5023.7,5023.7,4995.7,5079.7,2.0,-1.0160714285714285,-85.35,0.0,0.0,-85.35,sl,filled,37,0.03,2026-03-16 17:47:44,8135.0,1773669600,1,2026-03,10000.0,nv1_f1_oos_baseline_b,9360.96,0.8973438621679829,1,1.5715292303345778,11,False
1048,L,2026-03-16 16:47:00,5029.89,5029.89,5013.7,5062.27,1.9999999999999438,-1.0135886349598198,-82.05,0.0,0.0,-82.05,sl,filled,38,0.05,2026-03-16 17:30:05,8148.0,1773676800,1,2026-03,10000.0,nv1_f1_oos_baseline_b,9360.96,0.8647617338392916,2,2.4362909641738693,11,False
1063,S,2026-03-17 01:40:00,5001.48,5001.48,5016.89,4970.66,1.9999999999998819,-1.0116807268007286,-77.95,0.0,0.0,-77.95,sl,filled,41,0.05,2026-03-17 04:36:42,8226.0,1773703200,1,2026-03,10000.0,nv1_f1_oos_baseline_b,9193.56,0.8380866606625053,1,1.5122720288291003,11,True
1062,S,2026-03-17 01:44:00,5001.87,5001.87,5021.05,4963.51,1.9999999999999525,-1.0026068821689107,-76.92,0.0,0.0,-76.92,sl,filled,42,0.04,2026-03-17 04:49:21,8226.0,1773702300,1,2026-03,10000.0,nv1_f1_oos_baseline_b,9193.56,0.8344971915123323,2,2.3467692203414323,11,True
1074,S,2026-03-17 09:17:00,5010.71,5010.71,5041.22,4949.69,2.0,2.0162241887905457,122.34,0.0,0.69,123.03,tp,filled,45,0.02,2026-03-18 14:27:30,8311.0,1773735000,1,2026-03,10000.0,nv1_f1_oos_baseline_b,9038.69,0.6750978294421032,1,1.349283197608698,11,False
1090,S,2026-03-17 18:55:00,4995.28,4995.28,5019.49,4946.86,2.0,2.017898939832022,145.53,0.0,1.03,146.56,tp,filled,46,0.03,2026-03-18 14:27:34,8421.0,1773769500,1,2026-03,10000.0,nv1_f1_oos_baseline_b,9038.69,0.8035456465483395,2,2.1528288441570376,11,False
1131,L,2026-03-18 20:07:00,4888.4,4888.4,4875.56,4914.08,2.0000000000001417,-1.0054517133956984,-90.37,0.0,0.0,-90.37,sl,filled,50,0.07,2026-03-18 21:33:26,8696.0,1773862200,1,2026-03,10000.0,nv1_f1_oos_baseline_b,9436.7,0.9524515985460453,0,0.9524515985460453,12,False
1138,S,2026-03-18 23:46:00,4820.39,4820.39,4857.42,4746.33,2.0000000000000244,-0.9746151768836145,-74.24,0.0,2.06,-72.17999999999999,sl,filled,52,0.02,2026-03-19 04:37:14,8735.0,1773873000,1,2026-03,10000.0,nv1_f1_oos_baseline_b,9346.33,0.7923965877515504,0,0.7923965877515504,13,False
1140,L,2026-03-19 02:03:00,4834.29,4834.29,4808.77,4885.33,2.0000000000000355,-1.0250783699059753,-78.48,0.0,0.0,-78.48,sl,filled,53,0.03,2026-03-19 09:34:49,8750.0,1773876300,1,2026-03,10000.0,nv1_f1_oos_baseline_b,9346.33,0.8191450547968943,1,1.6115416425484446,13,False
1147,S,2026-03-19 07:23:00,4850.04,4850.04,4860.85,4828.42,1.9999999999999158,2.0508788159111178,177.36,0.0,0.0,177.36,tp,filled,55,0.08,2026-03-19 08:56:35,8807.0,1773901500,1,2026-03,10000.0,nv1_f1_oos_baseline_b,9274.15,0.9324843786223341,1,1.7516294334192284,13,False
1154,S,2026-03-19 11:27:00,4725.29,4725.29,4740.75,4694.37,2.0,2.1015523932729576,194.94,0.0,0.0,194.94,tp,filled,58,0.06,2026-03-19 11:42:22,8847.0,1773918000,1,2026-03,10000.0,nv1_f1_oos_baseline_b,9373.03,0.9896479580242484,0,0.9896479580242484,14,True
1151,S,2026-03-19 11:28:00,4722.78,4722.78,4783.46,4601.42,1.999999999999985,2.0105471324983424,122.0,0.0,0.0,122.0,tp,filled,59,0.01,2026-03-19 15:30:22,8847.0,1773914700,1,2026-03,10000.0,nv1_f1_oos_baseline_b,9373.03,0.6473893714199175,1,1.637037329444166,14,True
1190,L,2026-03-20 06:34:00,4731.34,4731.34,4672.23,4849.56,1.9999999999999847,-1.0023684655726512,-59.25,0.0,0.0,-59.25,sl,filled,62,0.01,2026-03-20 09:38:18,9047.0,1773982800,1,2026-03,10000.0,nv1_f1_oos_baseline_b,9689.97,0.6100122085001355,0,0.6100122085001355,15,True
1188,L,2026-03-20 06:40:00,4732.08,4732.08,4671.68,4852.88,2.000000000000015,-1.0009933774834496,-60.46,0.0,0.0,-60.46,sl,filled,63,0.01,2026-03-20 09:38:19,9047.0,1773981300,1,2026-03,10000.0,nv1_f1_oos_baseline_b,9689.97,0.6233249432144748,1,1.2333371517146103,15,True
1186,L,2026-03-20 06:41:00,4734.2,4734.2,4646.83,4908.94,2.0,-1.000114455762849,-87.38,0.0,0.0,-87.38,sl,filled,64,0.01,2026-03-20 13:21:56,9047.0,1773978900,1,2026-03,10000.0,nv1_f1_oos_baseline_b,9689.97,0.9016539782888895,2,2.1349911300035,15,True
1251,L,2026-03-23 17:12:00,4463.29,4463.29,4404.83,4580.21,2.0,-1.0023947998631537,-58.6,0.0,0.0,-58.6,sl,filled,68,0.01,2026-03-23 18:45:50,9415.0,1774283100,1,2026-03,10000.0,nv1_f1_oos_baseline_b,9482.88,0.6164793817911862,0,0.6164793817911862,16,False
1278,L,2026-03-24 07:52:00,4347.37,4347.37,4329.94,4382.23,1.9999999999999478,-1.002868617326432,-87.4,0.0,0.0,-87.4,sl,filled,70,0.05,2026-03-24 08:03:45,9572.0,1774336500,1,2026-03,10000.0,nv1_f1_oos_baseline_b,9424.28,0.9247390782107647,0,0.9247390782107647,17,False
1280,L,2026-03-24 08:54:00,4359.37,4359.37,4319.66,4438.79,2.0,2.0093175522538385,159.58,0.0,0.0,159.58,tp,filled,72,0.02,2026-03-24 13:57:46,9585.0,1774339500,1,2026-03,10000.0,nv1_f1_oos_baseline_b,9336.88,0.8506053413988407,0,0.8506053413988407,18,False
1310,L,2026-03-25 01:20:00,4483.75,4483.75,4447.86,4555.53,1.9999999999999747,2.001671774867633,143.68,0.0,0.0,143.68,tp,filled,74,0.02,2026-03-25 03:27:54,9764.0,1774395600,1,2026-03,10000.0,nv1_f1_oos_baseline_b,9496.46,0.7558606048990957,0,0.7558606048990957,19,False
1317,S,2026-03-25 06:13:00,4575.69,4575.69,4601.44,4524.19,2.0,2.0,154.5,0.0,0.0,154.5,tp,filled,76,0.03,2026-03-25 15:31:44,9820.0,1774414200,1,2026-03,10000.0,nv1_f1_oos_baseline_b,9640.14,0.801336910044875,0,0.801336910044875,20,False
1329,L,2026-03-25 14:44:00,4583.94,4583.94,4551.41,4649.0,2.000000000000028,-1.03658161696896,-67.44,0.0,0.0,-67.44,sl,filled,77,0.02,2026-03-25 15:28:23,9923.0,1774446000,1,2026-03,10000.0,nv1_f1_oos_baseline_b,9640.14,0.6748864643044551,1,1.47622337434933,20,True
1328,L,2026-03-25 14:47:00,4582.49,4582.49,4527.5,4692.47,2.0000000000000164,-1.0572831423895295,-58.14,0.0,0.0,-58.14,sl,filled,78,0.01,2026-03-25 15:31:43,9923.0,1774442700,1,2026-03,10000.0,nv1_f1_oos_baseline_b,9640.14,0.5704274004319417,2,2.0466507747812717,20,True
1332,S,2026-03-25 15:45:00,4547.38,4547.38,4585.2,4471.74,2.000000000000024,2.0274986779481914,151.3,0.0,2.06,153.36,tp,filled,82,0.02,2026-03-26 08:47:24,9938.0,1774449600,1,2026-03,10000.0,nv1_f1_oos_baseline_b,9669.06,0.782289074635998,0,0.782289074635998,21,False
1347,S,2026-03-26 02:57:00,4494.85,4494.85,4514.88,4454.79,2.0000000000000453,-1.0239640539191344,-82.04,0.0,0.0,-82.04,sl,filled,83,0.04,2026-03-26 03:05:35,10041.0,1774491000,1,2026-03,10000.0,nv1_f1_oos_baseline_b,9669.06,0.8286224307223141,1,1.610911505358312,21,False
1356,S,2026-03-26 15:17:00,4440.6,4440.6,4459.63,4402.54,2.000000000000048,-1.0068313189700606,-95.8,0.0,0.0,-95.8,sl,filled,86,0.05,2026-03-26 16:45:24,10184.0,1774522800,1,2026-03,10000.0,nv1_f1_oos_baseline_b,9740.38,0.9768612723528112,0,0.9768612723528112,22,False
1388,S,2026-03-27 10:01:00,4459.52,4459.52,4475.03,4428.5,2.0000000000001172,2.005802707930457,186.66,0.0,0.0,186.66,tp,filled,88,0.06,2026-03-27 11:54:27,10403.0,1774600500,1,2026-03,10000.0,nv1_f1_oos_baseline_b,9644.58,0.9648942722233198,0,0.9648942722233198,23,False
1389,S,2026-03-27 10:22:00,4453.39,4453.39,4468.9,4422.37,2.0000000000001172,2.0006447453256855,186.18,0.0,0.0,186.18,tp,filled,89,0.06,2026-03-27 12:10:06,10405.0,1774604100,1,2026-03,10000.0,nv1_f1_oos_baseline_b,9644.58,0.9648942722233198,1,1.9297885444466396,23,False
1391,S,2026-03-27 11:45:00,4434.96,4434.96,4457.28,4390.32,2.000000000000041,-1.0076164874552103,-89.96,0.0,0.0,-89.96,sl,filled,90,0.04,2026-03-27 17:03:46,10424.0,1774606800,1,2026-03,10000.0,nv1_f1_oos_baseline_b,9644.58,0.9257012747055738,2,2.8554898191522136,23,False
1394,L,2026-03-27 14:53:00,4421.19,4421.19,4407.58,4448.41,2.0000000000000666,2.000734753857506,190.61,0.0,0.0,190.61,tp,filled,93,0.07,2026-03-27 17:03:17,10466.0,1774620900,1,2026-03,10000.0,nv1_f1_oos_baseline_b,10017.42,0.9510432826016849,1,1.8767445573072588,23,False
1407,S,2026-03-27 23:16:00,4509.09,4509.09,4523.36,4480.55,2.000000000000064,2.030433476824574,200.41,0.0,2.41,202.82,tp,filled,96,0.07,2026-03-30 01:01:04,10559.0,1774650300,1,2026-03,10000.0,nv1_f1_oos_baseline_b,10118.07,0.9872436146418904,0,0.9872436146418904,24,False
1412,L,2026-03-30 04:53:00,4468.11,4468.11,4419.89,4564.55,2.0000000000000377,2.0004147656574305,192.92,0.0,0.0,192.92,tp,filled,98,0.02,2026-03-30 14:44:59,10607.0,1774840200,1,2026-03,10000.0,nv1_f1_oos_baseline_b,10320.89,0.9344155397451063,0,0.9344155397451063,25,False
1415,L,2026-03-30 05:59:00,4482.93,4482.93,4445.4,4557.99,1.9999999999999516,2.0119904076738258,151.02,0.0,0.0,151.02,tp,filled,99,0.02,2026-03-30 14:44:51,10619.0,1774844700,1,2026-03,10000.0,nv1_f1_oos_baseline_b,10320.89,0.7272628620206331,1,1.6616784017657393,25,False
1433,S,2026-03-30 16:21:00,4564.53,4564.53,4578.31,4536.97,1.999999999999868,2.0021770682147086,193.13,0.0,0.0,193.13,tp,filled,102,0.07,2026-03-30 16:48:21,10729.0,1774885200,1,2026-03,10000.0,nv1_f1_oos_baseline_b,10664.83,0.9044682381247952,0,0.9044682381247952,26,False
1443,S,2026-03-30 23:35:00,4504.24,4504.24,4519.21,4474.3,1.9999999999999392,-1.00973375322071,-108.22,0.0,2.41,-105.81,sl,filled,104,0.07,2026-03-31 01:03:02,10816.0,1774907100,1,2026-03,10000.0,nv1_f1_oos_baseline_b,10857.96,0.9650984162771072,0,0.9650984162771072,27,False
1457,L,2026-03-31 07:16:00,4559.65,4559.65,4550.58,4577.79,2.0000000000001004,-1.0022050716648612,-99.99,0.0,0.0,-99.99,sl,filled,106,0.11,2026-03-31 08:13:27,10885.0,1774939200,1,2026-03,10000.0,nv1_f1_oos_baseline_b,10752.15,0.9279074417674307,0,0.9279074417674307,28,False
1475,L,2026-03-31 21:33:00,4663.11,4663.11,4607.71,4773.91,2.0000000000000164,0.09151624548736523,5.07,0.0,0.0,5.07,end,filled,108,0.01,2026-03-31 23:57:59,11041.0,1774981500,1,2026-03,10000.0,nv1_f1_oos_baseline_b,10652.16,0.5200823119442408,0,0.5200823119442408,29,False
790,S,2026-04-01 06:47:00,4685.83,4685.83,4698.07,4661.35,2.0,-1.0114379084967502,-99.04,0.0,0.0,-99.04,sl,filled,2,0.08,2026-04-01 08:37:47,5733.0,1775020500,2,2026-04,10657.23,nv1_f2_oos_baseline_b,10657.23,0.918812862254059,0,0.918812862254059,30,False
831,L,2026-04-02 08:16:00,4671.64,4671.64,4658.17,4698.58,1.9999999999999325,-1.0081662954713988,-95.06,0.0,0.0,-95.06,sl,filled,4,0.07,2026-04-02 08:33:24,5993.0,1775115600,2,2026-04,10657.23,nv1_f2_oos_baseline_b,10558.189999999999,0.8930507975325488,0,0.8930507975325488,31,False
835,L,2026-04-02 11:01:00,4647.37,4647.37,4581.53,4779.05,2.0,-1.0124544349939224,-66.66,0.0,0.0,-66.66,sl,filled,6,0.01,2026-04-02 16:00:47,6020.0,1775122800,2,2026-04,10657.23,nv1_f2_oos_baseline_b,10463.13,0.6292572107963884,0,0.6292572107963884,32,False
861,S,2026-04-06 04:59:00,4625.16,4625.16,4643.23,4589.02,2.0,-1.0016602102933199,-90.5,0.0,0.0,-90.5,sl,filled,8,0.05,2026-04-06 05:16:42,6214.0,1775448600,2,2026-04,10657.23,nv1_f2_oos_baseline_b,10396.47,0.8690449739190182,0,0.8690449739190182,33,False
883,L,2026-04-06 19:24:00,4668.76,4668.76,4651.89,4702.5,2.0,-1.0237107291049268,-103.62,0.0,0.0,-103.62,sl,filled,10,0.06,2026-04-06 20:12:58,6375.0,1775500500,2,2026-04,10657.23,nv1_f2_oos_baseline_b,10305.97,0.9821491814938268,0,0.9821491814938268,34,False
888,L,2026-04-06 22:59:00,4655.44,4655.44,4646.34,4673.64,2.0000000000002,-1.597202797202893,-151.14,0.0,-8.74,-159.88,sl,filled,12,0.11,2026-04-07 04:00:03,6419.0,1775514000,2,2026-04,10657.23,nv1_f2_oos_baseline_b,10202.35,0.9811465005610864,0,0.9811465005610864,35,False
900,L,2026-04-07 09:05:00,4645.85,4645.85,4626.44,4684.67,1.9999999999999063,2.0082431736217656,194.9,0.0,0.0,194.9,tp,filled,14,0.05,2026-04-07 11:22:05,6539.0,1775539200,2,2026-04,10657.23,nv1_f2_oos_baseline_b,10042.47,0.9663957173882902,0,0.9663957173882902,36,False
912,L,2026-04-07 14:54:00,4659.63,4659.63,4628.74,4721.41,1.9999999999999705,-1.0009711880867491,-92.76,0.0,0.0,-92.76,sl,filled,16,0.03,2026-04-07 17:03:08,6603.0,1775571000,2,2026-04,10657.23,nv1_f2_oos_baseline_b,10237.369999999999,0.9052129599692205,0,0.9052129599692205,37,False
942,S,2026-04-08 11:57:00,4795.54,4795.54,4821.68,4743.26,1.9999999999999651,2.011476664116272,157.74,0.0,0.0,157.74,tp,filled,18,0.03,2026-04-08 17:56:11,6840.0,1775643900,2,2026-04,10657.23,nv1_f2_oos_baseline_b,10144.609999999999,0.7730213384250453,0,0.7730213384250453,38,False
929,L,2026-04-08 13:10:00,4788.21,4788.21,4769.83,4824.97,2.0,-1.0261153427638676,-94.3,0.0,0.0,-94.3,sl,filled,19,0.05,2026-04-08 15:22:14,6856.0,1775612400,2,2026-04,10657.23,nv1_f2_oos_baseline_b,10144.609999999999,0.9058997832346493,1,1.6789211216596946,38,False
952,S,2026-04-08 16:52:00,4776.71,4776.71,4807.09,4715.95,2.0,2.0013166556945285,182.4,0.0,0.0,182.4,tp,filled,21,0.03,2026-04-08 21:38:53,6889.0,1775664000,2,2026-04,10657.23,nv1_f2_oos_baseline_b,10050.31,0.9068376995336495,1,1.6798590379586948,38,False
960,S,2026-04-09 14:15:00,4739.2,4739.2,4754.19,4709.22,2.0,-1.0140093395597212,-91.2,0.0,0.0,-91.2,sl,filled,24,0.06,2026-04-09 14:45:31,7122.0,1775679900,2,2026-04,10657.23,nv1_f2_oos_baseline_b,10390.449999999999,0.8656025484940374,0,0.8656025484940374,39,False
1003,S,2026-04-09 22:44:00,4772.59,4772.59,4782.3,4753.17,2.0,2.0457260556127626,195.2,0.0,3.44,198.64,tp,filled,26,0.1,2026-04-10 03:07:01,7216.0,1775772300,2,2026-04,10657.23,nv1_f2_oos_baseline_b,10299.25,0.9427870961477813,0,0.9427870961477813,40,False
999,L,2026-04-10 01:13:00,4771.96,4771.96,4761.27,4793.34,2.0000000000000853,-1.0028063610851639,-96.48,0.0,0.0,-96.48,sl,filled,27,0.09,2026-04-10 01:35:48,7233.0,1775757900,2,2026-04,10657.23,nv1_f2_oos_baseline_b,10299.25,0.9341456902201266,1,1.876932786367908,40,False
1009,L,2026-04-10 04:15:00,4760.93,4760.93,4750.71,4781.37,1.999999999999911,-1.0244618395303071,-104.7,0.0,0.0,-104.7,sl,filled,30,0.1,2026-04-10 05:13:56,7272.0,1775791500,2,2026-04,10657.23,nv1_f2_oos_baseline_b,10401.41,0.9825590953534431,0,0.9825590953534431,41,False
1012,S,2026-04-10 08:12:00,4759.14,4759.14,4777.5,4722.42,2.0000000000000497,-1.0010893246187542,-91.9,0.0,0.0,-91.9,sl,filled,32,0.05,2026-04-10 15:30:20,7310.0,1775795700,2,2026-04,10657.23,nv1_f2_oos_baseline_b,10296.71,0.8915469115863066,0,0.8915469115863066,42,False
1023,L,2026-04-10 12:42:00,4749.92,4749.92,4732.81,4784.14,2.0000000000000533,2.0368205727645043,209.1,0.0,0.0,209.1,tp,filled,33,0.06,2026-04-10 17:15:42,7362.0,1775821500,2,2026-04,10657.23,nv1_f2_oos_baseline_b,10296.71,0.9970174939373648,1,1.8885644055236714,42,False
1047,S,2026-04-13 01:20:00,4668.82,4668.82,4754.97,4496.52,1.999999999999979,-0.9980266976204231,-86.32,0.0,0.34,-85.97999999999999,sl,filled,36,0.01,2026-04-14 01:52:59,7488.0,1775862300,2,2026-04,10657.23,nv1_f2_oos_baseline_b,10413.91,0.8272589258021296,0,0.8272589258021296,43,False
1074,S,2026-04-13 18:20:00,4706.75,4706.75,4723.11,4674.03,2.0000000000000555,-1.001833740831316,-98.34,0.0,0.0,-98.34,sl,filled,37,0.06,2026-04-13 19:17:04,7687.0,1776102000,2,2026-04,10657.23,nv1_f2_oos_baseline_b,10413.91,0.9425854458123608,1,1.7698443716144903,43,False
1082,L,2026-04-13 22:48:00,4740.83,4740.83,4731.08,4760.33,2.0,1.9471794871794872,197.8,0.0,-7.95,189.85000000000002,tp,filled,39,0.1,2026-04-14 02:00:20,7737.0,1776116100,2,2026-04,10657.23,nv1_f2_oos_baseline_b,10315.57,0.9451731702659185,1,1.772432096068048,43,False
1092,L,2026-04-14 06:03:00,4773.16,4773.16,4761.65,4796.18,2.0,-1.0034752389226569,-103.95,0.0,0.0,-103.95,sl,filled,42,0.09,2026-04-14 08:27:06,7804.0,1776142500,2,2026-04,10657.23,nv1_f2_oos_baseline_b,10419.439999999999,0.9941993043772216,0,0.9941993043772216,44,False
1130,S,2026-04-15 09:18:00,4817.76,4817.76,4828.3,4796.68,2.0,2.0313092979127205,192.69,0.0,0.0,192.69,tp,filled,44,0.09,2026-04-15 12:11:36,8099.0,1776241800,2,2026-04,10657.23,nv1_f2_oos_baseline_b,10315.49,0.9195879206901434,0,0.9195879206901434,45,False
1132,S,2026-04-15 11:36:00,4807.87,4807.87,4816.28,4791.05,2.0,-1.002378121284203,-101.16,0.0,0.0,-101.16,sl,filled,45,0.12,2026-04-15 11:56:50,8123.0,1776249300,2,2026-04,10657.23,nv1_f2_oos_baseline_b,10315.49,0.9783345240991775,1,1.8979224447893208,45,True
1131,S,2026-04-15 11:38:00,4808.74,4808.74,4822.51,4781.2,1.999999999999934,-1.000726216412459,-96.46,0.0,0.0,-96.46,sl,filled,46,0.07,2026-04-15 16:38:25,8123.0,1776246300,2,2026-04,10657.23,nv1_f2_oos_baseline_b,10315.49,0.9344199839271141,2,2.832342428716435,45,True
1154,L,2026-04-16 07:35:00,4827.84,4827.84,4818.89,4845.74,2.0,-1.023463687150859,-100.76,0.0,0.0,-100.76,sl,filled,50,0.11,2026-04-16 09:21:52,8345.0,1776321300,2,2026-04,10657.23,nv1_f2_oos_baseline_b,10310.56,0.9548462935087716,0,0.9548462935087716,46,False
1155,L,2026-04-16 07:52:00,4830.05,4830.05,4823.12,4843.91,1.9999999999998688,-1.0202020202019775,-98.98,0.0,0.0,-98.98,sl,filled,51,0.14,2026-04-16 08:58:53,8347.0,1776323100,2,2026-04,10657.23,nv1_f2_oos_baseline_b,10310.56,0.9409770177371944,1,1.895823311245966,46,False
1165,S,2026-04-16 17:51:00,4787.66,4787.66,4805.77,4751.44,1.9999999999999498,-1.0016565433461855,-90.7,0.0,0.0,-90.7,sl,filled,54,0.05,2026-04-16 18:06:10,8473.0,1776359400,2,2026-04,10657.23,nv1_f2_oos_baseline_b,10110.82,0.8955752352430655,0,0.8955752352430655,47,False
1188,S,2026-04-17 11:27:00,4783.38,4783.38,4795.16,4759.82,2.0000000000000773,-1.0033955857385617,-94.56,0.0,0.0,-94.56,sl,filled,56,0.08,2026-04-17 11:43:11,8670.0,1776421800,2,2026-04,10657.23,nv1_f2_oos_baseline_b,10020.119999999999,0.9405076985105765,0,0.9405076985105765,48,False
1200,L,2026-04-17 19:27:00,4871.41,4871.41,4854.7,4904.83,2.0,-1.0125673249551141,-84.6,0.0,0.0,-84.6,sl,filled,58,0.05,2026-04-17 20:24:39,8758.0,1776451200,2,2026-04,10657.23,nv1_f2_oos_baseline_b,9925.56,0.8417661068997639,0,0.8417661068997639,49,False
1223,L,2026-04-20 09:40:00,4790.64,4790.64,4779.36,4813.2,1.9999999999998388,2.0221631205672583,182.48,0.0,0.0,182.48,tp,filled,60,0.08,2026-04-20 15:17:58,8910.0,1776674400,2,2026-04,10657.23,nv1_f2_oos_baseline_b,9840.96,0.9169837089065014,0,0.9169837089065014,50,False
1274,S,2026-04-22 01:31:00,4716.72,4716.72,4734.61,4680.94,2.0000000000001017,-1.0150922302962877,-90.8,0.0,0.0,-90.8,sl,filled,62,0.05,2026-04-22 02:45:19,9342.0,1776798900,2,2026-04,10657.23,nv1_f2_oos_baseline_b,10023.439999999999,0.8924081951904448,0,0.8924081951904448,51,False
1293,S,2026-04-22 11:33:00,4755.05,4755.05,4772.73,4719.69,2.000000000000103,2.058371040724054,176.8,0.0,5.16,181.96,tp,filled,64,0.05,2026-04-23 03:07:32,9465.0,1776852300,2,2026-04,10657.23,nv1_f2_oos_baseline_b,9932.64,0.8899950063628292,0,0.8899950063628292,52,False
1301,S,2026-04-22 15:59:00,4744.08,4744.08,4760.26,4711.72,1.9999999999999438,-1.0488257107539984,-101.82,0.0,0.0,-101.82,sl,filled,65,0.06,2026-04-22 16:46:44,9514.0,1776868200,2,2026-04,10657.23,nv1_f2_oos_baseline_b,9932.64,0.9773836563089144,1,1.8673786626717437,52,False
1302,L,2026-04-22 16:57:00,4753.82,4753.82,4740.27,4780.92,2.000000000000134,-1.0095940959410135,-95.76,0.0,0.0,-95.76,sl,filled,67,0.07,2026-04-22 17:30:39,9525.0,1776874200,2,2026-04,10657.23,nv1_f2_oos_baseline_b,9830.82,0.9648228733716507,1,1.85481787973448,52,True
1284,L,2026-04-22 17:01:00,4753.85,4753.85,4735.89,4789.77,2.0,-1.0456570155901983,-93.9,0.0,0.0,-93.9,sl,filled,68,0.05,2026-04-22 17:32:30,9525.0,1776831000,2,2026-04,10657.23,nv1_f2_oos_baseline_b,9830.82,0.9134538115843867,2,2.7682716913188665,52,True
1326,S,2026-04-23 13:42:00,4692.71,4692.71,4706.88,4664.37,2.0,-0.999999999999995,-85.02,0.0,0.0,-85.02,sl,filled,72,0.06,2026-04-23 14:46:22,9760.0,1776944700,2,2026-04,10657.23,nv1_f2_oos_baseline_b,9823.119999999999,0.865509125410261,0,0.865509125410261,53,False
1331,S,2026-04-23 17:20:00,4724.11,4724.11,4743.53,4685.27,1.9999999999999531,2.071060762100919,201.1,0.0,0.0,201.1,tp,filled,74,0.05,2026-04-23 20:42:13,9805.0,1776959700,2,2026-04,10657.23,nv1_f2_oos_baseline_b,9738.1,0.9971144268389147,0,0.9971144268389147,54,False
1341,S,2026-04-23 23:26:00,4690.59,4690.59,4702.65,4666.47,2.0000000000000755,-0.9764718076285652,-96.96,0.0,2.75,-94.21,sl,filled,76,0.08,2026-04-24 03:27:30,9877.0,1776982800,2,2026-04,10657.23,nv1_f2_oos_baseline_b,9939.199999999999,0.9707018673534684,0,0.9707018673534684,55,False
1353,L,2026-04-24 12:03:00,4691.03,4691.03,4683.09,4706.91,2.0000000000001146,-1.0062972292191943,-95.88,0.0,0.0,-95.88,sl,filled,78,0.12,2026-04-24 12:25:40,10003.0,1777026900,2,2026-04,10657.23,nv1_f2_oos_baseline_b,9844.99,0.9678018972085821,0,0.9678018972085821,56,False
1362,S,2026-04-24 16:10:00,4700.36,4700.36,4717.49,4666.1,1.999999999999947,-1.0064214827787443,-86.2,0.0,0.0,-86.2,sl,filled,80,0.05,2026-04-24 16:48:41,10054.0,1777040700,2,2026-04,10657.23,nv1_f2_oos_baseline_b,9749.109999999999,0.8785417335531198,0,0.8785417335531198,57,False
1388,S,2026-04-27 12:28:00,4703.57,4703.57,4719.67,4671.37,1.9999999999999436,2.025465838509271,195.66,0.0,0.0,195.66,tp,filled,82,0.06,2026-04-27 18:02:29,10279.0,1777278000,2,2026-04,10657.23,nv1_f2_oos_baseline_b,9662.91,0.999698848483554,0,0.999698848483554,58,False
1404,S,2026-04-27 18:19:00,4676.66,4676.66,4697.0,4635.98,2.0,-0.9864798426745259,-81.64,0.0,1.38,-80.26,sl,filled,84,0.04,2026-04-28 03:03:01,10349.0,1777310100,2,2026-04,10657.23,nv1_f2_oos_baseline_b,9858.57,0.825271819340945,0,0.825271819340945,59,False
1413,S,2026-04-27 22:51:00,4680.53,4680.53,4684.46,4672.67,1.9999999999997686,-0.9124681933841564,-98.25,0.0,8.6,-89.65,sl,filled,85,0.25,2026-04-28 01:01:00,10394.0,1777326300,2,2026-04,10657.23,nv1_f2_oos_baseline_b,9858.57,0.9965948408339877,1,1.8218666601749327,59,False
755,L,2026-04-29 17:32:00,4535.91,4535.91,4506.33,4595.07,2.0,1.9201036736533739,177.54,0.0,-7.15,170.39,tp,filled,88,0.03,2026-04-30 10:10:04,10826.0,1774927800,2,2026-04,10657.23,nv1_f2_oos_baseline_b,9688.66,0.9159161328811185,0,0.9159161328811185,60,False
1482,L,2026-04-29 19:14:00,4558.85,4558.85,4541.31,4593.93,2.0,-1.0336374002280524,-90.65,0.0,0.0,-90.65,sl,filled,89,0.05,2026-04-29 21:00:19,10845.0,1777487100,2,2026-04,10657.23,nv1_f2_oos_baseline_b,9688.66,0.90518193434386,1,1.8210980672249786,60,False
1508,L,2026-04-30 21:33:00,4621.04,4621.04,4596.37,4670.38,2.0,-0.019051479529793212,-1.41,0.0,0.0,-1.41,end,filled,92,0.03,2026-04-30 23:57:59,11138.0,1777546500,2,2026-04,10657.23,nv1_f2_oos_baseline_b,9768.4,0.7576471069980777,0,0.7576471069980777,61,True
1517,L,2026-04-30 21:39:00,4621.38,4621.38,4608.45,4647.24,1.9999999999999296,-0.06264501160092667,-5.67,0.0,0.0,-5.67,end,filled,93,0.07,2026-04-30 23:57:59,11138.0,1777578000,2,2026-04,10657.23,nv1_f2_oos_baseline_b,9768.4,0.9265591089636179,1,1.6842062159616957,61,True
760,S,2026-05-01 14:11:00,4565.62,4565.62,4571.11,4554.64,2.0,-1.005464480874357,-93.84,0.0,0.0,-93.84,sl,filled,2,0.17,2026-05-01 14:18:48,5651.0,1777642800,3,2026-05,9761.09,nv1_f3_oos_baseline_b,9761.09,0.9561432176119294,0,0.9561432176119294,62,False
753,S,2026-05-01 15:52:00,4593.15,4593.15,4613.97,4551.51,1.9999999999999127,-0.9999999999999704,-83.28,0.0,0.0,-83.28,sl,filled,4,0.04,2026-05-01 16:53:37,5670.0,1777625100,3,2026-05,9761.09,nv1_f3_oos_baseline_b,9667.25,0.8614652564069665,0,0.8614652564069665,63,True
754,S,2026-05-01 15:55:00,4593.04,4593.04,4608.24,4562.64,2.0,-1.0335526315789598,-94.26,0.0,0.0,-94.26,sl,filled,5,0.06,2026-05-01 16:41:25,5670.0,1777626000,3,2026-05,9761.09,nv1_f3_oos_baseline_b,9667.25,0.9433913470738723,1,1.8048566034808387,63,True
650,S,2026-05-01 17:58:00,4633.06,4633.06,4659.97,4579.24,2.0000000000000338,2.036913167347961,163.41,0.0,1.03,164.44,tp,filled,8,0.03,2026-05-04 10:59:52,5697.0,1777364400,3,2026-05,9761.09,nv1_f3_oos_baseline_b,9489.710000000001,0.850710927941945,0,0.850710927941945,64,False
771,S,2026-05-01 23:04:00,4609.09,4609.09,4635.36,4556.55,2.0000000000000346,2.016495368608081,157.89,0.0,1.03,158.92,tp,filled,9,0.03,2026-05-04 13:03:55,5755.0,1777668600,3,2026-05,9761.09,nv1_f3_oos_baseline_b,9489.710000000001,0.8304784866976818,1,1.681189414639627,64,False
708,L,2026-05-04 14:01:00,4566.45,4566.45,4520.29,4658.77,2.0000000000000195,-1.010831889081459,-93.32,0.0,0.0,-93.32,sl,filled,12,0.02,2026-05-04 18:21:51,5911.0,1777498800,3,2026-05,9761.09,nv1_f3_oos_baseline_b,9813.07,0.9407861148447908,0,0.9407861148447908,65,False
810,L,2026-05-04 21:58:00,4514.43,4514.43,4507.23,4528.83,1.9999999999997473,1.8938034188032273,187.59,0.0,-10.33,177.26,tp,filled,14,0.13,2026-05-05 03:54:09,5994.0,1777924200,3,2026-05,9761.09,nv1_f3_oos_baseline_b,9719.75,0.9629877311660224,0,0.9629877311660224,66,False
831,L,2026-05-05 10:24:00,4553.12,4553.12,4546.89,4565.58,2.000000000000146,-1.0000000000000702,-93.45,0.0,0.0,-93.45,sl,filled,16,0.15,2026-05-05 10:46:59,6118.0,1777974900,3,2026-05,9761.09,nv1_f3_oos_baseline_b,9897.01,0.9442245688343596,0,0.9442245688343596,67,False
852,L,2026-05-05 20:48:00,4560.56,4560.56,4553.15,4575.38,1.9999999999997544,-1.0013495276652138,-96.46,0.0,0.0,-96.46,sl,filled,18,0.13,2026-05-05 22:56:23,6229.0,1778011500,3,2026-05,9761.09,nv1_f3_oos_baseline_b,9803.56,0.9826022383706525,0,0.9826022383706525,68,False
865,L,2026-05-06 04:43:00,4623.22,4623.22,4609.33,4651.0,1.9999999999999345,1.9999999999999534,166.68,0.0,0.0,166.68,tp,filled,20,0.06,2026-05-06 06:20:12,6305.0,1778039100,3,2026-05,9761.09,nv1_f3_oos_baseline_b,9707.1,0.8585468368513969,0,0.8585468368513969,69,False
883,S,2026-05-06 19:25:00,4683.29,4683.29,4701.63,4646.61,2.0,-0.9693565976008646,-94.05,0.0,5.16,-88.89,sl,filled,22,0.05,2026-05-07 04:10:19,6466.0,1778091300,3,2026-05,9761.09,nv1_f3_oos_baseline_b,9873.78,0.9287223332908039,0,0.9287223332908039,70,False
887,L,2026-05-06 22:30:00,4698.59,4698.59,4681.67,4732.43,2.0,1.8638297872340346,169.6,0.0,-11.92,157.68,tp,filled,23,0.05,2026-05-07 09:34:49,6500.0,1778101200,3,2026-05,9761.09,nv1_f3_oos_baseline_b,9873.78,0.856814715336987,1,1.7855370486277908,70,False
911,L,2026-05-07 13:57:00,4737.69,4737.69,4725.62,4761.83,2.0000000000000755,2.016570008285053,194.72,0.0,0.0,194.72,tp,filled,26,0.08,2026-05-07 17:57:36,6652.0,1778158500,3,2026-05,9761.09,nv1_f3_oos_baseline_b,9942.57,0.971177472222953,0,0.971177472222953,71,True
909,L,2026-05-07 14:01:00,4736.53,4736.53,4721.69,4766.21,2.0,-1.0013477088948688,-89.16,0.0,0.0,-89.16,sl,filled,27,0.06,2026-05-07 19:07:04,6652.0,1778155200,3,2026-05,9761.09,nv1_f3_oos_baseline_b,9942.57,0.8955431040465481,1,1.8667205762695012,71,True
926,L,2026-05-07 21:43:00,4714.6,4714.6,4706.21,4731.38,1.9999999999998916,-1.0083432657925708,-93.06,0.0,0.0,-93.06,sl,filled,30,0.11,2026-05-07 21:44:40,6733.0,1778188800,3,2026-05,9761.09,nv1_f3_oos_baseline_b,10048.130000000001,0.9184793588459106,0,0.9184793588459106,72,False
939,L,2026-05-08 06:01:00,4714.47,4714.47,4704.97,4733.47,2.0,2.012631578947368,191.2,0.0,0.0,191.2,tp,filled,32,0.1,2026-05-08 09:28:57,6819.0,1778214900,3,2026-05,9761.09,nv1_f3_oos_baseline_b,9955.07,0.9542876142508291,0,0.9542876142508291,73,False
962,S,2026-05-08 18:31:00,4708.11,4708.11,4725.46,4673.41,1.9999999999999476,-1.014409221901996,-88.0,0.0,0.0,-88.0,sl,filled,34,0.05,2026-05-08 21:00:34,6960.0,1778261700,3,2026-05,9761.09,nv1_f3_oos_baseline_b,10146.27,0.8549940027222005,0,0.8549940027222005,74,False
958,L,2026-05-08 19:43:00,4714.87,4714.87,4704.68,4735.25,2.0000000000000893,-1.6500926834587935,-144.18,0.0,-7.15,-151.33,sl,filled,35,0.09,2026-05-11 01:01:00,6975.0,1778253600,3,2026-05,9761.09,nv1_f3_oos_baseline_b,10146.27,0.903878962416695,1,1.7588729651388955,74,False
973,S,2026-05-11 05:14:00,4687.57,4687.57,4705.91,4650.89,1.9999999999999505,1.9999999999999838,183.4,0.0,0.0,183.4,tp,filled,38,0.05,2026-05-11 08:55:44,7072.0,1778473200,3,2026-05,9761.09,nv1_f3_oos_baseline_b,9906.94,0.9256137616660718,0,0.9256137616660718,75,False
980,L,2026-05-11 10:02:00,4680.18,4680.18,4664.65,4711.24,1.999999999999883,-1.0006439150031774,-93.24,0.0,0.0,-93.24,sl,filled,40,0.06,2026-05-11 10:53:03,7125.0,1778491200,3,2026-05,9761.09,nv1_f3_oos_baseline_b,10090.34,0.9234574850798282,0,0.9234574850798282,76,True
872,L,2026-05-11 10:05:00,4679.19,4679.19,4649.12,4739.33,2.00000000000003,2.010309278350535,181.35,0.0,0.0,181.35,tp,filled,41,0.03,2026-05-11 16:38:52,7125.0,1778057100,3,2026-05,9761.09,nv1_f3_oos_baseline_b,10090.34,0.8940233926706049,1,1.817480877750433,76,True
986,L,2026-05-11 14:14:00,4668.57,4668.57,4660.06,4685.59,2.0000000000002136,2.0270270270271915,189.75,0.0,0.0,189.75,tp,filled,43,0.11,2026-05-11 15:22:52,7172.0,1778506500,3,2026-05,9761.09,nv1_f3_oos_baseline_b,9997.1,0.9363715477487711,1,1.830394940419376,76,True
985,L,2026-05-11 14:15:00,4669.62,4669.62,4650.38,4708.1,2.000000000000047,2.001559251559274,192.55,0.0,0.0,192.55,tp,filled,44,0.05,2026-05-11 16:04:50,7172.0,1778502600,3,2026-05,9761.09,nv1_f3_oos_baseline_b,9997.1,0.9622790609276581,2,2.7926740013470344,76,True
1001,L,2026-05-12 01:24:00,4739.87,4739.87,4733.29,4753.03,2.0,2.083586626139841,219.36,0.0,0.0,219.36,tp,filled,48,0.16,2026-05-12 01:46:29,7272.0,1778541600,3,2026-05,9761.09,nv1_f3_oos_baseline_b,10560.75,0.9968988944913839,0,0.9968988944913839,77,False
1009,L,2026-05-12 07:38:00,4726.23,4726.23,4718.91,4740.87,2.0000000000001243,-1.0000000000000397,-102.48,0.0,0.0,-102.48,sl,filled,50,0.14,2026-05-12 07:48:27,7351.0,1778568600,3,2026-05,9761.09,nv1_f3_oos_baseline_b,10780.11,0.9506396502447185,0,0.9506396502447185,78,False
1017,L,2026-05-12 11:55:00,4703.71,4703.71,4696.9,4717.33,1.9999999999998666,-1.0308370044052257,-105.3,0.0,0.0,-105.3,sl,filled,52,0.15,2026-05-12 12:44:28,7408.0,1778584500,3,2026-05,9761.09,nv1_f3_oos_baseline_b,10677.63,0.9566729695635268,0,0.9566729695635268,79,False
1038,S,2026-05-13 05:18:00,4700.78,4700.78,4711.16,4680.02,1.9999999999999123,-1.0048169556839972,-104.3,0.0,0.0,-104.3,sl,filled,54,0.1,2026-05-13 09:08:08,7602.0,1778647500,3,2026-05,9761.09,nv1_f3_oos_baseline_b,10572.33,0.9818081728436503,0,0.9818081728436503,80,False
1049,L,2026-05-13 14:52:00,4702.24,4702.24,4685.84,4735.04,2.0000000000000555,-1.0128048780488028,-99.66,0.0,0.0,-99.66,sl,filled,56,0.06,2026-05-13 15:22:41,7704.0,1778675400,3,2026-05,9761.09,nv1_f3_oos_baseline_b,10468.03,0.9400049484000124,0,0.9400049484000124,81,False
1055,S,2026-05-13 18:04:00,4684.98,4684.98,4695.06,4664.82,1.9999999999998195,-1.004960317460234,-101.3,0.0,0.0,-101.3,sl,filled,58,0.1,2026-05-13 18:34:08,7743.0,1778689200,3,2026-05,9761.09,nv1_f3_oos_baseline_b,10368.37,0.9721875280300409,0,0.9721875280300409,82,False
1065,L,2026-05-14 02:01:00,4700.79,4700.79,4687.66,4727.05,2.0,-1.0220868240670136,-93.94,0.0,0.0,-93.94,sl,filled,60,0.07,2026-05-14 04:07:16,7820.0,1778716200,3,2026-05,9761.09,nv1_f3_oos_baseline_b,10267.07,0.8951921044660333,0,0.8951921044660333,83,False
1063,L,2026-05-14 02:22:00,4701.19,4701.19,4685.79,4731.99,2.000000000000059,-1.0084415584415822,-93.18,0.0,0.0,-93.18,sl,filled,61,0.06,2026-05-14 04:13:18,7824.0,1778713200,3,2026-05,9761.09,nv1_f3_oos_baseline_b,10267.07,0.8999646442460976,1,1.795156748712131,83,False
1076,S,2026-05-14 08:42:00,4698.33,4698.33,4706.27,4682.45,1.9999999999998854,-1.0327455919394806,-98.4,0.0,0.0,-98.4,sl,filled,64,0.12,2026-05-14 10:28:02,7886.0,1778745000,3,2026-05,9761.09,nv1_f3_oos_baseline_b,10079.95,0.9452427839424411,0,0.9452427839424411,84,False
1079,L,2026-05-14 10:02:00,4700.17,4700.17,4685.95,4728.61,1.999999999999936,-1.0970464135020899,-109.2,0.0,0.0,-109.2,sl,filled,65,0.07,2026-05-14 16:30:06,7903.0,1778749800,3,2026-05,9761.09,nv1_f3_oos_baseline_b,10079.95,0.9875048983378071,1,1.9327476822802483,84,False
1092,S,2026-05-14 19:23:00,4677.94,4677.94,4689.16,4655.5,1.999999999999919,2.0115864527628777,180.56,0.0,0.0,180.56,tp,filled,68,0.08,2026-05-14 22:45:06,8014.0,1778783400,3,2026-05,9761.09,nv1_f3_oos_baseline_b,9872.35,0.90920601477867,0,0.90920601477867,85,False
1102,L,2026-05-15 01:39:02,4659.84,4659.84,4644.14,4691.24,2.0,-1.0471337579617956,-98.64,0.0,0.0,-98.64,sl,filled,70,0.06,2026-05-15 03:01:58,8069.0,1778801700,3,2026-05,9761.09,nv1_f3_oos_baseline_b,10052.91,0.9370421101949477,0,0.9370421101949477,86,False
1110,L,2026-05-15 06:13:00,4619.53,4619.53,4608.1,4642.39,2.000000000000159,-1.0218722659668094,-93.44,0.0,0.0,-93.44,sl,filled,72,0.08,2026-05-15 06:34:37,8116.0,1778819100,3,2026-05,9761.09,nv1_f3_oos_baseline_b,9954.27,0.9186007612812899,0,0.9186007612812899,87,False
1126,S,2026-05-15 19:17:00,4532.2,4532.2,4565.86,4464.88,2.0,-0.9962863933452213,-67.76,0.0,0.69,-67.07000000000001,sl,filled,74,0.02,2026-05-18 14:41:50,8258.0,1778854800,3,2026-05,9761.09,nv1_f3_oos_baseline_b,9860.83,0.6827011519314268,0,0.6827011519314268,88,False
1138,L,2026-05-18 01:27:00,4541.99,4541.99,4535.25,4555.47,2.000000000000135,-1.0000000000000322,-94.36,0.0,0.0,-94.36,sl,filled,75,0.14,2026-05-18 02:30:13,8309.0,1778886900,3,2026-05,9761.09,nv1_f3_oos_baseline_b,9860.83,0.9569174197303569,1,1.6396185716617837,88,False
1180,S,2026-05-19 05:44:00,4556.34,4556.34,4569.09,4530.84,2.0,2.0180392156862745,180.11,0.0,0.0,180.11,tp,filled,78,0.07,2026-05-19 13:43:41,8635.0,1779166200,3,2026-05,9761.09,nv1_f3_oos_baseline_b,9699.4,0.9201600098975196,0,0.9201600098975196,89,False
1184,S,2026-05-19 08:35:00,4536.95,4536.95,4549.85,4511.15,1.9999999999999294,-1.01395348837205,-91.56,0.0,0.0,-91.56,sl,filled,79,0.07,2026-05-19 09:18:53,8670.0,1779173400,3,2026-05,9761.09,nv1_f3_oos_baseline_b,9699.4,0.9309854217787062,1,1.8511454316762257,89,False
1201,L,2026-05-19 23:20:00,4485.64,4485.64,4470.01,4516.9,1.9999999999999418,-1.0559820857325581,-94.26,0.0,-4.77,-99.03,sl,filled,82,0.06,2026-05-20 04:30:18,8838.0,1779208800,3,2026-05,9761.09,nv1_f3_oos_baseline_b,9787.95,0.958116868189975,0,0.958116868189975,90,False
1223,L,2026-05-20 17:43:00,4518.68,4518.68,4461.23,4633.58,1.9999999999999682,-1.1058311575282713,-57.99,0.0,-5.54,-63.53,sl,filled,84,0.01,2026-05-27 13:46:04,9048.0,1779269700,3,2026-05,9761.09,nv1_f3_oos_baseline_b,9688.92,0.592945343753491,0,0.592945343753491,91,True
1227,L,2026-05-20 17:44:00,4519.03,4519.03,4472.59,4611.91,2.0000000000000195,-1.1219853574504832,-93.08,0.0,-11.13,-104.21,sl,filled,85,0.02,2026-05-27 13:32:51,9048.0,1779279900,3,2026-05,9761.09,nv1_f3_oos_baseline_b,9688.92,0.9586207750708975,1,1.5515661188243883,91,True
1236,L,2026-05-20 20:27:00,4534.52,4534.52,4522.98,4557.6,1.9999999999998423,1.796793760831753,184.96,0.0,-19.08,165.88,tp,filled,86,0.08,2026-05-21 04:11:31,9074.0,1779300600,3,2026-05,9761.09,nv1_f3_oos_baseline_b,9688.92,0.9528409771162005,2,2.504407095940589,91,False
1255,S,2026-05-21 10:48:00,4517.17,4517.17,4539.7,4472.11,2.0000000000000404,-1.0004438526409345,-90.16,0.0,0.0,-90.16,sl,filled,88,0.04,2026-05-21 12:13:07,9229.0,1779350100,3,2026-05,9761.09,nv1_f3_oos_baseline_b,9854.8,0.9144782238097069,2,2.4660443426340954,91,False
1270,L,2026-05-21 21:29:00,4549.98,4549.98,4506.28,4637.38,2.000000000000021,-1.0213958810068693,-87.68,0.0,-1.59,-89.27000000000001,sl,filled,90,0.02,2026-05-22 17:00:47,9358.0,1779388800,3,2026-05,9761.09,nv1_f3_oos_baseline_b,9764.64,0.8950662799652587,2,2.446632398789647,91,False
1301,S,2026-05-22 17:38:00,4503.03,4503.03,4518.02,4473.05,1.9999999999998788,-0.999999999999954,-89.94,0.0,0.0,-89.94,sl,filled,92,0.06,2026-05-22 18:26:05,9578.0,1779468600,3,2026-05,9761.09,nv1_f3_oos_baseline_b,9675.37,0.9295768533916958,2,2.4811429722160843,91,False
1321,S,2026-05-25 06:06:00,4561.28,4561.28,4572.27,4539.3,1.9999999999998346,-0.9999999999999372,-87.92,0.0,0.0,-87.92,sl,filled,94,0.08,2026-05-25 13:11:02,9710.0,1779683700,3,2026-05,9761.09,nv1_f3_oos_baseline_b,9585.43,0.9172254139877453,2,2.4687915328121335,91,False
1342,L,2026-05-26 01:28:00,4574.77,4574.77,4562.84,4598.63,1.9999999999999238,-1.0100586756076868,-84.35,0.0,0.0,-84.35,sl,filled,96,0.07,2026-05-26 02:33:16,9876.0,1779728100,3,2026-05,9761.09,nv1_f3_oos_baseline_b,9497.51,0.8792830963063165,2,2.4308492151307046,91,False
1358,S,2026-05-26 11:25:00,4527.17,4527.17,4539.88,4501.75,2.0,-0.9999999999999971,-88.97,0.0,0.0,-88.97,sl,filled,98,0.07,2026-05-26 13:50:25,9982.0,1779779700,3,2026-05,9761.09,nv1_f3_oos_baseline_b,9413.16,0.9451661291213606,2,2.496732247945749,91,False
1376,S,2026-05-27 01:13:00,4504.63,4504.63,4525.43,4463.03,2.0,-1.0048076923076834,-83.6,0.0,0.0,-83.6,sl,filled,100,0.04,2026-05-27 02:44:27,10118.0,1779816900,3,2026-05,9761.09,nv1_f3_oos_baseline_b,9324.19,0.8923027094042562,2,2.4438688282286445,91,False
1400,L,2026-05-27 12:00:00,4498.06,4498.06,4484.8,4524.58,1.9999999999999314,-1.003016591251869,-79.8,0.0,0.0,-79.8,sl,filled,102,0.06,2026-05-27 13:14:11,10235.0,1779879900,3,2026-05,9761.09,nv1_f3_oos_baseline_b,9240.59,0.8609839847888643,2,2.4125501036132526,91,False
1428,S,2026-05-28 02:30:00,4450.68,4450.68,4462.26,4427.52,2.0,2.0008635578583887,162.19,0.0,0.0,162.19,tp,filled,106,0.07,2026-05-28 04:23:12,10380.0,1779932100,3,2026-05,9761.09,nv1_f3_oos_baseline_b,8993.05,0.9013627189885468,0,0.9013627189885468,92,False
1454,L,2026-05-28 20:43:00,4505.59,4505.59,4497.59,4521.59,2.0,-1.005,-88.44,0.0,0.0,-88.44,sl,filled,108,0.11,2026-05-28 22:58:55,10589.0,1779996600,3,2026-05,9761.09,nv1_f3_oos_baseline_b,9155.24,0.9611981772187294,0,0.9611981772187294,93,False
1457,S,2026-05-29 01:18:00,4493.68,4493.68,4501.18,4478.68,2.0,-1.024,-92.16,0.0,0.0,-92.16,sl,filled,110,0.12,2026-05-29 04:00:42,10627.0,1780011000,3,2026-05,9761.09,nv1_f3_oos_baseline_b,9066.8,0.992632461287334,0,0.992632461287334,94,False
1463,L,2026-05-29 04:37:00,4506.91,4506.91,4491.94,4536.85,2.0,2.0020040080159975,149.85,0.0,0.0,149.85,tp,filled,112,0.05,2026-05-29 12:46:20,10661.0,1780023900,3,2026-05,9761.09,nv1_f3_oos_baseline_b,8974.64,0.8340167405043688,0,0.8340167405043688,95,True
1462,L,2026-05-29 04:40:00,4507.17,4507.17,4488.93,4543.65,2.0,2.0021929824561644,146.08,0.0,0.0,146.08,tp,filled,113,0.04,2026-05-29 17:01:49,10661.0,1780022400,3,2026-05,9761.09,nv1_f3_oos_baseline_b,8974.64,0.8129573999625516,1,1.6469741404669205,95,True
1470,L,2026-05-29 09:31:00,4518.76,4518.76,4501.66,4552.96,1.9999999999999467,2.01754385964908,172.5,0.0,0.0,172.5,tp,filled,114,0.05,2026-05-29 17:52:17,10716.0,1780038600,3,2026-05,9761.09,nv1_f3_oos_baseline_b,8974.64,0.9526844530811467,2,2.5996585935480674,95,False
729,S,2026-06-01 05:41:00,4525.29,4525.29,4534.41,4507.05,2.0,2.004385964912305,182.8,0.0,0.0,182.8,tp,filled,2,0.1,2026-06-01 09:22:11,5144.0,1780290600,4,2026-06,9442.98,nv1_f4_oos_baseline_b,9442.98,0.965796814141287,0,0.965796814141287,96,False
781,S,2026-06-02 17:13:00,4504.6,4504.6,4527.62,4458.56,2.0000000000000395,2.0293223284101196,185.48,0.0,1.38,186.85999999999999,tp,filled,4,0.04,2026-06-03 08:58:12,5538.0,1780414800,4,2026-06,9442.98,nv1_f4_oos_baseline_b,9625.779999999999,0.9565978029832192,0,0.9565978029832192,97,False
791,S,2026-06-02 22:57:00,4487.34,4487.34,4489.57,4482.88,2.0000000000004077,-1.017937219731141,-97.61,0.0,0.0,-97.61,sl,filled,5,0.43,2026-06-02 23:12:23,5597.0,1780437600,4,2026-06,9442.98,nv1_f4_oos_baseline_b,9625.779999999999,0.9961790109474893,1,1.9527768139307085,97,True
789,S,2026-06-02 23:02:00,4486.31,4486.31,4491.36,4476.21,2.00000000000036,-1.1615424700366446,-117.99,0.0,6.54,-111.44999999999999,sl,filled,6,0.19,2026-06-03 01:01:00,5597.0,1780435500,4,2026-06,9442.98,nv1_f4_oos_baseline_b,9625.779999999999,0.996802337057217,2,2.9495791509879252,97,True
790,L,2026-06-02 23:26:00,4489.75,4489.75,4478.49,4512.27,2.0,-1.0714920071047749,-90.16,0.0,-6.36,-96.52,sl,filled,8,0.08,2026-06-03 02:10:39,5602.0,1780436400,4,2026-06,9442.98,nv1_f4_oos_baseline_b,9528.17,0.9454071453385251,2,2.898807285378961,97,False
792,L,2026-06-03 01:21:00,4490.93,4490.93,4486.06,4500.67,2.0,-1.0574948665297979,-97.85,0.0,0.0,-97.85,sl,filled,10,0.19,2026-06-03 01:45:36,5612.0,1780441200,4,2026-06,9442.98,nv1_f4_oos_baseline_b,9416.72,0.982613903779638,2,2.884618852101382,97,False
802,S,2026-06-03 10:40:00,4458.37,4458.37,4471.3,4432.51,1.9999999999999296,2.0092807424593517,181.86,0.0,0.0,181.86,tp,filled,14,0.07,2026-06-03 16:44:24,5711.0,1780478100,4,2026-06,9442.98,nv1_f4_oos_baseline_b,9409.21,0.961929853834722,0,0.961929853834722,98,False
805,S,2026-06-03 12:41:00,4446.69,4446.69,4459.28,4421.51,1.9999999999999278,-1.0055599682287413,-88.62,0.0,0.0,-88.62,sl,filled,15,0.07,2026-06-03 13:06:12,5733.0,1780486800,4,2026-06,9442.98,nv1_f4_oos_baseline_b,9409.21,0.9366354879952838,1,1.8985653418300057,98,False
836,L,2026-06-04 16:02:00,4510.13,4510.13,4484.37,4561.65,1.9999999999999647,-1.0081521739130348,-77.91,0.0,0.0,-77.91,sl,filled,18,0.03,2026-06-04 17:29:16,6037.0,1780583400,4,2026-06,9442.98,nv1_f4_oos_baseline_b,9502.449999999999,0.8132639477187531,0,0.8132639477187531,99,False
823,L,2026-06-05 10:00:00,4453.09,4453.09,4423.76,4511.75,2.0,-1.0153426525741587,-89.34,0.0,0.0,-89.34,sl,filled,20,0.03,2026-06-05 15:52:39,6241.0,1780535700,4,2026-06,9442.98,nv1_f4_oos_baseline_b,9424.539999999999,0.9336264687719484,0,0.9336264687719484,100,False
863,S,2026-06-05 13:11:00,4463.91,4463.91,4469.72,4452.29,1.9999999999998435,-1.02065404475036,-94.88,0.0,0.0,-94.88,sl,filled,21,0.16,2026-06-05 14:51:27,6279.0,1780661700,4,2026-06,9442.98,nv1_f4_oos_baseline_b,9424.539999999999,0.9863611380503071,1,1.9199876068222554,100,False
911,S,2026-06-09 05:26:00,4333.74,4333.74,4338.56,4324.1,1.9999999999996225,-1.0373443983401158,-95.0,0.0,0.0,-95.0,sl,filled,24,0.19,2026-06-09 05:31:30,6724.0,1780956000,4,2026-06,9442.98,nv1_f4_oos_baseline_b,9240.32,0.9910912176202963,0,0.9910912176202963,101,False
928,S,2026-06-09 12:07:00,4328.34,4328.34,4340.64,4303.74,2.0,-1.019512195121936,-87.78,0.0,0.0,-87.78,sl,filled,26,0.07,2026-06-09 13:59:50,6798.0,1780998300,4,2026-06,9442.98,nv1_f4_oos_baseline_b,9145.32,0.941465142827165,0,0.941465142827165,102,False
973,S,2026-06-10 14:36:00,4162.78,4162.78,4178.71,4130.92,1.999999999999943,-1.0414312617702257,-82.95,0.0,0.0,-82.95,sl,filled,28,0.05,2026-06-10 16:45:00,7100.0,1781099700,4,2026-06,9442.98,nv1_f4_oos_baseline_b,9057.539999999999,0.8793778443153603,0,0.8793778443153603,103,False
996,L,2026-06-11 07:07:00,4074.18,4074.18,4059.95,4102.64,2.000000000000032,2.007730147575542,171.42,0.0,0.0,171.42,tp,filled,30,0.06,2026-06-11 08:47:40,7263.0,1781158800,4,2026-06,9442.98,nv1_f4_oos_baseline_b,8974.59,0.9513526523217228,0,0.9513526523217228,104,False
1003,L,2026-06-11 10:03:00,4095.26,4095.26,4078.63,4128.52,2.0,-0.9999999999999936,-83.15,0.0,0.0,-83.15,sl,filled,32,0.05,2026-06-11 12:30:15,7294.0,1781168700,4,2026-06,9442.98,nv1_f4_oos_baseline_b,9146.01,0.9091396138862797,0,0.9091396138862797,105,True
1000,L,2026-06-11 10:08:00,4095.21,4095.21,4072.45,4140.73,1.99999999999996,-1.0026362038664227,-91.28,0.0,0.0,-91.28,sl,filled,33,0.04,2026-06-11 15:20:02,7294.0,1781166300,4,2026-06,9442.98,nv1_f4_oos_baseline_b,9146.01,0.9954067402069413,1,1.904546354093221,105,True
1035,L,2026-06-12 12:21:00,4225.12,4225.12,4170.01,4335.34,2.0000000000000164,1.985665033569237,110.22,0.0,-0.79,109.42999999999999,tp,filled,36,0.01,2026-06-15 05:50:26,7595.0,1781260200,4,2026-06,9442.98,nv1_f4_oos_baseline_b,8971.58,0.6142730711870114,0,0.6142730711870114,106,False
1092,L,2026-06-16 10:16:00,4326.98,4326.98,4309.44,4362.06,2.000000000000052,1.9598631698973814,175.85,0.0,-3.97,171.88,tp,filled,38,0.05,2026-06-17 17:24:33,8094.0,1781588400,4,2026-06,9442.98,nv1_f4_oos_baseline_b,9081.01,0.9657516069247785,0,0.9657516069247785,107,False
1128,L,2026-06-17 08:47:00,4331.0,4331.0,4321.16,4350.68,2.0,-1.0121951219512046,-89.64,0.0,0.0,-89.64,sl,filled,39,0.09,2026-06-17 09:22:23,8356.0,1781683800,4,2026-06,9442.98,nv1_f4_oos_baseline_b,9081.01,0.9752219191477745,1,1.940973526072553,107,False
1131,S,2026-06-17 09:36:00,4325.51,4325.51,4334.55,4307.43,2.0,-1.0077433628318624,-81.99,0.0,0.0,-81.99,sl,filled,41,0.09,2026-06-17 12:30:17,8363.0,1781685900,4,2026-06,9442.98,nv1_f4_oos_baseline_b,8991.369999999999,0.9048676675523272,1,1.8706192744771055,107,False
1138,L,2026-06-17 16:56:00,4342.72,4342.72,4323.85,4380.46,2.0,2.0116587175410823,151.84,0.0,0.0,151.84,tp,filled,43,0.04,2026-06-17 20:33:54,8455.0,1781709900,4,2026-06,9442.98,nv1_f4_oos_baseline_b,8909.38,0.8471969991177788,1,1.8129486060425573,107,False
1107,S,2026-06-17 17:57:00,4345.7,4345.7,4355.27,4326.56,1.99999999999981,-1.002089864158765,-86.31,0.0,0.0,-86.31,sl,filled,45,0.09,2026-06-17 18:20:34,8465.0,1781625300,4,2026-06,9442.98,nv1_f4_oos_baseline_b,9081.26,0.9484366706823233,1,1.795633669800102,107,False
1152,L,2026-06-18 02:44:00,4274.16,4274.16,4263.65,4295.18,2.0,2.0009514747858765,168.24,0.0,0.0,168.24,tp,filled,48,0.08,2026-06-18 03:06:33,8546.0,1781746800,4,2026-06,9442.98,nv1_f4_oos_baseline_b,9146.789999999999,0.9192295876477077,0,0.9192295876477077,108,False
1165,L,2026-06-18 10:24:00,4309.27,4309.27,4299.15,4329.51,1.9999999999998204,-1.0059288537548612,-91.62,0.0,0.0,-91.62,sl,filled,50,0.09,2026-06-18 10:33:18,8637.0,1781775300,4,2026-06,9442.98,nv1_f4_oos_baseline_b,9315.029999999999,0.9777746287452346,0,0.9777746287452346,109,False
1203,L,2026-06-19 15:20:00,4155.69,4155.69,4143.08,4180.91,2.000000000000072,2.0055511498810987,177.03,0.0,0.0,177.03,tp,filled,52,0.07,2026-06-19 16:00:10,8929.0,1781879100,4,2026-06,9442.98,nv1_f4_oos_baseline_b,9223.41,0.9570213185795462,0,0.9570213185795462,110,False
1240,L,2026-06-22 21:42:00,4189.11,4189.11,4175.44,4216.45,2.0,-1.0632772494513476,-82.44,0.0,-4.77,-87.21,sl,filled,54,0.06,2026-06-23 04:18:54,9211.0,1782155100,4,2026-06,9442.98,nv1_f4_oos_baseline_b,9400.439999999999,0.8725123504857266,0,0.8725123504857266,111,False
1239,S,2026-06-23 05:06:00,4154.75,4154.75,4199.38,4065.49,2.0,2.0106430652027734,178.78,0.0,0.69,179.47,tp,filled,56,0.02,2026-06-24 05:31:11,9277.0,1782151800,4,2026-06,9442.98,nv1_f4_oos_baseline_b,9313.23,0.9584215143403548,0,0.9584215143403548,112,False
1256,S,2026-06-23 05:50:00,4154.03,4154.03,4163.38,4135.33,1.9999999999999027,2.02245989304805,170.19,0.0,0.0,170.19,tp,filled,57,0.09,2026-06-23 06:18:17,9284.0,1782190500,4,2026-06,9442.98,nv1_f4_oos_baseline_b,9313.23,0.9035533321952026,1,1.8619748465355574,112,False
1265,L,2026-06-23 12:33:00,4114.63,4114.63,4091.69,4160.51,2.0,-1.0346556233652984,-91.76,0.0,-3.18,-94.94000000000001,sl,filled,59,0.04,2026-06-24 02:38:09,9363.0,1782213000,4,2026-06,9442.98,nv1_f4_oos_baseline_b,9483.42,0.9675834245451558,1,1.9260049388855105,112,False
1270,S,2026-06-23 14:59:00,4122.97,4122.97,4132.59,4103.73,2.0000000000000946,-1.0020790020790136,-86.76,0.0,0.0,-86.76,sl,filled,60,0.09,2026-06-23 16:48:46,9387.0,1782221400,4,2026-06,9442.98,nv1_f4_oos_baseline_b,9483.42,0.9129617796111427,2,2.8389667184966534,112,False
1283,S,2026-06-23 23:13:00,4111.47,4111.47,4126.0,4082.41,2.0000000000000626,2.046340903877072,176.34,0.0,2.06,178.4,tp,filled,62,0.06,2026-06-24 02:39:41,9479.0,1782249300,4,2026-06,9442.98,nv1_f4_oos_baseline_b,9396.66,0.9277764652546594,2,2.85378140414017,112,False
1320,L,2026-06-24 23:47:00,3999.16,3999.16,3959.0,4079.48,2.000000000000011,1.9287848605577758,161.28,0.0,-6.36,154.92,tp,filled,66,0.02,2026-06-26 17:10:06,9712.0,1782334800,4,2026-06,9442.98,nv1_f4_oos_baseline_b,9659.59,0.831505270927645,0,0.831505270927645,113,False
1327,L,2026-06-25 01:11:00,4003.99,4003.99,3992.03,4027.91,2.000000000000076,-1.0066889632107374,-96.32,0.0,0.0,-96.32,sl,filled,67,0.08,2026-06-25 02:06:33,9717.0,1782342900,4,2026-06,9442.98,nv1_f4_oos_baseline_b,9659.59,0.9905182311050121,1,1.8220235020326572,113,False
1319,S,2026-06-25 03:08:00,4011.83,4011.83,4022.66,3990.17,2.0,2.0046168051708353,173.68,0.0,0.0,173.68,tp,filled,69,0.08,2026-06-25 03:32:47,9737.0,1782329700,4,2026-06,9442.98,nv1_f4_oos_baseline_b,9563.27,0.9059662646772434,1,1.7374715356048884,113,False
1352,L,2026-06-25 15:42:00,3996.3,3996.3,3976.34,4036.22,1.9999999999999771,2.0005010020040044,159.72,0.0,0.0,159.72,tp,filled,71,0.04,2026-06-25 18:22:29,9871.0,1782397800,4,2026-06,9442.98,nv1_f4_oos_baseline_b,9736.949999999999,0.8199692922321687,1,1.6514745631598138,113,False
1364,L,2026-06-25 22:24:00,4038.97,4038.97,4029.57,4057.77,2.000000000000097,-1.0053191489362092,-94.5,0.0,0.0,-94.5,sl,filled,73,0.1,2026-06-25 22:45:54,9949.0,1782423900,4,2026-06,9442.98,nv1_f4_oos_baseline_b,9896.67,0.9498144325313096,1,1.7813197034589545,113,False
1382,L,2026-06-26 07:31:00,4007.72,4007.72,3997.18,4028.8,2.000000000000043,2.0018975332068383,189.9,0.0,0.0,189.9,tp,filled,75,0.09,2026-06-26 09:57:03,10027.0,1782456300,4,2026-06,9442.98,nv1_f4_oos_baseline_b,9802.17,0.9677448973033489,1,1.7992501682309938,113,True
1354,L,2026-06-26 07:32:00,4007.95,4007.95,3978.75,4066.35,2.0000000000000155,2.003424657534259,175.5,0.0,0.0,175.5,tp,filled,76,0.03,2026-06-26 16:50:54,10027.0,1782400800,4,2026-06,9442.98,nv1_f4_oos_baseline_b,9802.17,0.8936796648089091,2,2.692929833039903,113,True
1400,L,2026-06-26 16:33:00,4053.59,4053.59,4035.63,4089.51,2.0,2.0116926503340715,180.65,0.0,0.0,180.65,tp,filled,78,0.05,2026-06-26 17:16:32,10130.0,1782488400,4,2026-06,9442.98,nv1_f4_oos_baseline_b,9992.07,0.8987126791545716,2,2.623897614891126,113,False
1411,S,2026-06-26 22:17:00,4068.59,4068.59,4079.21,4047.35,2.0000000000000426,-1.0103578154425716,-96.57,0.0,0.0,-96.57,sl,filled,82,0.09,2026-06-26 23:53:19,10192.0,1782507900,4,2026-06,9442.98,nv1_f4_oos_baseline_b,10503.14,0.9100135768922343,0,0.9100135768922343,114,True
1409,S,2026-06-26 22:20:00,4068.13,4068.13,4088.52,4027.35,2.000000000000022,-1.000490436488481,-102.0,0.0,0.0,-102.0,sl,filled,83,0.05,2026-06-26 23:56:53,10192.0,1782504300,4,2026-06,9442.98,nv1_f4_oos_baseline_b,10503.14,0.9706621067604485,1,1.8806756836526828,114,True
1402,L,2026-06-29 06:02:00,4066.63,4066.63,4044.79,4110.31,2.0,-1.002747252747246,-87.6,0.0,0.0,-87.6,sl,filled,86,0.04,2026-06-29 08:30:32,10263.0,1782491700,4,2026-06,9442.98,nv1_f4_oos_baseline_b,10304.57,0.8477791892335206,0,0.8477791892335206,115,False
1484,L,2026-06-30 18:55:00,4034.24,4034.24,4025.18,4052.36,2.00000000000005,-1.0055187637969154,-100.21,0.0,0.0,-100.21,sl,filled,88,0.11,2026-06-30 20:01:08,10656.0,1782838800,4,2026-06,9442.98,nv1_f4_oos_baseline_b,10216.97,0.9754359658489691,0,0.9754359658489691,116,False
1487,S,2026-06-30 19:22:00,4029.91,4029.91,4037.5,4014.73,1.99999999999994,2.030303030302991,200.33,0.0,0.0,200.33,tp,filled,89,0.13,2026-06-30 23:00:16,10659.0,1782843000,4,2026-06,9442.98,nv1_f4_oos_baseline_b,10216.97,0.9657462045988382,1,1.9411821704478074,116,False
782,S,2026-07-01 03:39:00,4002.44,4002.44,4018.77,3969.78,2.0,2.0104102878138486,196.98,0.0,0.0,196.98,tp,filled,2,0.06,2026-07-01 09:07:02,5644.0,1782871500,5,2026-07,10316.11,nv1_f5_oos_baseline_b,10316.11,0.9497766115328312,0,0.9497766115328312,117,False
815,S,2026-07-01 18:34:00,4078.81,4078.81,4095.44,4045.55,1.9999999999999727,2.011425135297642,200.7,0.0,0.0,200.7,tp,filled,4,0.06,2026-07-01 22:52:01,5809.0,1782928500,5,2026-07,10316.11,nv1_f5_oos_baseline_b,10513.09,0.9491024998359249,0,0.9491024998359249,118,False
828,L,2026-07-02 05:32:00,4049.91,4049.91,4037.87,4073.99,2.0,2.009136212624591,193.52,0.0,0.0,193.52,tp,filled,6,0.08,2026-07-02 06:56:09,5914.0,1782963600,5,2026-07,10316.11,nv1_f5_oos_baseline_b,10713.79,0.8990282617075722,0,0.8990282617075722,119,False
854,S,2026-07-02 19:59:00,4118.03,4118.03,4136.54,4081.01,1.999999999999951,-0.9878984332792969,-93.15,0.0,1.72,-91.43,sl,filled,8,0.05,2026-07-03 03:14:09,6084.0,1783012500,5,2026-07,10316.11,nv1_f5_oos_baseline_b,10907.310000000001,0.8485135198321225,0,0.8485135198321225,120,False
903,S,2026-07-06 22:26:00,4161.81,4161.81,4165.65,4154.13,2.000000000000474,-1.207310267857383,-139.44,0.0,9.63,-129.81,sl,filled,10,0.28,2026-07-07 01:01:00,6588.0,1783335300,5,2026-07,10316.11,nv1_f5_oos_baseline_b,10815.880000000001,0.9940938693844477,0,0.9940938693844477,121,False
928,L,2026-07-07 06:14:00,4137.84,4137.84,4125.57,4162.38,1.9999999999999258,-1.0334148329257984,-101.44,0.0,0.0,-101.44,sl,filled,12,0.08,2026-07-07 06:48:55,6657.0,1783398300,5,2026-07,10316.11,nv1_f5_oos_baseline_b,10686.07,0.9185790473018004,0,0.9185790473018004,122,False
966,L,2026-07-08 05:19:00,4115.98,4115.98,4097.35,4153.24,2.0000000000000977,-1.0171765968867854,-94.75,0.0,0.0,-94.75,sl,filled,14,0.05,2026-07-08 11:17:55,6906.0,1783485000,5,2026-07,10316.11,nv1_f5_oos_baseline_b,10584.630000000001,0.8800496569081393,0,0.8800496569081393,123,False
978,S,2026-07-08 12:17:00,4055.78,4055.78,4127.55,3912.24,2.000000000000006,-0.9874599414797273,-71.9,0.0,1.03,-70.87,sl,filled,16,0.01,2026-07-09 16:34:07,6978.0,1783507200,5,2026-07,10316.11,nv1_f5_oos_baseline_b,10489.880000000001,0.6841832318386862,0,0.6841832318386862,124,False
813,L,2026-07-08 19:27:00,4041.31,4041.31,4012.66,4098.61,1.9999999999999842,1.9213496218731758,172.29,0.0,-7.15,165.14,tp,filled,17,0.03,2026-07-09 09:00:34,7062.0,1782921900,5,2026-07,10316.11,nv1_f5_oos_baseline_b,10489.880000000001,0.8193611366383625,1,1.5035443684770486,124,False
995,S,2026-07-09 03:42:00,4077.16,4077.16,4089.84,4051.8,1.9999999999999283,-1.0102523659305762,-102.48,0.0,0.0,-102.48,sl,filled,18,0.08,2026-07-09 09:00:17,7147.0,1783550100,5,2026-07,10316.11,nv1_f5_oos_baseline_b,10489.880000000001,0.9670272681861214,2,2.47057163666317,124,False
979,S,2026-07-09 11:58:00,4108.29,4108.29,4120.85,4083.17,1.9999999999999276,-1.0477707006369092,-105.28,0.0,0.0,-105.28,sl,filled,21,0.08,2026-07-09 15:38:12,7242.0,1783508700,5,2026-07,10316.11,nv1_f5_oos_baseline_b,10552.54,0.9521878144977722,1,1.6363710463364585,124,False
1035,L,2026-07-10 02:16:00,4124.39,4124.39,4120.34,4132.49,1.9999999999997755,-1.0049382716048931,-101.75,0.0,0.0,-101.75,sl,filled,24,0.25,2026-07-10 03:02:12,7401.0,1783639500,5,2026-07,10316.11,nv1_f5_oos_baseline_b,10376.390000000001,0.9757728844039646,0,0.9757728844039646,125,False
1046,S,2026-07-10 09:56:00,4112.33,4112.33,4120.53,4095.93,2.0000000000000555,2.001219512195166,196.92,0.0,0.0,196.92,tp,filled,26,0.12,2026-07-10 11:49:24,7494.0,1783674900,5,2026-07,10316.11,nv1_f5_oos_baseline_b,10274.640000000001,0.9576977879516733,0,0.9576977879516733,126,False
1060,S,2026-07-10 22:01:00,4099.96,4099.96,4105.56,4088.76,1.9999999999998377,-1.01071428571422,-101.88,0.0,0.0,-101.88,sl,filled,28,0.18,2026-07-10 22:52:18,7636.0,1783716600,5,2026-07,10316.11,nv1_f5_oos_baseline_b,10471.560000000001,0.9626072906043276,0,0.9626072906043276,127,False
1072,L,2026-07-13 04:45:00,4084.76,4084.76,4065.26,4123.76,2.0,-1.0010256410256408,-97.6,0.0,0.0,-97.6,sl,filled,30,0.05,2026-07-13 05:30:36,7701.0,1783915200,5,2026-07,10316.11,nv1_f5_oos_baseline_b,10369.68,0.9402411646261023,0,0.9402411646261023,128,False
1121,S,2026-07-14 22:05:00,4053.04,4053.04,4063.84,4031.44,1.9999999999999578,2.0337448559670444,194.58,0.0,3.1,197.68,tp,filled,32,0.09,2026-07-15 05:18:21,8156.0,1784062200,5,2026-07,10316.11,nv1_f5_oos_baseline_b,10272.08,0.946254312661132,0,0.946254312661132,129,False
1127,L,2026-07-14 23:06:00,4055.61,4055.61,4047.38,4072.07,2.0,-1.099027946537057,-99.0,0.0,-9.54,-108.53999999999999,sl,filled,33,0.12,2026-07-15 02:10:29,8165.0,1784068200,5,2026-07,10316.11,nv1_f5_oos_baseline_b,10272.08,0.961441110271729,1,1.907695422932861,129,False
1138,S,2026-07-15 08:22:00,4027.21,4027.21,4035.54,4010.55,2.0,-1.0096038415366235,-100.92,0.0,0.0,-100.92,sl,filled,36,0.12,2026-07-15 08:42:13,8259.0,1784100300,5,2026-07,10316.11,nv1_f5_oos_baseline_b,10361.220000000001,0.9647512551610633,0,0.9647512551610633,130,False
1147,S,2026-07-15 16:38:00,4058.91,4058.91,4073.14,4030.45,2.0,2.008432888264228,200.06,0.0,0.0,200.06,tp,filled,38,0.07,2026-07-15 19:35:12,8349.0,1784131200,5,2026-07,10316.11,nv1_f5_oos_baseline_b,10260.300000000001,0.9708293129830523,0,0.9708293129830523,131,False
1155,L,2026-07-15 20:58:00,4063.63,4063.63,4029.25,4132.39,2.0,-1.0696141167345323,-103.17,0.0,-7.15,-110.32000000000001,sl,filled,40,0.03,2026-07-16 05:16:15,8396.0,1784145300,5,2026-07,10316.11,nv1_f5_oos_baseline_b,10460.36,0.9860081297393236,0,0.9860081297393236,132,True
1154,L,2026-07-15 21:01:00,4064.25,4064.25,4026.7,4139.35,2.0,-1.0640479360852144,-75.14,0.0,-4.77,-79.91,sl,filled,41,0.02,2026-07-16 05:39:09,8396.0,1784144400,5,2026-07,10316.11,nv1_f5_oos_baseline_b,10460.36,0.7179485218481998,1,1.7039566515875233,132,True
1178,L,2026-07-16 13:41:00,4032.7,4032.7,4022.81,4052.48,2.000000000000046,-1.019211324570286,-100.8,0.0,0.0,-100.8,sl,filled,44,0.1,2026-07-16 14:25:43,8576.0,1784197800,5,2026-07,10316.11,nv1_f5_oos_baseline_b,10270.130000000001,0.9629868365833608,0,0.9629868365833608,133,False
1220,S,2026-07-17 20:49:00,4011.5,4011.5,4020.57,3993.36,1.9999999999999498,2.0446025859476427,200.2,0.0,3.79,203.98999999999998,tp,filled,46,0.11,2026-07-20 02:00:24,8932.0,1784317500,5,2026-07,10316.11,nv1_f5_oos_baseline_b,10169.33,0.9810872496024988,0,0.9810872496024988,134,False
1223,S,2026-07-17 21:01:00,4008.59,4008.59,4015.99,3993.79,2.000000000000123,-1.006756756756806,-96.85,0.0,0.0,-96.85,sl,filled,47,0.13,2026-07-17 21:29:54,8936.0,1784319600,5,2026-07,10316.11,nv1_f5_oos_baseline_b,10169.33,0.9459816920091617,1,1.9270689416116604,134,False
1233,L,2026-07-20 05:23:00,4007.53,4007.53,3982.48,4057.63,1.9999999999999818,1.9698602794411033,200.56,0.0,-3.18,197.38,tp,filled,50,0.04,2026-07-21 08:30:23,9024.0,1784516400,5,2026-07,10316.11,nv1_f5_oos_baseline_b,10276.470000000001,0.9750429865508362,0,0.9750429865508362,135,False
1235,L,2026-07-20 11:13:00,4021.63,4021.63,3997.59,4069.71,2.0,1.9669301164725486,192.32,0.0,-3.18,189.14,tp,filled,51,0.04,2026-07-21 09:11:17,9093.0,1784523000,5,2026-07,10316.11,nv1_f5_oos_baseline_b,10276.470000000001,0.9357298761150457,1,1.910772862665882,135,False
1245,S,2026-07-20 12:03:00,4019.12,4019.12,4031.09,3995.18,1.999999999999962,-1.0200501253132617,-97.68,0.0,0.0,-97.68,sl,filled,52,0.08,2026-07-20 14:30:33,9102.0,1784546400,5,2026-07,10316.11,nv1_f5_oos_baseline_b,10276.470000000001,0.9318374889432074,2,2.8426103516090895,135,False
1261,L,2026-07-20 23:33:01,4009.16,4009.16,4004.16,4019.16,2.0,-1.161,-100.2,0.0,-15.9,-116.10000000000001,sl,filled,54,0.2,2026-07-21 01:42:13,9245.0,1784585400,5,2026-07,10316.11,nv1_f5_oos_baseline_b,10178.79,0.982435043850988,2,2.89320790651687,135,False
1265,L,2026-07-21 04:02:00,4023.5,4023.5,3999.55,4071.4,2.000000000000019,2.0020876826722493,191.8,0.0,0.0,191.8,tp,filled,56,0.04,2026-07-21 09:13:30,9288.0,1784598900,5,2026-07,10316.11,nv1_f5_oos_baseline_b,10062.69,0.9520317131900045,2,2.862804575855886,135,False
1333,S,2026-07-22 20:59:00,4142.52,4142.52,4155.85,4115.86,2.0000000000000684,2.0857357196442075,187.39,0.0,7.23,194.61999999999998,tp,filled,60,0.07,2026-07-23 04:56:22,9759.0,1784747700,5,2026-07,10316.11,nv1_f5_oos_baseline_b,10641.01,0.8768904455498069,0,0.8768904455498069,136,True
1332,S,2026-07-22 21:00:00,4142.38,4142.38,4165.6,4095.94,1.9999999999999805,2.0513565891472645,186.4,0.0,4.13,190.53,tp,filled,61,0.04,2026-07-23 10:42:38,9759.0,1784745900,5,2026-07,10316.11,nv1_f5_oos_baseline_b,10641.01,0.8728494757546607,1,1.7497399213044675,136,True
1340,L,2026-07-23 03:36:00,4131.03,4131.03,4116.4,4160.29,2.0,-1.038961038961031,-106.4,0.0,0.0,-106.4,sl,filled,62,0.07,2026-07-23 04:56:22,9826.0,1784772300,5,2026-07,10316.11,nv1_f5_oos_baseline_b,10641.01,0.9624086435404231,2,2.712148564844891,136,False
1353,S,2026-07-23 13:09:00,4089.11,4089.11,4097.49,4072.35,2.0000000000001084,2.0715990453461477,225.68,0.0,0.0,225.68,tp,filled,66,0.13,2026-07-23 15:24:35,9936.0,1784808900,5,2026-07,10316.11,nv1_f5_oos_baseline_b,10919.76,0.9976409737942548,0,0.9976409737942548,137,False
1270,L,2026-07-24 06:25:00,4030.53,4030.53,4021.8,4047.99,1.9999999999999478,1.9999999999999962,209.52,0.0,0.0,209.52,tp,filled,68,0.12,2026-07-24 10:21:56,10123.0,1784610900,5,2026-07,10316.11,nv1_f5_oos_baseline_b,11145.44,0.9399359738153021,0,0.9399359738153021,138,False
1415,S,2026-07-27 07:28:00,4087.87,4087.87,4093.98,4075.65,1.9999999999999256,-1.0507364975449862,-115.56,0.0,0.0,-115.56,sl,filled,70,0.18,2026-07-27 08:08:27,10388.0,1785132900,5,2026-07,10316.11,nv1_f5_oos_baseline_b,11354.960000000001,0.968563517616991,0,0.968563517616991,139,False
1414,S,2026-07-27 08:40:00,4088.41,4088.41,4097.23,4070.77,2.0000000000000515,-1.0011337868481056,-105.96,0.0,0.0,-105.96,sl,filled,72,0.12,2026-07-27 09:35:48,10401.0,1785131400,5,2026-07,10316.11,nv1_f5_oos_baseline_b,11239.400000000001,0.9416872786803254,0,0.9416872786803254,140,False
1423,L,2026-07-27 13:30:00,4093.28,4093.28,4087.5,4104.84,1.9999999999999214,-1.0051903114186502,-110.39,0.0,0.0,-110.39,sl,filled,74,0.19,2026-07-27 15:13:23,10461.0,1785151800,5,2026-07,10316.11,nv1_f5_oos_baseline_b,11133.44,0.986397735111554,0,0.986397735111554,141,False
1428,S,2026-07-27 17:11:00,4073.9,4073.9,4103.59,4014.52,2.0,2.0139216346693574,178.35,0.0,1.03,179.38,tp,filled,76,0.03,2026-07-28 17:21:15,10498.0,1785161100,5,2026-07,10316.11,nv1_f5_oos_baseline_b,11023.050000000001,0.8080340740539158,0,0.8080340740539158,142,False
1439,L,2026-07-27 22:34:00,4086.05,4086.05,4074.88,4108.39,2.0,-1.0926091713916173,-102.69,0.0,-7.15,-109.84,sl,filled,77,0.09,2026-07-28 01:22:45,10562.0,1785188700,5,2026-07,10316.11,nv1_f5_oos_baseline_b,11023.050000000001,0.9119980404697489,1,1.7200321145236646,142,False
1449,S,2026-07-28 13:10:00,4021.95,4021.95,4058.72,3948.41,2.0,-1.0401142235518093,-77.18,0.0,0.69,-76.49000000000001,sl,filled,79,0.02,2026-07-29 21:00:02,10722.0,1785211800,5,2026-07,10316.11,nv1_f5_oos_baseline_b,10913.210000000001,0.6738622275205916,1,1.4818963015745075,142,False
1460,L,2026-07-28 14:36:00,4028.16,4028.16,4019.53,4045.42,2.0000000000001052,-1.0081112398609906,-104.4,0.0,0.0,-104.4,sl,filled,80,0.12,2026-07-28 17:20:08,10738.0,1785245700,5,2026-07,10316.11,nv1_f5_oos_baseline_b,10913.210000000001,0.9489416954314619,2,2.4308379970059693,142,False
1469,S,2026-07-28 19:37:00,4042.2,4042.2,4047.46,4031.68,1.9999999999999136,2.003802281368738,210.8,0.0,0.0,210.8,tp,filled,83,0.2,2026-07-28 20:39:44,10794.0,1785264600,5,2026-07,10316.11,nv1_f5_oos_baseline_b,10988.19,0.9573915267210011,1,1.6312537542415928,142,False
1483,S,2026-07-29 03:15:00,4020.63,4020.63,4027.77,4006.35,2.0000000000000635,-1.0980392156862941,-117.6,0.0,0.0,-117.6,sl,filled,85,0.15,2026-07-29 03:21:55,10862.0,1785287100,5,2026-07,10316.11,nv1_f5_oos_baseline_b,11198.990000000002,0.9563362410360049,1,1.6301984685565964,142,False
1493,L,2026-07-29 09:43:00,4042.88,4042.88,4029.53,4069.58,2.0,-1.0059925093633026,-107.44,0.0,0.0,-107.44,sl,filled,87,0.08,2026-07-29 13:38:53,10935.0,1785314100,5,2026-07,10316.11,nv1_f5_oos_baseline_b,11081.390000000001,0.9637780097984031,1,1.6376402373189947,142,False
1457,S,2026-07-29 11:40:00,4037.96,4037.96,4051.59,4010.7,2.0,2.0058694057226547,218.72,0.0,0.0,218.72,tp,filled,88,0.08,2026-07-29 15:30:05,10957.0,1785237600,5,2026-07,10316.11,nv1_f5_oos_baseline_b,11081.390000000001,0.9839920804159124,2,2.621632317734907,142,False
1534,L,2026-07-30 14:06:00,4080.17,4080.17,4059.48,4121.55,2.0,-1.0398260028999486,-103.6,0.0,-3.97,-107.57,sl,filled,92,0.05,2026-07-31 11:24:47,11238.0,1785412200,5,2026-07,10316.11,nv1_f5_oos_baseline_b,11116.18,0.9306254486703192,0,0.9306254486703192,143,False
1520,S,2026-07-30 16:04:00,4068.89,4068.89,4090.8,4025.07,1.9999999999999585,-1.0073026015517885,-110.35,0.0,0.0,-110.35,sl,filled,93,0.05,2026-07-30 16:37:45,11266.0,1785387600,5,2026-07,10316.11,nv1_f5_oos_baseline_b,11116.18,0.9855004147108228,1,1.916125863381142,143,False
1537,S,2026-07-30 18:28:00,4094.89,4094.89,4113.22,4058.23,1.9999999999999505,-1.0005455537370223,-110.04,0.0,0.0,-110.04,sl,filled,95,0.06,2026-07-30 19:03:17,11294.0,1785430500,5,2026-07,10316.11,nv1_f5_oos_baseline_b,11005.83,0.9992885588819953,1,1.9299140075523145,143,True
1350,S,2026-07-30 18:31:00,4093.2,4093.2,4122.72,4034.16,1.9999999999999691,2.0119692863595007,177.15,0.0,1.03,178.18,tp,filled,96,0.03,2026-07-31 16:35:03,11294.0,1784799900,5,2026-07,10316.11,nv1_f5_oos_baseline_b,11005.83,0.8046644369393431,2,2.7345784444916577,143,True
1550,L,2026-07-30 22:34:00,4114.09,4114.09,4101.33,4139.61,1.9999999999999287,-0.9999999999999829,-102.08,0.0,0.0,-102.08,sl,filled,98,0.08,2026-07-30 23:48:06,11340.0,1785446400,5,2026-07,10316.11,nv1_f5_oos_baseline_b,10895.79,0.9368756189317318,2,2.672165504541394,143,False
1556,S,2026-07-31 03:12:00,4102.01,4102.01,4111.63,4082.77,2.000000000000047,2.0051975051975277,212.19,0.0,0.0,212.19,tp,filled,100,0.11,2026-07-31 04:50:14,11378.0,1785463200,5,2026-07,10316.11,nv1_f5_oos_baseline_b,10793.710000000001,0.9803857987661221,2,2.7156756843757845,143,False
1560,S,2026-07-31 11:49:00,4061.31,4061.31,4089.6,4004.73,2.0,0.6094026157652889,51.72,0.0,0.0,51.72,end,filled,103,0.03,2026-07-31 23:56:59,11473.0,1785474300,5,2026-07,10316.11,nv1_f5_oos_baseline_b,10898.33,0.7787431652372417,1,1.5834076021765848,143,False
