combo,windows,profitable_windows,eligible_windows,net_median,net_min,net_max,net_spread,eq_dd_median,eq_dd_min,trades_median,daily_sharpe_median,rank_median,rank_best,rank_worst,neighbours,mean_abs_diff_net
0/2/10,6,1,0,-1292.04,-4381.62,736.61,5118.23,37.6238,22.1725,483.5,-0.0415706911978192,13.0,4,16,2,658.0375
0/2/20,6,2,0,-661.225,-3674.08,1355.56,5029.639999999999,35.60865,18.537,482.5,-0.014127449968874602,10.5,3,14,3,577.573888888889
0/2/40,6,3,0,-597.14,-3620.55,1539.55,5160.1,33.2748,21.36,481.0,-0.01221228320131045,9.5,2,12,2,526.9308333333333
0/3/10,6,1,0,-2041.68,-6054.17,493.63,6547.8,32.84325,25.5182,492.0,-0.08378899704361539,16.5,7,18,3,718.5333333333334
0/3/20,6,1,0,-1730.895,-5152.93,645.32,5798.25,31.459699999999998,23.9698,497.5,-0.06634838205830855,15.0,5,17,4,665.7270833333333
0/3/40,6,1,0,-1452.22,-5127.97,1582.03,6710.0,31.878149999999998,22.5923,495.0,-0.052454975854124744,13.0,1,16,3,786.1516666666666
0/4/10,6,0,0,-1678.83,-4920.99,-498.68,4422.3099999999995,35.78915,30.0018,489.5,-0.055339540657548106,14.5,9,18,2,669.6083333333332
0/4/20,6,1,0,-1476.795,-4818.89,292.8,5111.6900000000005,35.6866,29.0663,489.5,-0.0456078519867549,12.5,8,18,3,514.145
0/4/40,6,1,0,-1002.4449999999999,-4638.67,539.23,5177.9,35.284800000000004,28.2069,486.5,-0.02435588881684485,10.0,6,16,2,708.5749999999999
1/2/10,6,2,0,-196.23000000000002,-1682.41,511.11,2193.52,18.8533,17.5409,176.0,-0.00201463770318425,7.0,3,12,2,612.6216666666667
1/2/20,6,3,0,-15.38000000000001,-1739.3,800.75,2540.05,18.604,16.0325,176.0,0.01068302291963465,5.5,1,13,3,473.4194444444445
1/2/40,6,3,0,11.445000000000007,-1660.57,903.31,2563.88,18.7273,16.6495,176.0,0.012615244734064899,5.5,1,11,2,620.7658333333334
1/3/10,6,2,0,-462.54999999999995,-1174.18,1611.26,2785.44,18.1401,15.9668,146.0,-0.022319246176652797,6.0,2,14,3,677.478888888889
1/3/20,6,2,0,-577.495,-948.13,1390.54,2338.67,18.1526,13.8285,146.0,-0.032167922252753445,6.5,3,13,4,582.2125
1/3/40,6,1,0,-513.1500000000001,-1544.83,1704.16,3248.99,19.3281,17.7864,146.0,-0.025754030825483103,6.5,1,15,3,839.9294444444445
1/4/10,6,3,0,-155.00500000000002,-1757.89,869.44,2627.33,19.938499999999998,12.0845,120.5,-0.0024729732993679504,5.5,1,16,2,461.0025
1/4/20,6,3,0,-180.66,-1762.5,836.19,2598.69,19.8856,12.2044,120.5,-0.005303087838646751,6.5,1,17,3,405.30888888888893
1/4/40,6,1,0,-601.8199999999999,-1970.67,398.78,2369.45,19.24125,11.6002,120.5,-0.04196662130388215,11.0,3,18,2,735.39
