time,open,high,low,close,tick_volume
1772235900,5274.53,5281.15,5272.20,5280.14,2527
1772413200,5301.63,5379.38,5299.77,5348.31,7328
1772414100,5348.26,5358.61,5343.90,5355.37,6920
1772415000,5355.12,5393.37,5353.13,5382.13,6992
1772415900,5382.14,5390.28,5373.95,5386.93,6755
1772416800,5386.93,5388.06,5364.34,5376.14,7342
1772417700,5376.15,5376.26,5349.59,5364.81,6901
1772418600,5364.81,5373.47,5359.22,5365.39,6023
1772419500,5365.40,5366.26,5341.10,5347.47,6351
1772420400,5347.45,5347.45,5316.40,5340.28,8032
1772421300,5340.16,5345.82,5303.34,5307.74,7747
1772422200,5307.62,5339.15,5305.50,5334.05,7622
1772423100,5333.41,5338.25,5322.02,5324.97,6865
1772424000,5324.96,5335.57,5317.10,5327.74,6804
1772424900,5328.26,5336.19,5326.45,5331.37,5587
1772425800,5331.38,5351.71,5328.68,5351.07,6341
1772426700,5351.06,5351.72,5341.05,5346.56,5705
1772427600,5346.52,5357.45,5344.46,5355.11,5908
1772428500,5355.12,5359.40,5349.91,5355.61,5523
1772429400,5355.61,5364.92,5353.81,5362.21,4756
1772430300,5362.26,5366.78,5359.83,5366.33,4034
1772431200,5366.33,5367.12,5355.70,5356.11,4367
1772432100,5356.11,5366.18,5355.98,5363.53,4080
1772433000,5363.52,5364.19,5345.46,5354.25,4700
1772433900,5354.25,5358.53,5350.84,5356.02,3898
1772434800,5356.03,5356.05,5346.20,5350.17,4857
1772435700,5350.17,5354.30,5341.00,5350.84,4363
1772436600,5350.84,5363.69,5348.93,5360.67,5518
1772437500,5360.66,5366.21,5359.34,5366.02,4976
1772438400,5366.10,5380.05,5363.69,5375.47,5572
1772439300,5375.23,5381.81,5373.74,5380.61,5205
1772440200,5380.61,5383.00,5374.20,5375.56,5733
1772441100,5375.55,5389.79,5375.55,5387.51,5486
1772442000,5387.53,5406.72,5384.99,5406.01,5996
1772442900,5406.02,5419.23,5404.43,5409.12,5936
1772443800,5409.08,5411.64,5402.31,5403.23,5741
1772444700,5403.22,5414.53,5402.52,5408.41,5458
1772445600,5408.35,5413.15,5402.74,5409.71,6077
1772446500,5409.64,5415.91,5402.52,5415.73,5809
1772447400,5415.73,5416.78,5396.91,5401.88,5508
1772448300,5401.85,5411.08,5391.33,5394.15,5597
1772449200,5394.11,5400.15,5389.69,5394.65,5695
1772450100,5394.66,5398.69,5386.11,5394.57,4800
1772451000,5394.57,5402.74,5394.26,5396.70,4551
1772451900,5396.68,5397.42,5387.34,5392.06,4858
1772452800,5392.06,5394.49,5379.12,5390.53,5438
1772453700,5390.52,5392.35,5383.75,5389.96,4325
1772454600,5389.96,5400.89,5387.12,5400.50,4513
1772455500,5400.51,5400.88,5381.58,5388.99,4740
1772456400,5389.06,5394.64,5382.41,5388.54,4229
1772457300,5388.54,5397.22,5387.73,5390.45,4455
1772458200,5390.45,5399.91,5388.97,5389.09,4094
1772459100,5389.09,5389.87,5375.27,5385.33,5703
1772460000,5385.30,5398.24,5378.99,5391.54,5658
1772460900,5391.55,5396.08,5384.73,5394.12,4854
1772461800,5394.12,5398.74,5388.90,5396.46,4717
1772462700,5396.53,5398.49,5385.64,5397.02,4918
1772463600,5397.04,5410.18,5382.04,5384.18,7289
1772464500,5384.20,5409.17,5382.62,5401.62,7032
1772465400,5401.54,5416.43,5392.40,5393.33,7017
1772466300,5393.09,5398.24,5389.44,5393.98,6449
1772467200,5393.98,5395.13,5363.62,5375.14,7282
1772468100,5375.13,5376.47,5306.92,5333.61,8090
1772469000,5333.58,5355.81,5306.42,5347.31,8403
1772469900,5347.32,5351.47,5320.79,5333.34,8149
1772470800,5333.25,5346.81,5311.15,5333.93,8224
1772471700,5333.81,5338.95,5317.52,5331.06,7999
1772472600,5331.00,5348.89,5330.11,5341.99,7537
1772473500,5342.24,5345.07,5308.31,5315.96,7833
1772474400,5315.34,5315.34,5260.62,5300.57,8246
1772475300,5300.52,5314.40,5281.89,5309.86,7813
1772476200,5309.85,5311.77,5282.35,5301.40,7687
1772477100,5301.39,5306.23,5289.44,5290.02,7587
1772478000,5290.05,5309.99,5286.85,5298.48,7417
1772478900,5298.55,5312.15,5291.89,5304.55,7098
1772479800,5304.55,5320.68,5303.48,5304.58,6733
1772480700,5304.35,5310.96,5298.09,5306.80,6689
1772481600,5306.80,5308.20,5289.64,5295.07,6529
1772482500,5295.18,5305.84,5293.63,5297.67,6665
1772483400,5297.64,5303.15,5290.82,5303.15,5730
1772484300,5303.15,5316.70,5302.07,5315.63,5680
1772485200,5315.62,5333.25,5313.91,5330.61,6135
1772486100,5330.61,5332.83,5318.72,5330.90,5592
1772487000,5330.90,5334.16,5324.65,5325.20,5171
1772487900,5325.15,5332.23,5322.92,5330.39,4878
1772488800,5330.39,5346.37,5328.36,5337.53,6543
1772489700,5337.54,5346.34,5328.64,5333.55,7219
1772490600,5333.55,5344.72,5332.30,5341.93,6263
1772491500,5341.93,5342.53,5331.31,5332.32,6652
1772492400,5332.45,5339.72,5331.44,5335.29,4171
1772493300,5335.28,5340.27,5331.37,5332.56,3569
1772494200,5332.55,5332.76,5325.99,5331.24,4323
1772495100,5331.25,5331.25,5321.76,5322.38,2738
1772499600,5315.36,5346.94,5315.36,5338.76,4085
1772500500,5338.77,5341.99,5329.41,5336.73,3646
1772501400,5336.73,5336.85,5330.49,5330.86,3186
1772502300,5330.86,5346.75,5330.20,5345.92,3976
1772503200,5345.92,5349.66,5336.98,5348.46,4065
1772504100,5348.47,5358.78,5348.35,5357.82,4490
1772505000,5357.82,5362.01,5348.27,5355.06,4651
1772505900,5355.05,5359.48,5346.51,5350.27,4529
1772506800,5350.29,5372.06,5347.32,5368.33,6632
1772507700,5368.33,5379.84,5365.96,5377.15,6156
1772508600,5377.17,5378.19,5364.43,5364.45,6247
1772509500,5364.42,5365.34,5338.22,5339.29,7499
1772510400,5339.28,5357.22,5333.01,5349.94,7140
1772511300,5349.94,5359.53,5344.30,5358.85,5972
1772512200,5358.92,5365.22,5355.59,5361.09,6254
1772513100,5360.95,5368.06,5358.99,5366.90,5693
1772514000,5366.91,5371.60,5365.01,5366.71,5573
1772514900,5366.72,5373.49,5363.96,5367.37,5440
1772515800,5367.42,5370.58,5365.63,5369.20,4230
1772516700,5369.20,5369.97,5359.37,5366.95,3783
1772517600,5367.24,5367.87,5359.38,5361.69,3756
1772518500,5361.68,5375.60,5359.63,5371.99,4330
1772519400,5371.99,5375.48,5367.35,5369.64,3876
1772520300,5369.64,5370.03,5361.01,5361.15,4446
1772521200,5361.27,5367.18,5354.77,5362.20,5053
1772522100,5362.20,5364.20,5353.07,5358.81,4799
1772523000,5358.82,5359.36,5334.70,5345.21,6905
1772523900,5345.23,5346.74,5305.15,5319.08,7487
1772524800,5319.11,5322.99,5279.56,5289.86,7376
1772525700,5289.88,5319.58,5288.29,5316.77,6819
1772526600,5316.77,5319.30,5295.79,5310.38,6796
1772527500,5310.40,5314.98,5290.84,5310.70,6586
1772528400,5310.67,5318.39,5306.03,5314.94,5432
1772529300,5314.94,5319.97,5310.32,5313.44,4974
1772530200,5313.44,5328.41,5313.44,5326.68,5141
1772531100,5326.50,5331.13,5323.69,5327.68,5414
1772532000,5327.69,5335.93,5319.93,5319.94,6116
1772532900,5319.94,5328.62,5310.95,5311.96,5903
1772533800,5312.06,5313.38,5296.01,5305.10,6453
1772534700,5305.09,5311.38,5290.29,5295.73,6426
1772535600,5295.73,5303.86,5284.68,5296.27,6801
1772536500,5296.30,5302.41,5226.44,5241.97,7222
1772537400,5241.77,5270.64,5240.76,5263.78,7291
1772538300,5263.78,5280.91,5259.87,5275.11,6452
1772539200,5275.20,5287.91,5268.88,5273.53,6294
1772540100,5272.90,5281.32,5265.97,5276.76,6087
1772541000,5276.76,5276.79,5247.60,5260.81,6766
1772541900,5260.87,5260.96,5238.06,5248.29,7208
1772542800,5248.41,5264.06,5160.58,5199.05,7791
1772543700,5198.92,5209.07,5113.51,5126.54,7935
1772544600,5126.60,5143.31,5074.43,5124.85,8451
1772545500,5124.74,5157.90,5123.32,5144.81,7815
1772546400,5144.78,5193.09,5138.58,5192.95,7849
1772547300,5192.95,5208.80,5181.23,5204.63,7245
1772548200,5204.58,5212.12,5188.89,5202.83,6530
1772549100,5202.78,5226.61,5196.24,5224.51,6759
1772550000,5224.52,5224.52,5146.42,5163.91,8338
1772550900,5163.99,5184.59,5159.73,5177.99,7734
1772551800,5178.06,5185.95,5147.52,5156.38,7546
1772552700,5156.37,5159.28,5127.51,5156.70,7520
1772553600,5156.66,5175.50,5150.32,5165.21,7592
1772554500,5165.01,5166.44,5125.21,5145.98,7558
1772555400,5145.98,5145.98,5062.00,5071.37,8580
1772556300,5071.42,5076.36,5016.26,5037.91,8559
1772557200,5038.59,5069.99,5025.62,5039.82,8586
1772558100,5039.93,5053.30,4996.24,5044.13,8443
1772559000,5044.13,5070.23,5037.34,5061.70,8249
1772559900,5061.67,5096.92,5054.48,5095.67,8168
1772560800,5095.54,5122.75,5090.57,5108.17,8113
1772561700,5108.16,5126.06,5099.94,5112.76,8026
1772562600,5112.76,5134.63,5107.26,5111.44,8041
1772563500,5111.44,5115.73,5097.98,5106.75,7764
1772564400,5106.76,5107.43,5081.01,5098.37,7837
1772565300,5098.36,5109.84,5081.96,5083.41,7535
1772566200,5083.40,5086.01,5065.23,5078.85,7823
1772567100,5078.69,5084.47,5067.57,5079.12,7613
1772568000,5079.22,5103.98,5079.19,5103.30,7460
1772568900,5103.44,5117.18,5093.59,5112.24,7348
1772569800,5112.21,5137.17,5107.15,5133.30,7405
1772570700,5133.30,5138.17,5127.12,5136.04,6912
1772571600,5136.04,5148.69,5110.11,5111.41,7259
1772572500,5112.28,5121.23,5102.06,5106.26,7162
1772573400,5106.54,5119.03,5099.38,5118.96,7483
1772574300,5118.97,5128.42,5107.23,5113.29,7430
1772575200,5113.30,5127.04,5112.15,5118.89,7328
1772576100,5118.97,5130.35,5114.11,5123.11,6881
1772577000,5123.06,5126.51,5102.48,5111.52,7050
1772577900,5111.48,5113.21,5085.88,5096.99,7503
1772578800,5097.13,5110.46,5094.50,5098.70,4488
1772579700,5098.72,5101.16,5089.45,5089.48,4648
1772580600,5089.48,5096.37,5084.01,5091.85,3965
1772581500,5091.85,5093.69,5083.53,5090.26,3720
1772586000,5101.71,5117.94,5084.70,5117.20,5616
1772586900,5117.21,5128.30,5116.51,5126.09,5610
1772587800,5126.18,5128.45,5116.75,5125.50,4951
1772588700,5125.50,5129.90,5120.14,5125.35,4488
1772589600,5125.34,5126.25,5105.98,5115.98,6185
1772590500,5116.03,5128.97,5113.36,5125.22,5450
1772591400,5125.23,5137.68,5122.56,5132.25,4916
1772592300,5132.26,5140.32,5127.95,5138.67,5553
1772593200,5138.66,5162.74,5138.65,5159.57,7263
1772594100,5159.53,5164.42,5146.78,5146.88,7104
1772595000,5147.12,5163.58,5142.42,5163.08,7479
1772595900,5163.09,5178.59,5158.52,5175.04,7040
1772596800,5175.10,5190.69,5168.13,5189.81,6616
1772597700,5189.80,5189.82,5176.02,5177.78,5907
1772598600,5177.78,5179.97,5164.03,5179.67,6731
1772599500,5179.91,5180.94,5154.09,5156.31,6929
1772600400,5156.31,5160.25,5141.31,5156.03,6635
1772601300,5156.03,5168.14,5151.60,5162.49,6316
1772602200,5162.49,5167.72,5153.98,5162.94,6260
1772603100,5162.96,5177.59,5159.60,5174.53,5617
1772604000,5174.54,5180.84,5171.84,5174.04,5236
1772604900,5174.06,5174.24,5163.03,5168.20,5296
1772605800,5168.18,5170.73,5152.13,5161.63,5552
1772606700,5161.63,5165.09,5154.89,5156.90,4906
1772607600,5156.92,5166.42,5152.15,5161.05,5853
1772608500,5161.06,5165.87,5152.97,5156.60,5490
1772609400,5156.61,5167.71,5155.32,5160.31,6436
1772610300,5160.29,5168.20,5154.10,5159.99,6424
1772611200,5159.96,5159.96,5122.35,5141.95,7016
1772612100,5141.95,5150.32,5128.70,5134.49,6603
1772613000,5134.48,5156.01,5132.82,5148.12,6425
1772613900,5148.70,5160.75,5146.80,5160.75,5999
1772614800,5160.67,5175.93,5158.48,5167.57,6193
1772615700,5167.57,5174.60,5163.48,5167.59,5543
1772616600,5167.57,5173.10,5163.61,5169.52,4911
1772617500,5169.52,5175.93,5168.35,5168.40,4454
1772618400,5168.28,5172.09,5147.69,5157.28,6384
1772619300,5157.28,5168.67,5152.38,5162.72,5460
1772620200,5162.75,5176.05,5161.93,5175.63,5398
1772621100,5175.63,5182.08,5166.39,5167.59,5024
1772622000,5167.58,5171.39,5159.15,5164.23,5814
1772622900,5164.13,5178.39,5162.44,5170.90,4624
1772623800,5170.84,5185.02,5169.00,5182.55,4455
1772624700,5182.55,5184.93,5175.94,5182.25,4762
1772625600,5182.25,5198.12,5182.25,5198.09,6001
1772626500,5198.34,5202.52,5186.86,5188.20,6023
1772627400,5188.21,5191.23,5179.62,5185.47,5085
1772628300,5185.47,5193.80,5181.62,5189.83,4571
1772629200,5189.83,5196.46,5187.83,5195.03,4480
1772630100,5195.03,5197.64,5190.35,5194.93,4600
1772631000,5194.93,5200.76,5190.96,5193.10,4682
1772631900,5193.01,5194.44,5187.67,5192.12,3996
1772632800,5192.12,5206.05,5192.12,5197.53,5221
1772633700,5197.53,5197.69,5174.25,5178.28,6121
1772634600,5178.35,5178.35,5156.37,5166.91,6859
1772635500,5166.90,5173.25,5159.86,5171.15,5756
1772636400,5171.15,5196.36,5171.12,5193.91,6992
1772637300,5193.78,5195.46,5179.27,5192.32,6515
1772638200,5192.32,5192.93,5182.00,5188.39,6324
1772639100,5188.39,5192.27,5167.46,5167.92,6597
1772640000,5167.93,5180.73,5164.31,5165.15,6822
1772640900,5165.14,5175.10,5160.24,5166.30,7133
1772641800,5166.10,5185.07,5163.09,5171.83,8039
1772642700,5171.86,5179.55,5138.66,5146.67,8164
1772643600,5146.67,5162.75,5131.32,5134.08,7953
1772644500,5134.26,5159.75,5132.70,5156.35,7761
1772645400,5156.28,5167.03,5137.66,5143.86,7623
1772646300,5143.88,5153.02,5133.60,5151.34,7434
1772647200,5151.30,5162.59,5143.42,5148.37,7411
1772648100,5148.31,5155.82,5138.37,5146.09,7226
1772649000,5146.10,5159.26,5144.05,5146.79,6982
1772649900,5146.82,5152.88,5142.87,5149.73,6359
1772650800,5149.73,5153.07,5143.12,5147.32,6338
1772651700,5147.33,5149.85,5120.29,5133.53,6665
1772652600,5133.58,5139.18,5128.33,5137.46,6631
1772653500,5137.47,5147.62,5135.69,5141.09,6220
1772654400,5141.09,5143.53,5117.65,5124.62,6880
1772655300,5124.57,5128.00,5111.37,5124.00,7110
1772656200,5123.94,5129.92,5109.05,5125.25,6430
1772657100,5125.19,5134.80,5124.01,5133.54,5354
1772658000,5133.75,5136.57,5126.26,5131.26,4846
1772658900,5131.26,5133.19,5124.63,5124.70,5086
1772659800,5124.74,5132.20,5123.36,5130.88,5283
1772660700,5130.88,5139.58,5129.68,5137.89,5255
1772661600,5137.95,5138.85,5127.07,5129.86,5501
1772662500,5129.90,5138.44,5123.60,5137.29,5535
1772663400,5137.29,5146.64,5136.98,5143.97,5115
1772664300,5143.94,5144.58,5132.88,5134.71,5814
1772665200,5134.81,5143.98,5133.81,5140.42,3558
1772666100,5140.42,5141.50,5136.32,5141.37,2870
1772667000,5141.41,5141.88,5129.47,5135.72,2950
1772667900,5135.71,5142.26,5135.05,5139.20,2280
1772672400,5146.27,5154.93,5144.87,5146.84,4011
1772673300,5146.84,5156.43,5146.36,5154.58,2992
1772674200,5154.58,5156.15,5148.67,5155.58,2846
1772675100,5155.58,5166.10,5154.99,5165.21,4207
1772676000,5165.21,5172.82,5159.45,5171.20,4556
1772676900,5171.19,5179.81,5170.77,5173.53,3973
1772677800,5173.53,5176.91,5168.55,5171.49,3652
1772678700,5171.48,5177.34,5166.35,5172.57,4537
1772679600,5172.56,5186.44,5169.93,5176.50,6515
1772680500,5176.50,5182.32,5172.61,5177.59,6369
1772681400,5177.59,5178.95,5167.61,5172.37,6649
1772682300,5172.65,5179.97,5169.29,5172.62,6211
1772683200,5172.62,5181.65,5171.63,5178.65,5962
1772684100,5178.67,5188.00,5176.44,5184.03,4794
1772685000,5184.04,5187.20,5174.62,5175.12,5779
1772685900,5175.58,5192.44,5174.37,5192.03,5667
1772686800,5192.02,5194.89,5183.99,5185.86,5538
1772687700,5185.86,5191.15,5184.62,5185.07,5300
1772688600,5185.08,5190.85,5181.33,5188.60,4517
1772689500,5188.59,5191.09,5178.41,5180.25,4201
1772690400,5180.23,5185.78,5176.86,5183.62,3638
1772691300,5183.67,5186.63,5174.79,5178.41,4013
1772692200,5178.42,5180.08,5173.94,5174.36,3726
1772693100,5174.35,5175.69,5166.35,5171.69,4187
1772694000,5171.72,5176.83,5169.20,5175.56,4180
1772694900,5175.60,5176.66,5169.91,5172.37,3820
1772695800,5172.37,5174.31,5161.92,5166.39,5961
1772696700,5166.39,5169.39,5148.32,5148.62,6130
1772697600,5148.65,5155.28,5120.79,5132.03,7283
1772698500,5132.36,5143.84,5124.40,5143.08,6589
1772699400,5143.08,5156.71,5140.46,5150.81,6121
1772700300,5150.82,5168.80,5149.17,5167.70,6173
1772701200,5167.70,5172.64,5161.34,5161.93,5735
1772702100,5161.93,5167.91,5159.86,5166.21,4788
1772703000,5166.19,5167.04,5159.63,5160.39,5075
1772703900,5160.37,5166.15,5158.97,5162.21,4927
1772704800,5162.27,5162.56,5141.90,5141.93,6171
1772705700,5141.93,5148.59,5137.58,5144.60,6045
1772706600,5144.59,5163.44,5143.70,5161.20,5518
1772707500,5161.14,5170.14,5161.14,5165.61,4913
1772708400,5165.62,5180.28,5161.51,5179.50,6441
1772709300,5179.50,5180.54,5167.11,5169.61,5945
1772710200,5169.60,5169.83,5153.85,5162.53,5584
1772711100,5162.56,5165.25,5157.24,5161.15,5048
1772712000,5161.10,5161.10,5146.23,5154.39,4969
1772712900,5154.40,5158.60,5151.58,5156.21,4569
1772713800,5156.21,5158.84,5147.72,5156.99,4752
1772714700,5156.99,5167.50,5156.48,5164.52,4670
1772715600,5164.52,5168.02,5161.55,5164.61,4376
1772716500,5164.62,5166.94,5161.14,5163.17,3823
1772717400,5163.16,5164.68,5156.94,5160.92,3989
1772718300,5160.91,5165.13,5160.38,5163.90,3793
1772719200,5163.90,5171.53,5163.16,5168.54,4372
1772720100,5168.54,5170.40,5161.90,5161.91,4389
1772721000,5161.91,5167.83,5160.93,5162.42,4060
1772721900,5162.43,5166.11,5160.99,5162.52,3988
1772722800,5162.64,5164.08,5146.62,5155.88,6883
1772723700,5155.90,5159.95,5084.89,5122.20,7970
1772724600,5122.19,5137.94,5114.98,5131.37,6807
1772725500,5131.40,5132.14,5109.87,5118.00,6577
1772726400,5118.01,5129.86,5110.17,5112.90,6811
1772727300,5112.96,5120.99,5102.91,5120.33,7136
1772728200,5120.33,5123.79,5090.73,5097.52,8128
1772729100,5097.41,5111.00,5091.37,5102.19,7736
1772730000,5102.15,5119.90,5062.17,5084.94,7681
1772730900,5085.36,5093.82,5072.12,5086.42,7558
1772731800,5086.44,5093.69,5077.69,5080.46,7443
1772732700,5080.46,5103.07,5079.61,5102.57,7213
1772733600,5102.55,5104.52,5074.37,5083.08,7047
1772734500,5083.07,5085.26,5060.27,5063.78,7230
1772735400,5063.76,5072.58,5054.24,5070.83,7621
1772736300,5070.86,5081.27,5070.31,5077.68,6996
1772737200,5077.68,5089.51,5074.08,5086.34,7012
1772738100,5086.34,5088.85,5075.30,5075.30,7004
1772739000,5075.18,5077.31,5055.09,5063.53,7758
1772739900,5063.58,5069.26,5055.68,5063.00,7787
1772740800,5062.89,5073.59,5051.05,5071.96,7459
1772741700,5071.96,5075.83,5061.48,5071.20,7545
1772742600,5071.27,5085.50,5070.61,5083.13,6982
1772743500,5083.13,5083.63,5067.25,5069.37,6787
1772744400,5069.40,5081.28,5067.58,5073.57,6775
1772745300,5073.55,5073.55,5062.21,5066.94,6833
1772746200,5066.95,5067.25,5055.94,5065.87,6972
1772747100,5065.87,5070.60,5062.30,5065.95,7039
1772748000,5065.94,5079.73,5061.80,5078.92,6640
1772748900,5078.92,5094.78,5076.14,5080.67,7140
1772749800,5080.65,5082.52,5074.33,5081.43,6897
1772750700,5080.67,5081.67,5072.82,5076.75,6990
1772751600,5076.64,5084.21,5072.12,5076.44,4084
1772752500,5076.45,5081.29,5075.64,5080.76,2670
1772753400,5080.76,5082.63,5072.75,5075.59,3030
1772754300,5075.61,5085.05,5074.19,5083.25,2387
1772758800,5083.41,5091.81,5082.29,5086.32,2868
1772759700,5086.32,5096.78,5083.11,5091.27,4067
1772760600,5091.27,5101.93,5087.31,5101.05,3773
1772761500,5100.99,5100.99,5084.64,5086.26,4377
1772762400,5086.26,5091.53,5074.25,5085.09,4857
1772763300,5085.08,5092.27,5078.26,5090.65,4557
1772764200,5090.65,5092.26,5075.41,5083.62,4260
1772765100,5083.62,5089.82,5076.91,5084.54,4785
1772766000,5084.53,5086.21,5066.63,5077.20,6774
1772766900,5077.17,5088.92,5075.27,5085.77,6239
1772767800,5085.80,5120.25,5085.66,5118.45,6719
1772768700,5118.38,5143.85,5117.62,5134.74,6824
1772769600,5134.72,5138.56,5125.53,5130.35,6376
1772770500,5130.41,5134.42,5127.91,5128.72,4587
1772771400,5128.72,5131.88,5122.15,5124.36,5586
1772772300,5124.33,5129.09,5123.07,5126.33,5207
1772773200,5126.33,5134.79,5124.34,5132.91,5076
1772774100,5132.92,5141.45,5130.83,5136.61,5139
1772775000,5136.63,5137.92,5129.11,5132.45,3787
1772775900,5132.47,5134.65,5129.96,5131.11,3175
1772776800,5131.11,5136.05,5130.65,5135.15,3636
1772777700,5135.16,5136.36,5127.60,5129.60,2951
1772778600,5129.60,5133.45,5128.35,5132.47,3192
1772779500,5132.46,5135.79,5126.42,5127.56,3380
1772780400,5127.54,5129.93,5122.89,5126.59,4180
1772781300,5126.59,5129.94,5122.88,5129.72,3832
1772782200,5129.72,5130.04,5119.09,5121.07,5728
1772783100,5121.07,5123.39,5114.30,5117.13,5374
1772784000,5117.26,5121.48,5109.25,5116.32,5395
1772784900,5116.32,5122.94,5114.54,5120.16,4868
1772785800,5120.16,5122.78,5116.53,5121.20,4734
1772786700,5121.20,5122.36,5115.15,5115.83,4163
1772787600,5115.77,5117.37,5105.74,5111.39,4319
1772788500,5111.39,5119.72,5110.94,5114.65,4540
1772789400,5114.67,5116.34,5107.73,5114.14,4618
1772790300,5114.11,5120.75,5112.52,5119.61,4112
1772791200,5119.61,5123.10,5110.87,5115.48,5031
1772792100,5115.50,5117.67,5099.42,5100.57,5052
1772793000,5100.57,5108.67,5096.34,5107.66,4439
1772793900,5107.66,5113.61,5106.90,5108.57,3778
1772794800,5108.57,5109.45,5094.59,5095.70,5126
1772795700,5095.70,5102.46,5091.98,5099.03,5211
1772796600,5098.96,5103.81,5087.76,5096.24,5587
1772797500,5096.24,5097.37,5083.45,5085.73,5505
1772798400,5085.69,5090.68,5075.72,5082.69,5677
1772799300,5082.69,5092.79,5079.83,5087.44,4871
1772800200,5087.41,5091.57,5080.94,5081.58,4774
1772801100,5081.59,5092.75,5081.59,5090.97,4847
1772802000,5091.10,5091.55,5080.56,5086.10,5397
1772802900,5086.10,5098.16,5085.54,5094.51,4722
1772803800,5094.54,5099.72,5080.88,5081.20,4752
1772804700,5081.20,5087.14,5062.95,5077.07,5787
1772805600,5077.08,5091.03,5076.32,5089.90,6137
1772806500,5089.89,5096.62,5086.15,5088.51,5088
1772807400,5088.51,5096.60,5085.42,5096.20,5452
1772808300,5096.19,5096.66,5081.30,5083.19,4868
1772809200,5083.21,5083.41,5065.51,5073.13,7230
1772810100,5073.15,5088.74,5072.57,5083.15,6314
1772811000,5083.15,5131.03,5083.10,5121.54,7727
1772811900,5122.08,5122.33,5073.91,5084.99,7348
1772812800,5085.17,5102.67,5081.14,5096.92,6808
1772813700,5096.92,5109.34,5088.04,5104.39,6793
1772814600,5104.41,5115.32,5084.30,5089.39,7578
1772815500,5089.39,5131.94,5087.70,5130.30,7515
1772816400,5130.28,5159.08,5128.46,5148.89,7702
1772817300,5149.15,5171.63,5144.45,5161.82,7468
1772818200,5161.83,5166.57,5149.72,5154.03,7237
1772819100,5154.02,5157.47,5134.48,5141.88,6962
1772820000,5141.85,5150.80,5136.14,5143.66,6693
1772820900,5143.71,5153.15,5136.36,5142.26,6745
1772821800,5142.25,5146.13,5126.00,5141.99,6702
1772822700,5141.99,5148.19,5129.98,5139.81,6692
1772823600,5139.79,5142.39,5128.92,5136.74,7022
1772824500,5136.75,5145.32,5133.16,5142.12,6542
1772825400,5142.11,5152.46,5136.60,5137.42,6306
1772826300,5137.43,5140.77,5132.91,5140.74,5987
1772827200,5140.73,5147.45,5138.63,5145.43,6614
1772828100,5145.43,5151.04,5143.00,5150.33,6554
1772829000,5150.32,5165.27,5148.79,5165.11,6045
1772829900,5165.11,5167.67,5156.71,5161.11,5810
1772830800,5161.12,5171.34,5160.54,5171.31,5794
1772831700,5171.28,5174.57,5164.41,5165.27,5689
1772832600,5165.27,5167.99,5157.76,5158.15,5483
1772833500,5158.16,5163.94,5156.68,5159.84,5309
1772834400,5159.84,5162.62,5153.85,5155.47,5670
1772835300,5155.39,5160.58,5152.76,5153.79,5312
1772836200,5153.79,5161.53,5149.55,5157.69,6028
1772837100,5157.68,5160.54,5150.65,5153.48,6073
1772838000,5153.43,5167.49,5150.96,5165.26,4129
1772838900,5165.26,5170.53,5164.92,5168.24,2889
1772839800,5168.24,5171.96,5166.39,5170.52,2412
1772840700,5170.49,5174.94,5169.26,5174.73,2272
1773018000,5180.27,5198.35,5122.11,5159.05,7193
1773018900,5159.04,5160.21,5127.61,5155.43,7150
1773019800,5155.43,5164.47,5105.96,5125.72,7087
1773020700,5125.62,5134.36,5104.24,5130.12,6768
1773021600,5130.12,5135.59,5094.15,5101.85,7069
1773022500,5101.78,5106.91,5095.39,5104.61,5925
1773023400,5104.70,5105.06,5044.49,5072.81,6958
1773024300,5072.88,5079.68,5054.38,5075.92,7286
1773025200,5075.96,5079.94,5028.66,5036.33,7468
1773026100,5036.31,5052.94,5032.88,5046.11,7146
1773027000,5046.08,5060.25,5044.01,5052.68,6537
1773027900,5052.70,5057.65,5033.71,5049.97,7123
1773028800,5049.97,5074.45,5014.96,5072.59,8297
1773029700,5072.45,5087.75,5069.97,5072.12,7499
1773030600,5071.99,5086.21,5071.56,5080.54,7082
1773031500,5080.55,5082.48,5065.02,5070.02,7331
1773032400,5070.02,5095.29,5055.44,5094.41,7417
1773033300,5094.41,5094.59,5072.92,5077.85,6723
1773034200,5077.76,5094.02,5076.38,5092.68,7324
1773035100,5092.66,5099.28,5085.73,5094.59,6489
1773036000,5094.54,5099.28,5084.19,5087.16,6534
1773036900,5087.18,5102.32,5084.38,5084.38,6056
1773037800,5084.19,5093.86,5081.64,5087.04,5570
1773038700,5087.03,5093.46,5086.88,5091.47,4106
1773039600,5091.46,5097.30,5086.91,5090.93,4731
1773040500,5090.93,5094.66,5088.29,5089.39,4327
1773041400,5089.41,5093.08,5087.38,5090.20,4256
1773042300,5090.21,5091.30,5085.28,5090.21,4270
1773043200,5090.22,5102.09,5080.92,5096.57,5635
1773044100,5096.59,5104.37,5087.51,5095.50,6416
1773045000,5095.50,5121.20,5092.12,5120.58,7125
1773045900,5120.64,5140.47,5119.53,5124.29,7407
1773046800,5124.29,5133.95,5119.09,5127.70,7110
1773047700,5127.68,5131.41,5123.27,5126.42,6639
1773048600,5126.43,5129.71,5104.86,5106.73,6533
1773049500,5106.81,5111.25,5097.09,5097.74,6331
1773050400,5097.75,5101.94,5088.69,5096.98,6200
1773051300,5096.98,5106.93,5095.57,5106.65,5537
1773052200,5106.66,5107.82,5099.98,5101.15,5421
1773053100,5101.14,5101.45,5093.66,5098.84,5184
1773054000,5098.85,5110.78,5098.85,5099.84,6326
1773054900,5099.83,5106.52,5090.78,5091.26,6053
1773055800,5091.41,5096.75,5087.23,5090.18,6018
1773056700,5090.18,5102.52,5087.37,5096.57,5870
1773057600,5096.59,5116.79,5095.10,5112.75,6019
1773058500,5112.74,5126.87,5112.30,5125.33,5877
1773059400,5125.36,5132.59,5102.83,5102.87,6521
1773060300,5102.88,5107.49,5096.58,5105.29,5913
1773061200,5105.29,5111.09,5102.84,5109.06,5395
1773062100,5109.05,5110.36,5098.26,5099.70,5138
1773063000,5099.69,5100.21,5089.10,5095.86,5877
1773063900,5095.85,5096.60,5084.17,5087.18,5684
1773064800,5087.19,5097.39,5087.17,5090.42,5475
1773065700,5090.42,5092.51,5079.83,5085.68,5289
1773066600,5085.75,5093.12,5082.17,5085.81,5269
1773067500,5085.81,5094.56,5084.15,5088.03,4846
1773068400,5088.03,5099.80,5088.03,5096.25,5223
1773069300,5096.26,5110.06,5094.56,5109.78,5241
1773070200,5109.53,5112.15,5103.83,5106.95,4887
1773071100,5106.96,5106.97,5093.39,5094.91,5354
1773072000,5094.95,5099.28,5087.98,5092.58,6616
1773072900,5092.57,5098.33,5084.56,5094.74,6365
1773073800,5094.74,5111.29,5074.47,5076.22,8040
1773074700,5076.08,5084.61,5067.38,5074.10,8030
1773075600,5074.12,5088.37,5060.74,5071.40,8094
1773076500,5071.34,5084.20,5064.78,5081.71,7780
1773077400,5081.68,5114.72,5079.97,5112.48,7604
1773078300,5112.47,5116.02,5085.93,5093.85,7508
1773079200,5093.85,5094.57,5079.56,5091.62,7368
1773080100,5091.62,5100.24,5082.15,5099.61,6754
1773081000,5099.59,5102.54,5093.01,5094.97,6348
1773081900,5094.97,5103.44,5094.23,5099.66,6338
1773082800,5099.67,5109.37,5096.94,5103.55,5993
1773083700,5103.55,5105.33,5094.79,5103.83,6186
1773084600,5103.83,5110.65,5102.77,5107.32,5907
1773085500,5107.33,5108.78,5103.11,5104.67,5438
1773086400,5104.67,5106.82,5098.27,5099.77,5559
1773087300,5099.78,5102.27,5091.10,5095.06,6023
1773088200,5095.05,5098.00,5089.06,5090.82,5940
1773089100,5090.83,5099.62,5090.73,5095.95,5685
1773090000,5095.95,5098.06,5092.50,5097.58,5234
1773090900,5097.58,5107.11,5096.69,5105.18,5025
1773091800,5105.19,5120.16,5104.37,5118.05,5332
1773092700,5118.04,5126.44,5115.41,5123.27,5333
1773093600,5123.27,5130.56,5118.54,5122.84,5486
1773094500,5122.85,5142.92,5118.50,5139.89,7106
1773095400,5139.87,5139.91,5125.08,5135.41,7373
1773096300,5135.42,5144.01,5129.09,5141.11,6701
1773097200,5141.16,5148.02,5137.95,5139.73,4642
1773098100,5139.76,5140.44,5134.37,5139.40,3611
1773099000,5139.36,5139.81,5135.03,5139.43,3183
1773099900,5139.43,5140.60,5134.22,5137.37,3330
1773104400,5140.05,5150.00,5121.28,5132.64,5239
1773105300,5132.64,5136.01,5117.77,5132.10,4513
1773106200,5132.13,5139.93,5128.46,5136.42,4406
1773107100,5136.36,5153.01,5136.25,5152.90,4631
1773108000,5152.85,5154.56,5138.42,5146.20,5132
1773108900,5146.20,5156.02,5142.62,5144.82,4841
1773109800,5144.81,5149.51,5135.68,5137.27,4238
1773110700,5137.26,5143.18,5137.11,5139.67,4212
1773111600,5139.68,5141.26,5130.98,5136.89,5172
1773112500,5136.89,5137.84,5129.22,5130.60,5070
1773113400,5130.56,5137.73,5124.98,5137.33,5529
1773114300,5137.36,5139.03,5128.28,5131.01,5498
1773115200,5131.01,5153.48,5124.66,5143.35,7268
1773116100,5143.35,5167.75,5142.11,5157.78,7072
1773117000,5157.83,5168.89,5153.01,5166.18,6921
1773117900,5166.16,5186.12,5164.34,5184.24,6454
1773118800,5184.24,5186.95,5170.61,5175.29,6473
1773119700,5175.31,5181.03,5172.55,5179.85,4665
1773120600,5179.86,5184.62,5175.83,5182.19,5771
1773121500,5182.11,5185.77,5163.91,5165.87,6066
1773122400,5165.98,5173.39,5165.26,5166.44,5640
1773123300,5166.48,5170.55,5161.80,5166.75,5550
1773124200,5166.76,5167.93,5160.20,5162.52,4736
1773125100,5162.55,5163.04,5155.85,5157.61,4398
1773126000,5157.63,5165.16,5154.36,5164.39,4619
1773126900,5164.40,5166.53,5161.39,5162.45,3565
1773127800,5162.46,5165.56,5161.48,5162.07,3102
1773128700,5162.07,5165.42,5161.57,5163.85,2943
1773129600,5163.85,5173.26,5163.84,5172.87,4295
1773130500,5172.87,5174.14,5168.99,5171.69,3422
1773131400,5171.71,5174.26,5167.31,5168.77,5048
1773132300,5168.77,5179.26,5166.99,5177.87,4568
1773133200,5177.89,5180.87,5174.08,5179.56,4726
1773134100,5179.56,5179.56,5171.90,5176.21,4566
1773135000,5176.20,5179.04,5173.56,5175.84,4657
1773135900,5175.78,5177.37,5173.33,5175.27,4589
1773136800,5175.15,5178.79,5170.82,5174.61,5103
1773137700,5174.64,5177.56,5158.58,5169.41,5477
1773138600,5169.41,5178.19,5165.62,5176.18,4919
1773139500,5176.16,5181.28,5175.08,5181.02,4730
1773140400,5181.01,5185.30,5175.08,5179.70,5763
1773141300,5179.70,5184.09,5175.50,5184.00,4770
1773142200,5184.03,5194.01,5182.99,5189.81,5245
1773143100,5189.82,5195.17,5182.84,5183.48,5096
1773144000,5183.48,5189.38,5180.58,5187.84,4466
1773144900,5187.84,5189.25,5180.86,5186.61,4713
1773145800,5186.72,5188.25,5181.89,5187.60,4708
1773146700,5187.61,5189.14,5182.55,5182.61,4272
1773147600,5182.61,5183.91,5176.07,5181.37,5103
1773148500,5181.43,5182.04,5172.98,5173.78,5429
1773149400,5173.78,5176.60,5156.53,5169.08,6211
1773150300,5169.01,5178.18,5168.90,5177.24,5258
1773151200,5177.25,5191.90,5176.55,5187.21,5891
1773152100,5187.27,5189.71,5179.81,5182.90,5599
1773153000,5182.91,5185.07,5173.80,5174.11,5084
1773153900,5174.30,5179.56,5171.87,5175.12,5126
1773154800,5175.13,5176.62,5162.46,5171.34,6124
1773155700,5171.36,5180.64,5165.71,5179.72,5687
1773156600,5179.71,5185.55,5178.54,5185.41,5513
1773157500,5185.43,5189.44,5180.45,5187.00,5278
1773158400,5187.00,5202.44,5186.00,5200.65,6537
1773159300,5200.64,5228.77,5199.17,5221.61,6808
1773160200,5221.61,5222.03,5207.30,5209.35,7584
1773161100,5209.28,5215.47,5196.32,5205.57,7229
1773162000,5205.58,5208.57,5185.39,5195.29,7267
1773162900,5195.30,5214.37,5194.50,5209.08,6622
1773163800,5209.07,5213.46,5202.85,5206.07,6493
1773164700,5206.07,5212.16,5204.73,5206.83,5764
1773165600,5206.77,5226.40,5203.29,5223.34,6005
1773166500,5223.37,5228.57,5221.69,5225.77,5992
1773167400,5225.77,5236.50,5225.31,5235.81,6066
1773168300,5235.82,5238.52,5227.13,5228.65,5791
1773169200,5228.65,5230.45,5222.70,5223.65,5674
1773170100,5223.65,5235.49,5222.76,5232.18,5270
1773171000,5232.21,5234.55,5227.35,5228.65,5249
1773171900,5228.65,5232.03,5226.06,5227.67,4985
1773172800,5227.67,5235.42,5227.07,5234.17,5189
1773173700,5234.17,5234.41,5223.69,5233.29,6317
1773174600,5233.28,5234.80,5227.61,5228.13,5877
1773175500,5228.12,5232.85,5226.51,5227.72,5115
1773176400,5227.65,5227.97,5215.43,5215.99,5637
1773177300,5215.95,5218.60,5161.06,5203.00,8138
1773178200,5202.99,5208.00,5189.98,5195.57,7396
1773179100,5195.56,5205.08,5191.03,5191.69,6608
1773180000,5191.70,5199.65,5184.38,5198.24,6512
1773180900,5198.24,5207.57,5198.19,5200.88,5849
1773181800,5200.89,5200.89,5179.94,5187.51,6849
1773182700,5187.70,5199.73,5187.70,5198.75,6437
1773183600,5198.79,5198.98,5193.48,5197.78,3271
1773184500,5197.79,5198.61,5191.80,5195.03,3080
1773185400,5195.02,5198.04,5193.26,5197.99,2487
1773186300,5197.97,5199.00,5192.58,5192.72,2688
1773190800,5187.07,5194.47,5183.31,5190.00,4297
1773191700,5190.00,5197.71,5188.72,5190.78,3067
1773192600,5190.78,5195.45,5187.74,5193.56,3265
1773193500,5193.55,5195.10,5185.63,5189.25,3237
1773194400,5189.25,5196.53,5188.50,5191.69,3026
1773195300,5191.70,5197.21,5187.72,5193.61,2766
1773196200,5193.60,5195.97,5190.49,5191.17,2258
1773197100,5191.17,5197.28,5187.94,5197.26,3400
1773198000,5197.26,5198.27,5186.89,5192.68,4729
1773198900,5192.64,5215.57,5191.44,5212.41,5227
1773199800,5212.39,5212.42,5205.93,5211.57,3516
1773200700,5211.58,5219.40,5211.26,5215.51,4633
1773201600,5215.50,5223.11,5212.16,5215.27,6109
1773202500,5215.36,5223.04,5210.69,5214.78,5725
1773203400,5214.82,5219.85,5212.77,5214.45,5503
1773204300,5214.45,5217.81,5208.57,5208.64,5025
1773205200,5208.61,5209.70,5194.15,5201.57,6039
1773206100,5201.55,5206.71,5200.51,5204.37,4264
1773207000,5204.31,5209.91,5201.97,5207.64,4825
1773207900,5207.64,5220.47,5207.63,5217.31,4998
1773208800,5217.33,5220.42,5211.82,5213.88,4499
1773209700,5213.87,5214.80,5204.53,5204.70,4514
1773210600,5204.70,5209.60,5203.68,5208.01,3416
1773211500,5208.01,5208.66,5199.36,5203.33,3719
1773212400,5203.33,5206.41,5199.52,5205.88,3214
1773213300,5205.88,5208.60,5204.58,5207.32,2857
1773214200,5207.32,5208.43,5204.20,5206.70,2274
1773215100,5206.69,5206.69,5201.92,5204.47,3199
1773216000,5204.47,5208.22,5203.50,5204.28,3477
1773216900,5204.28,5206.14,5200.33,5200.46,3390
1773217800,5200.45,5204.64,5191.05,5200.67,5852
1773218700,5200.94,5201.76,5195.69,5199.62,4764
1773219600,5199.65,5210.36,5196.33,5209.40,5141
1773220500,5209.32,5210.75,5203.10,5206.53,4888
1773221400,5206.53,5206.70,5191.56,5194.88,4614
1773222300,5194.88,5199.17,5192.40,5197.63,5065
1773223200,5197.63,5202.08,5195.44,5198.84,4696
1773224100,5198.84,5199.95,5195.50,5197.91,4119
1773225000,5197.92,5198.39,5184.63,5191.56,5386
1773225900,5191.55,5197.89,5190.05,5195.74,4506
1773226800,5195.77,5198.69,5188.02,5198.48,4618
1773227700,5198.48,5198.50,5181.14,5184.95,4734
1773228600,5184.95,5187.54,5175.49,5181.61,4732
1773229500,5181.61,5188.66,5179.47,5187.60,4367
1773230400,5187.62,5188.28,5179.74,5184.13,4723
1773231300,5184.13,5190.54,5183.59,5187.63,3974
1773232200,5187.62,5197.14,5187.15,5191.79,4237
1773233100,5191.79,5194.41,5186.61,5187.73,4171
1773234000,5187.73,5195.30,5186.51,5193.53,3848
1773234900,5193.50,5195.19,5189.41,5191.82,3688
1773235800,5191.83,5191.92,5177.17,5178.76,4623
1773236700,5179.09,5191.01,5177.60,5186.06,4235
1773237600,5186.07,5193.55,5184.40,5187.61,3889
1773238500,5187.61,5189.99,5179.71,5181.04,4038
1773239400,5181.05,5190.60,5179.91,5184.84,4226
1773240300,5184.85,5188.24,5175.70,5181.26,5193
1773241200,5181.25,5193.23,5177.70,5191.38,5171
1773242100,5191.36,5195.20,5187.98,5191.18,4762
1773243000,5190.95,5196.44,5173.19,5180.39,6706
1773243900,5180.39,5180.78,5166.72,5167.57,6158
1773244800,5167.57,5182.00,5162.33,5177.71,6965
1773245700,5177.73,5183.02,5176.10,5181.45,5682
1773246600,5181.47,5181.55,5165.38,5165.52,7305
1773247500,5165.54,5177.18,5149.30,5176.91,7362
1773248400,5176.88,5190.20,5175.09,5190.07,7502
1773249300,5190.02,5195.52,5182.13,5194.27,6819
1773250200,5194.27,5196.18,5174.43,5183.14,6807
1773251100,5183.14,5193.53,5180.45,5183.24,6494
1773252000,5183.23,5185.81,5170.69,5170.83,6837
1773252900,5170.83,5179.42,5168.60,5172.48,6229
1773253800,5172.52,5174.14,5166.51,5169.34,6557
1773254700,5169.37,5175.24,5164.25,5166.35,6045
1773255600,5166.34,5172.60,5163.71,5172.49,6272
1773256500,5172.49,5172.64,5164.35,5166.89,6073
1773257400,5166.89,5176.75,5166.04,5174.31,5847
1773258300,5174.31,5177.97,5170.36,5175.66,5156
1773259200,5175.67,5181.01,5174.72,5176.07,5112
1773260100,5175.95,5178.21,5169.84,5172.04,5651
1773261000,5172.03,5172.54,5154.82,5163.18,6231
1773261900,5163.16,5170.04,5161.31,5169.90,5374
1773262800,5169.87,5175.32,5169.22,5172.14,4976
1773263700,5172.14,5178.33,5172.04,5177.69,4985
1773264600,5177.68,5178.25,5176.26,5177.16,3762
1773265500,5177.18,5177.92,5170.31,5172.55,4352
1773266400,5172.57,5174.35,5169.27,5172.40,4150
1773267300,5172.39,5177.78,5171.82,5177.18,3797
1773268200,5177.19,5180.01,5176.17,5179.57,4007
1773269100,5179.60,5183.57,5176.86,5183.27,4806
1773270000,5183.27,5183.55,5176.77,5177.94,2736
1773270900,5177.94,5179.16,5175.21,5177.85,2069
1773271800,5177.85,5178.05,5176.04,5176.37,2013
1773272700,5176.37,5178.43,5175.57,5177.15,1813
1773277200,5178.97,5183.46,5168.73,5175.09,2942
1773278100,5175.10,5177.06,5165.51,5169.99,2991
1773279000,5169.99,5170.05,5153.53,5158.65,4492
1773279900,5158.65,5169.10,5129.73,5139.02,5140
1773280800,5139.02,5153.77,5135.42,5151.93,5430
1773281700,5151.95,5157.00,5150.17,5155.98,3740
1773282600,5155.97,5157.92,5145.97,5146.91,4613
1773283500,5146.91,5147.24,5133.05,5134.29,4751
1773284400,5134.25,5142.07,5125.48,5138.83,6094
1773285300,5138.82,5157.83,5138.82,5152.71,5255
1773286200,5152.72,5161.55,5151.35,5154.31,4681
1773287100,5154.26,5155.87,5150.12,5152.84,4516
1773288000,5152.86,5166.77,5151.78,5157.18,6512
1773288900,5157.18,5160.98,5151.53,5157.44,5826
1773289800,5157.48,5170.45,5154.75,5169.83,5650
1773290700,5169.83,5172.82,5164.39,5168.61,5349
1773291600,5168.61,5174.68,5167.19,5174.10,4991
1773292500,5174.11,5175.15,5167.21,5168.24,4147
1773293400,5168.23,5171.50,5155.56,5157.57,6097
1773294300,5157.58,5158.36,5145.70,5150.58,6128
1773295200,5150.63,5155.57,5148.46,5153.99,5337
1773296100,5154.02,5155.08,5147.34,5151.76,5069
1773297000,5151.81,5153.62,5148.07,5152.38,4044
1773297900,5152.36,5154.51,5151.17,5153.16,2983
1773298800,5153.13,5153.20,5149.95,5152.16,2345
1773299700,5152.16,5153.92,5150.28,5152.57,2827
1773300600,5152.65,5152.65,5143.84,5144.00,3755
1773301500,5143.99,5146.72,5140.53,5142.62,3488
1773302400,5142.61,5149.12,5141.52,5146.24,4471
1773303300,5146.29,5148.82,5137.21,5143.06,4155
1773304200,5143.02,5154.46,5141.30,5153.53,5243
1773305100,5153.46,5157.68,5151.65,5154.50,4418
1773306000,5154.50,5157.66,5151.70,5154.40,4443
1773306900,5154.42,5157.67,5147.27,5157.09,4233
1773307800,5156.67,5169.90,5156.01,5168.45,4782
1773308700,5168.47,5170.23,5165.16,5166.20,4887
1773309600,5166.20,5170.37,5164.50,5170.11,3647
1773310500,5170.11,5170.51,5165.98,5169.05,3605
1773311400,5169.06,5179.83,5168.14,5178.71,4020
1773312300,5178.77,5185.12,5175.99,5182.01,4091
1773313200,5182.02,5189.75,5180.85,5181.74,4881
1773314100,5181.74,5184.48,5177.12,5177.51,4033
1773315000,5177.50,5181.75,5177.47,5181.23,3642
1773315900,5181.23,5182.91,5175.97,5178.13,3770
1773316800,5178.14,5181.36,5175.65,5176.50,3786
1773317700,5176.50,5181.34,5174.42,5180.17,3808
1773318600,5180.17,5187.45,5180.17,5184.65,4432
1773319500,5184.67,5190.36,5182.73,5188.45,4119
1773320400,5188.30,5191.70,5186.68,5187.08,4277
1773321300,5187.09,5187.29,5180.00,5180.37,3655
1773322200,5180.35,5183.02,5176.28,5181.94,4069
1773323100,5181.94,5184.03,5178.68,5182.35,3698
1773324000,5182.35,5183.86,5178.75,5178.87,3107
1773324900,5178.86,5179.49,5172.80,5176.43,3864
1773325800,5176.43,5180.81,5175.43,5180.78,3732
1773326700,5180.78,5181.40,5176.57,5178.98,3950
1773327600,5178.99,5180.58,5167.41,5168.75,5697
1773328500,5168.74,5172.80,5163.88,5172.41,5291
1773329400,5172.40,5176.36,5168.56,5174.01,5346
1773330300,5174.01,5185.52,5173.98,5181.43,5350
1773331200,5181.44,5186.11,5178.88,5184.52,6216
1773332100,5184.54,5184.54,5159.29,5171.32,7114
1773333000,5171.31,5171.37,5155.78,5159.23,7590
1773333900,5159.25,5159.81,5146.13,5151.32,7331
1773334800,5151.34,5163.44,5150.25,5161.00,6865
1773335700,5161.02,5163.14,5149.76,5152.16,6884
1773336600,5152.16,5153.65,5139.72,5148.66,7031
1773337500,5148.67,5153.56,5138.38,5142.92,7138
1773338400,5142.91,5144.86,5109.65,5124.81,7475
1773339300,5124.80,5132.39,5118.05,5129.17,6811
1773340200,5129.25,5134.57,5118.33,5131.06,6788
1773341100,5131.05,5135.28,5125.47,5132.35,6788
1773342000,5132.35,5134.96,5121.30,5128.49,6574
1773342900,5128.48,5138.01,5127.87,5131.74,6180
1773343800,5131.74,5137.62,5124.92,5134.98,6284
1773344700,5134.95,5135.43,5121.52,5123.56,6332
1773345600,5123.56,5129.55,5120.73,5121.54,6188
1773346500,5121.54,5122.67,5113.57,5118.87,6411
1773347400,5118.85,5120.02,5105.55,5110.49,6402
1773348300,5110.50,5112.18,5102.56,5105.28,6030
1773349200,5105.27,5112.55,5104.88,5107.16,5924
1773350100,5107.14,5110.43,5101.10,5104.91,5944
1773351000,5104.56,5104.56,5098.70,5098.73,5452
1773351900,5098.73,5099.39,5090.89,5094.22,5644
1773352800,5094.36,5094.91,5079.59,5084.85,6274
1773353700,5084.85,5095.49,5081.05,5093.57,5639
1773354600,5093.55,5096.82,5090.42,5091.97,5258
1773355500,5091.88,5096.16,5081.30,5084.75,5967
1773356400,5084.72,5090.46,5083.59,5085.25,3707
1773357300,5085.24,5088.91,5071.41,5071.79,4816
1773358200,5071.83,5072.97,5055.07,5072.39,5338
1773359100,5072.39,5081.50,5072.14,5079.74,3675
1773363600,5080.37,5086.19,5072.99,5081.73,4283
1773364500,5081.74,5095.19,5081.05,5092.65,4414
1773365400,5092.66,5092.69,5085.47,5089.30,3325
1773366300,5089.29,5095.88,5088.11,5095.83,3116
1773367200,5095.80,5096.07,5088.96,5090.67,3665
1773368100,5090.70,5099.47,5090.49,5094.12,3392
1773369000,5094.12,5098.42,5092.06,5094.73,3834
1773369900,5094.74,5101.27,5094.62,5098.07,3327
1773370800,5098.06,5108.21,5097.37,5105.98,4346
1773371700,5105.97,5108.37,5104.10,5106.31,3525
1773372600,5106.32,5110.52,5105.94,5107.78,3353
1773373500,5107.76,5115.29,5107.31,5113.71,3600
1773374400,5113.71,5120.77,5113.51,5119.51,5376
1773375300,5119.51,5120.63,5114.08,5118.88,4993
1773376200,5118.89,5121.36,5111.74,5112.19,5045
1773377100,5112.30,5124.23,5108.85,5124.23,5647
1773378000,5124.20,5128.41,5122.62,5123.22,5122
1773378900,5123.22,5123.22,5115.19,5121.43,4062
1773379800,5121.44,5121.79,5115.61,5117.98,4393
1773380700,5117.98,5118.53,5110.43,5112.03,4718
1773381600,5112.03,5115.78,5109.15,5110.76,5061
1773382500,5110.76,5113.89,5108.24,5110.44,4506
1773383400,5110.43,5112.26,5106.35,5110.58,3286
1773384300,5110.57,5116.73,5110.39,5115.64,3397
1773385200,5115.64,5117.94,5112.48,5114.30,2882
1773386100,5114.29,5114.45,5103.85,5105.51,3383
1773387000,5105.51,5107.15,5102.69,5104.49,3455
1773387900,5104.49,5106.71,5103.16,5104.33,2758
1773388800,5104.31,5109.38,5102.63,5109.03,3210
1773389700,5109.02,5110.16,5104.84,5105.91,3113
1773390600,5105.93,5110.96,5100.02,5100.60,5519
1773391500,5100.59,5105.59,5098.23,5103.15,5604
1773392400,5103.19,5107.74,5101.56,5103.90,5026
1773393300,5103.94,5103.94,5088.90,5095.61,5666
1773394200,5095.60,5098.29,5087.91,5091.69,5808
1773395100,5091.69,5094.76,5085.81,5088.27,6046
1773396000,5088.24,5094.17,5083.70,5090.23,5322
1773396900,5090.24,5090.35,5071.73,5084.76,5316
1773397800,5084.75,5092.87,5083.83,5089.24,4608
1773398700,5089.32,5092.71,5082.34,5085.17,4342
1773399600,5085.17,5085.18,5066.71,5078.26,5879
1773400500,5078.07,5079.11,5061.56,5070.83,5474
1773401400,5070.82,5084.41,5070.42,5076.18,4820
1773402300,5076.18,5087.98,5075.95,5087.50,4728
1773403200,5087.49,5097.07,5085.95,5092.43,4968
1773404100,5092.45,5093.14,5084.16,5091.81,4592
1773405000,5091.82,5092.79,5083.31,5085.38,4240
1773405900,5085.40,5094.26,5085.00,5089.69,3972
1773406800,5089.67,5093.52,5085.91,5093.43,4239
1773407700,5093.44,5096.71,5088.86,5089.34,3865
1773408600,5089.33,5089.51,5079.97,5087.59,4267
1773409500,5087.59,5098.32,5084.60,5094.87,4724
1773410400,5094.87,5097.51,5086.32,5090.59,4887
1773411300,5090.45,5097.08,5089.05,5095.38,4022
1773412200,5095.42,5096.63,5092.02,5094.84,3890
1773413100,5094.83,5107.75,5092.26,5107.70,4416
1773414000,5107.71,5118.86,5107.30,5108.59,6073
1773414900,5108.58,5115.48,5104.40,5113.75,5109
1773415800,5113.95,5116.34,5108.13,5111.95,5782
1773416700,5112.29,5121.82,5111.14,5118.28,5578
1773417600,5118.28,5121.17,5110.29,5112.82,6393
1773418500,5112.81,5115.39,5107.41,5108.91,5442
1773419400,5108.89,5112.47,5096.64,5112.19,7094
1773420300,5112.25,5116.82,5099.35,5101.93,6684
1773421200,5101.92,5107.92,5090.92,5090.92,6956
1773422100,5090.93,5094.36,5082.69,5088.93,7252
1773423000,5088.93,5091.91,5074.61,5079.34,7156
1773423900,5079.33,5079.34,5036.06,5041.69,7625
1773424800,5041.72,5071.34,5038.30,5069.23,7539
1773425700,5069.19,5071.26,5056.88,5063.22,7034
1773426600,5063.18,5068.29,5041.93,5046.77,7163
1773427500,5046.69,5057.45,5032.14,5034.78,7378
1773428400,5034.79,5040.70,5019.04,5031.79,7490
1773429300,5031.86,5041.72,5030.49,5040.97,7109
1773430200,5040.96,5052.96,5040.24,5044.37,6921
1773431100,5044.44,5051.67,5041.66,5045.99,6611
1773432000,5045.98,5056.99,5043.43,5056.99,6631
1773432900,5057.00,5062.09,5052.22,5056.29,6568
1773433800,5056.34,5063.81,5051.15,5053.62,6392
1773434700,5053.62,5055.38,5043.55,5046.33,6207
1773435600,5046.34,5051.68,5040.59,5042.38,6011
1773436500,5042.38,5046.13,5036.13,5041.82,6481
1773437400,5041.78,5049.36,5040.50,5044.15,5436
1773438300,5044.15,5046.49,5041.19,5046.40,4830
1773439200,5046.40,5049.82,5033.94,5039.88,5484
1773440100,5039.87,5040.33,5032.27,5035.00,5565
1773441000,5035.00,5036.85,5023.02,5025.36,5874
1773441900,5025.36,5025.90,5009.69,5016.40,6971
1773442800,5016.45,5021.21,5012.39,5016.64,4259
1773443700,5016.64,5021.43,5012.41,5014.04,3715
1773444600,5014.04,5025.42,5013.12,5024.86,3588
1773445500,5024.86,5024.86,5016.88,5018.71,3464
1773622800,5005.94,5030.50,4998.15,5023.22,4790
1773623700,5023.37,5023.69,5000.89,5013.30,5542
1773624600,5013.37,5018.22,5008.35,5010.47,5133
1773625500,5010.47,5025.82,5010.29,5024.97,4516
1773626400,5024.95,5026.14,5002.31,5007.29,5737
1773627300,5007.29,5007.92,4967.69,4989.69,6678
1773628200,4989.72,4992.47,4979.16,4983.69,6297
1773629100,4983.69,4998.84,4972.05,4997.53,6449
1773630000,4997.49,5028.71,4996.82,5022.59,6785
1773630900,5022.53,5023.72,5015.10,5016.81,5033
1773631800,5016.82,5030.82,5014.95,5027.75,5130
1773632700,5027.80,5030.14,5017.02,5025.69,5180
1773633600,5025.74,5026.49,4986.49,4986.49,7679
1773634500,4986.52,5005.51,4983.89,4988.04,7492
1773635400,4988.03,5004.33,4982.66,5003.90,7254
1773636300,5003.95,5016.34,5002.56,5016.04,6345
1773637200,5016.03,5018.79,5010.65,5015.30,6225
1773638100,5015.30,5018.64,5010.44,5012.89,4760
1773639000,5012.89,5014.57,5002.48,5006.01,6020
1773639900,5006.06,5008.67,4997.93,5003.51,6050
1773640800,5003.53,5006.81,4998.10,4999.49,5538
1773641700,4999.49,5011.61,4998.50,5011.22,5117
1773642600,5011.22,5019.00,5010.24,5018.83,4368
1773643500,5018.84,5020.64,5015.96,5019.19,3832
1773644400,5019.19,5026.05,5019.07,5024.39,3762
1773645300,5024.34,5026.21,5020.76,5021.44,3291
1773646200,5021.45,5024.81,5014.71,5016.97,3469
1773647100,5016.97,5017.04,5012.44,5012.77,2702
1773648000,5012.84,5015.80,5011.18,5012.64,3951
1773648900,5012.62,5013.14,5007.90,5010.93,3279
1773649800,5010.93,5017.37,5003.22,5016.30,5597
1773650700,5016.29,5020.01,5015.59,5017.32,4963
1773651600,5017.37,5027.64,5012.99,5027.22,5123
1773652500,5027.22,5035.95,5025.57,5027.71,5513
1773653400,5027.71,5029.51,5020.97,5022.40,4854
1773654300,5022.40,5022.85,5005.45,5012.20,5744
1773655200,5012.19,5016.39,5009.67,5009.86,4466
1773656100,5009.87,5009.87,4998.22,5002.26,5132
1773657000,5002.26,5007.29,4991.91,4992.77,5112
1773657900,4992.80,5000.08,4992.79,4995.35,4178
1773658800,4995.35,5000.46,4988.55,4988.66,5580
1773659700,4988.60,5003.49,4987.84,4996.97,5623
1773660600,4996.97,4998.58,4984.99,4987.32,4885
1773661500,4987.30,4997.85,4985.72,4991.14,4439
1773662400,4991.14,4991.44,4979.98,4985.26,5239
1773663300,4985.26,4990.66,4983.84,4989.00,4209
1773664200,4988.99,4991.62,4981.23,4981.50,4402
1773665100,4981.50,4985.35,4972.65,4975.33,5218
1773666000,4975.34,4980.23,4970.22,4976.78,5013
1773666900,4976.78,4991.12,4976.62,4986.67,4990
1773667800,4986.69,4988.18,4980.53,4985.59,4641
1773668700,4985.59,4999.45,4984.05,4998.79,4923
1773669600,4998.71,5006.40,4995.69,5002.25,4568
1773670500,5002.26,5022.59,5002.26,5019.19,5094
1773671400,5019.19,5019.96,5013.87,5015.63,4012
1773672300,5015.63,5018.12,4993.06,4997.04,5392
1773673200,4997.04,5006.74,4994.43,5005.55,4936
1773674100,5005.54,5024.73,5002.84,5022.84,5932
1773675000,5022.90,5024.97,5018.93,5021.87,5424
1773675900,5021.88,5022.22,5012.19,5019.89,4985
1773676800,5019.88,5023.57,5013.90,5022.34,5553
1773677700,5022.45,5030.14,5018.57,5021.40,5638
1773678600,5021.36,5034.28,5018.18,5031.48,7107
1773679500,5031.48,5033.56,5023.15,5029.78,6758
1773680400,5029.78,5037.91,5027.15,5028.07,6678
1773681300,5028.08,5029.90,5014.65,5014.68,6520
1773682200,5014.75,5015.12,5000.40,5000.97,6631
1773683100,5001.01,5002.40,4987.95,4996.03,6960
1773684000,4996.04,5002.39,4990.45,4998.53,6546
1773684900,4998.54,5005.67,4984.78,4991.79,5875
1773685800,4991.81,5003.38,4990.52,4996.77,5406
1773686700,4996.73,4999.13,4983.89,4987.03,5792
1773687600,4987.00,4998.78,4985.59,4996.47,5939
1773688500,4996.47,4998.08,4978.19,4979.83,5922
1773689400,4979.82,4989.61,4974.07,4987.07,6085
1773690300,4987.07,4992.82,4983.21,4990.41,5495
1773691200,4990.42,5003.84,4990.42,5002.00,5561
1773692100,5001.99,5002.97,4994.78,4996.08,5639
1773693000,4996.02,4996.52,4985.83,4987.60,5671
1773693900,4987.61,4992.75,4984.00,4991.24,4901
1773694800,4991.26,5000.89,4990.00,4998.96,5136
1773695700,4998.95,5008.02,4997.24,5006.28,4838
1773696600,5006.26,5015.66,5005.37,5014.48,5213
1773697500,5014.50,5017.74,5011.73,5012.66,4385
1773698400,5012.66,5020.22,5008.82,5011.81,4828
1773699300,5011.84,5015.56,5009.68,5010.46,4869
1773700200,5010.38,5014.62,5008.10,5010.12,4405
1773701100,5010.13,5016.05,5008.40,5013.08,5278
1773702000,5012.91,5021.58,5008.07,5016.84,2918
1773702900,5016.84,5017.68,5014.09,5014.17,1734
1773703800,5014.21,5014.21,5007.71,5008.85,2150
1773704700,5008.85,5010.27,5004.71,5006.40,2401
1773709200,5007.60,5015.98,5000.75,5004.11,3203
1773710100,5004.10,5008.22,4998.90,5001.77,3381
1773711000,5001.76,5004.86,4998.57,5001.57,2892
1773711900,5001.60,5006.17,5000.54,5002.28,2656
1773712800,5002.28,5006.28,5002.02,5006.13,2181
1773713700,5006.13,5009.88,5005.35,5009.47,2104
1773714600,5009.46,5014.38,5008.55,5008.55,3077
1773715500,5008.57,5015.54,5006.93,5012.90,3420
1773716400,5012.90,5014.09,5002.29,5006.54,4488
1773717300,5006.54,5010.41,5000.15,5003.46,3834
1773718200,5003.45,5006.99,4998.33,5001.66,3506
1773719100,5001.64,5006.19,4998.28,5002.92,4778
1773720000,5002.91,5012.38,4994.82,5010.16,6351
1773720900,5010.08,5014.47,5007.38,5013.51,5148
1773721800,5013.52,5019.75,5011.31,5017.89,5228
1773722700,5017.86,5027.86,5016.68,5027.80,5184
1773723600,5027.79,5029.71,5020.76,5021.54,5024
1773724500,5021.54,5025.55,5019.92,5025.40,3579
1773725400,5025.40,5029.36,5021.94,5029.07,4688
1773726300,5029.07,5029.43,5021.56,5022.61,4718
1773727200,5022.61,5025.60,5020.57,5022.90,3760
1773728100,5022.90,5032.83,5022.62,5032.55,4118
1773729000,5032.54,5033.54,5027.48,5028.71,4141
1773729900,5028.71,5030.16,5026.00,5027.56,3363
1773730800,5027.57,5030.52,5026.30,5029.15,2895
1773731700,5029.15,5032.86,5026.27,5032.62,3189
1773732600,5032.62,5041.33,5032.15,5039.73,3248
1773733500,5039.77,5041.90,5036.88,5037.91,4241
1773734400,5037.90,5040.81,5032.36,5040.44,3931
1773735300,5040.43,5044.53,5033.47,5035.35,4026
1773736200,5035.35,5039.32,5031.53,5032.30,4855
1773737100,5032.30,5033.14,5020.11,5020.74,5631
1773738000,5020.75,5022.83,5006.87,5012.79,6399
1773738900,5012.79,5014.24,5005.12,5011.85,5494
1773739800,5011.87,5017.05,5010.16,5015.02,4643
1773740700,5015.03,5015.65,5008.46,5009.89,4197
1773741600,5009.89,5017.00,5009.41,5014.28,4133
1773742500,5014.32,5018.65,5008.95,5015.87,3321
1773743400,5015.86,5028.02,5015.86,5023.11,3929
1773744300,5023.11,5025.28,5017.24,5021.23,3282
1773745200,5021.23,5026.07,5019.04,5021.96,4431
1773746100,5021.95,5029.60,5019.13,5021.17,4274
1773747000,5021.17,5025.16,5019.11,5022.12,3731
1773747900,5022.12,5025.37,5018.46,5024.75,3498
1773748800,5024.77,5025.85,5013.36,5013.77,4236
1773749700,5013.85,5019.70,5013.01,5017.62,4089
1773750600,5017.62,5018.24,5011.30,5014.28,3694
1773751500,5014.32,5015.84,5010.06,5010.59,3127
1773752400,5010.56,5016.47,5001.14,5004.05,4526
1773753300,5004.06,5009.08,5001.65,5003.67,4015
1773754200,5003.68,5009.38,4992.09,4999.33,4797
1773755100,4999.28,5004.76,4996.60,5000.22,4044
1773756000,5000.19,5006.02,4996.71,5004.81,3981
1773756900,5004.81,5010.07,5004.81,5007.00,3251
1773757800,5007.00,5009.94,5004.11,5009.36,3139
1773758700,5009.37,5011.42,5002.04,5003.28,3487
1773759600,5003.27,5010.29,4999.39,5008.49,4503
1773760500,5008.49,5020.49,5008.49,5020.14,4735
1773761400,5020.14,5023.86,5016.05,5017.58,4862
1773762300,5017.57,5017.61,5009.76,5011.73,4449
1773763200,5011.73,5018.10,5010.14,5016.71,5456
1773764100,5016.73,5019.46,5010.57,5012.74,5000
1773765000,5012.82,5031.44,5011.16,5027.05,7001
1773765900,5027.04,5027.71,5005.55,5016.57,6639
1773766800,5016.61,5020.52,5009.51,5018.02,6493
1773767700,5018.13,5018.34,5006.80,5008.27,6205
1773768600,5008.26,5014.37,5002.93,5013.46,6224
1773769500,5013.42,5019.44,5007.11,5007.63,5826
1773770400,5007.63,5017.48,5006.31,5008.19,5846
1773771300,5008.29,5014.88,4993.75,4994.79,6292
1773772200,4994.78,5000.45,4973.57,4984.55,7155
1773773100,4984.56,4999.04,4983.90,4997.76,6217
1773774000,4997.80,4999.27,4991.55,4994.47,6233
1773774900,4994.40,5005.42,4993.02,5004.10,5698
1773775800,5004.10,5005.81,4999.73,5002.20,5293
1773776700,5002.20,5003.54,4997.64,5001.95,5035
1773777600,5001.96,5006.48,5001.34,5003.28,4817
1773778500,5003.34,5008.68,5001.25,5002.65,4828
1773779400,5002.68,5006.38,4997.52,4997.61,4484
1773780300,4997.67,5003.60,4996.43,5002.42,3876
1773781200,5002.42,5007.74,5000.82,5006.32,3862
1773782100,5006.32,5008.97,5003.82,5003.87,3918
1773783000,5003.93,5004.57,4999.73,5003.36,3526
1773783900,5003.36,5008.38,5002.86,5003.75,3466
1773784800,5003.75,5005.56,5000.43,5001.60,3597
1773785700,5001.66,5002.54,4998.04,4999.79,3813
1773786600,4999.79,5003.66,4996.43,5001.91,4399
1773787500,5001.91,5003.20,4998.04,5000.26,5212
1773788400,5000.24,5006.34,4999.88,5003.67,2203
1773789300,5003.67,5004.83,5002.03,5003.85,1587
1773790200,5003.85,5005.21,5002.99,5003.96,2072
1773791100,5003.96,5005.56,5001.46,5003.38,1668
1773795600,5005.86,5006.23,4997.57,5002.72,1940
1773796500,5002.72,5004.94,5000.17,5001.86,1592
1773797400,5001.84,5001.92,4995.85,4996.34,1929
1773798300,4996.33,5003.48,4993.32,4999.87,2513
1773799200,4999.86,5002.99,4998.83,4999.22,1874
1773800100,4999.23,5001.56,4999.18,5000.15,1574
1773801000,5000.15,5003.79,4999.95,5002.24,1627
1773801900,5002.25,5003.07,5001.36,5002.93,1637
1773802800,5002.93,5012.32,5001.22,5009.97,3443
1773803700,5009.97,5011.96,5002.76,5002.82,2942
1773804600,5002.82,5004.53,5000.16,5004.29,2940
1773805500,5004.29,5008.18,5001.15,5004.17,3414
1773806400,5004.17,5015.81,4998.00,5011.48,5492
1773807300,5011.49,5015.77,5007.73,5007.95,3994
1773808200,5007.94,5009.47,5001.51,5001.70,5269
1773809100,5001.70,5001.74,4991.34,4998.55,5367
1773810000,4998.62,5002.21,4996.47,4999.66,4675
1773810900,4999.65,5006.98,4999.01,5002.23,3333
1773811800,5002.22,5003.73,4999.89,5001.18,4291
1773812700,5001.17,5004.05,4990.54,4991.99,5079
1773813600,4991.97,4996.21,4986.18,4994.16,5151
1773814500,4994.17,4996.81,4993.70,4996.24,3841
1773815400,4996.24,4997.63,4993.99,4994.84,3243
1773816300,4994.83,4995.42,4989.64,4991.23,3415
1773817200,4991.24,4992.79,4989.56,4990.57,2808
1773818100,4990.56,4993.54,4990.56,4990.66,2376
1773819000,4990.66,4991.05,4981.86,4984.47,3901
1773819900,4984.47,4987.19,4982.42,4987.03,2922
1773820800,4987.03,4992.10,4984.70,4990.15,3558
1773821700,4990.15,4992.65,4985.51,4990.95,3333
1773822600,4990.95,5001.23,4987.54,4999.28,5337
1773823500,4999.25,5002.57,4994.68,4997.63,4328
1773824400,4997.64,5009.22,4996.38,5009.22,4545
1773825300,5009.22,5010.80,5006.76,5008.65,4519
1773826200,5008.71,5016.30,5008.61,5011.19,4448
1773827100,5011.19,5014.59,5008.54,5009.33,3742
1773828000,5009.33,5014.82,5009.33,5009.82,3210
1773828900,5009.82,5009.95,5006.19,5009.03,2806
1773829800,5009.06,5009.59,5001.31,5001.86,2522
1773830700,5001.88,5002.39,4990.37,4995.01,4742
1773831600,4995.01,4996.86,4987.60,4992.87,4036
1773832500,4992.91,4995.69,4983.52,4989.02,4364
1773833400,4989.04,4991.99,4984.17,4985.38,3926
1773834300,4985.38,4990.29,4977.46,4987.54,4181
1773835200,4987.53,4990.97,4986.35,4986.41,3360
1773836100,4986.35,4994.43,4984.79,4992.37,3557
1773837000,4992.37,4995.61,4992.00,4993.21,3085
1773837900,4993.19,4995.16,4990.82,4992.14,2766
1773838800,4992.14,4992.17,4987.23,4988.87,2911
1773839700,4988.87,4991.07,4980.83,4982.49,3426
1773840600,4982.49,4987.42,4960.16,4977.93,5506
1773841500,4977.92,4980.24,4958.97,4967.96,4614
1773842400,4967.92,4970.50,4950.35,4970.39,5617
1773843300,4970.32,4973.97,4946.38,4948.54,5557
1773844200,4948.40,4961.92,4934.55,4939.09,6346
1773845100,4939.09,4944.88,4925.04,4930.21,6545
1773846000,4930.18,4932.44,4905.33,4908.23,6876
1773846900,4908.27,4912.41,4895.64,4901.01,6873
1773847800,4901.20,4902.19,4874.05,4878.28,7244
1773848700,4878.28,4891.50,4870.86,4881.71,6861
1773849600,4881.55,4881.55,4849.61,4858.63,7845
1773850500,4858.63,4865.86,4834.24,4861.40,7534
1773851400,4861.40,4885.41,4850.37,4872.82,7962
1773852300,4873.20,4880.45,4860.54,4878.35,7766
1773853200,4878.23,4894.58,4872.14,4880.96,7596
1773854100,4880.96,4883.38,4859.35,4860.85,7236
1773855000,4860.83,4865.11,4856.69,4861.04,6667
1773855900,4861.04,4872.51,4860.71,4869.53,6400
1773856800,4869.53,4878.16,4865.75,4875.22,6424
1773857700,4875.22,4879.96,4867.13,4872.01,6160
1773858600,4872.01,4875.32,4864.30,4864.59,5435
1773859500,4864.56,4866.56,4861.15,4862.44,5777
1773860400,4862.44,4879.30,4860.96,4877.99,5620
1773861300,4878.00,4883.00,4873.89,4882.33,5190
1773862200,4882.33,4882.75,4873.29,4882.72,5458
1773863100,4882.72,4890.29,4879.99,4887.13,5716
1773864000,4886.89,4890.02,4883.88,4887.18,5318
1773864900,4887.09,4897.98,4885.43,4891.10,5779
1773865800,4891.05,4898.97,4887.25,4894.45,5354
1773866700,4894.46,4895.73,4888.91,4890.83,5017
1773867600,4890.89,4899.20,4880.97,4887.55,6787
1773868500,4887.55,4889.59,4876.91,4885.70,6400
1773869400,4885.65,4887.91,4872.66,4878.47,7250
1773870300,4878.47,4878.66,4852.38,4852.95,6822
1773871200,4852.92,4861.31,4843.54,4857.01,6971
1773872100,4857.00,4865.21,4843.91,4849.29,6775
1773873000,4849.33,4860.16,4846.25,4850.51,6428
1773873900,4850.47,4851.14,4838.29,4843.18,6646
1773874800,4843.09,4848.57,4823.81,4825.74,4837
1773875700,4825.69,4828.29,4808.97,4811.35,5573
1773876600,4811.25,4821.45,4806.93,4821.17,4971
1773877500,4821.16,4826.74,4816.80,4818.59,3556
1773882000,4825.09,4837.16,4815.70,4818.57,5139
1773882900,4818.57,4825.66,4804.56,4815.82,5940
1773883800,4815.83,4829.35,4808.90,4828.12,5155
1773884700,4828.12,4838.94,4826.10,4834.56,4902
1773885600,4834.55,4836.91,4829.35,4834.35,4030
1773886500,4834.36,4840.84,4828.26,4836.94,3874
1773887400,4836.95,4842.56,4834.08,4834.15,3602
1773888300,4834.13,4838.19,4829.93,4836.65,4415
1773889200,4836.66,4848.00,4835.28,4843.34,4915
1773890100,4843.34,4844.26,4836.93,4842.28,4307
1773891000,4842.28,4848.74,4838.26,4840.80,4709
1773891900,4840.81,4845.95,4837.77,4841.30,4467
1773892800,4841.30,4853.44,4832.95,4837.98,6895
1773893700,4838.02,4845.77,4833.71,4845.54,5867
1773894600,4845.53,4867.19,4842.90,4865.71,6471
1773895500,4865.71,4865.71,4849.31,4849.93,5331
1773896400,4849.93,4851.69,4841.75,4849.28,6036
1773897300,4849.31,4858.23,4848.13,4857.27,4055
1773898200,4857.25,4861.63,4854.12,4861.32,5494
1773899100,4861.30,4861.98,4853.46,4858.76,5171
1773900000,4858.75,4864.93,4855.08,4864.55,4604
1773900900,4864.32,4866.10,4856.72,4859.89,4640
1773901800,4859.88,4860.16,4852.13,4856.31,3767
1773902700,4856.32,4857.22,4850.81,4850.83,3607
1773903600,4850.83,4851.78,4847.23,4851.12,3588
1773904500,4851.08,4853.63,4849.82,4850.34,2993
1773905400,4850.34,4852.80,4848.38,4849.46,3265
1773906300,4849.47,4850.30,4845.76,4849.78,3396
1773907200,4849.78,4853.72,4846.68,4850.54,4144
1773908100,4850.54,4853.80,4846.48,4846.63,3664
1773909000,4846.63,4846.67,4832.53,4833.70,6008
1773909900,4833.73,4840.24,4827.04,4827.49,5885
1773910800,4827.52,4842.20,4827.06,4833.08,5986
1773911700,4833.08,4833.60,4813.43,4813.43,6435
1773912600,4813.80,4819.95,4780.27,4786.25,7360
1773913500,4786.25,4788.55,4747.83,4763.75,7886
1773914400,4763.75,4784.29,4762.71,4777.76,6739
1773915300,4777.90,4781.86,4756.93,4770.46,5945
1773916200,4770.57,4771.62,4735.77,4739.79,5894
1773917100,4739.79,4755.01,4727.46,4727.99,5895
1773918000,4728.00,4740.32,4701.36,4714.60,7027
1773918900,4714.61,4736.54,4713.25,4718.46,6944
1773919800,4718.79,4722.02,4686.86,4688.54,7464
1773920700,4688.52,4719.65,4686.81,4708.99,6868
1773921600,4709.13,4721.15,4687.74,4694.98,6767
1773922500,4695.07,4722.55,4693.65,4709.19,7298
1773923400,4709.03,4725.83,4702.72,4705.13,7140
1773924300,4705.15,4717.18,4696.17,4698.90,7029
1773925200,4698.90,4719.85,4697.83,4704.52,6269
1773926100,4704.51,4705.58,4671.04,4683.63,6549
1773927000,4683.62,4700.56,4674.13,4683.53,6551
1773927900,4683.53,4689.04,4666.63,4679.12,6494
1773928800,4679.11,4699.71,4679.01,4686.18,6497
1773929700,4686.13,4692.53,4676.61,4686.38,6046
1773930600,4686.38,4695.55,4658.22,4664.19,6495
1773931500,4664.19,4667.99,4650.83,4652.49,6690
1773932400,4651.74,4653.86,4610.15,4619.47,7619
1773933300,4619.47,4631.01,4602.95,4607.01,7483
1773934200,4607.10,4617.69,4560.05,4563.38,7608
1773935100,4563.19,4585.59,4531.56,4574.25,8200
1773936000,4574.29,4574.30,4502.56,4538.92,8474
1773936900,4538.90,4581.24,4523.33,4576.33,8335
1773937800,4576.31,4582.87,4546.40,4559.17,8650
1773938700,4558.95,4621.21,4538.88,4621.21,8510
1773939600,4621.26,4649.09,4619.02,4630.80,8511
1773940500,4630.81,4635.55,4584.14,4585.61,8385
1773941400,4585.05,4622.25,4581.14,4613.11,8170
1773942300,4613.08,4628.01,4598.22,4601.94,8001
1773943200,4601.76,4638.60,4593.39,4627.42,7930
1773944100,4627.42,4629.31,4596.51,4603.08,7724
1773945000,4603.08,4603.08,4570.17,4572.13,8003
1773945900,4571.74,4611.27,4566.23,4596.26,7929
1773946800,4596.42,4626.44,4592.91,4604.90,7977
1773947700,4604.96,4617.08,4593.91,4599.17,7735
1773948600,4599.39,4608.39,4584.05,4593.04,7637
1773949500,4593.09,4598.60,4576.80,4584.79,7267
1773950400,4584.91,4596.22,4573.86,4579.41,7189
1773951300,4579.43,4613.58,4574.15,4602.69,7528
1773952200,4602.67,4618.62,4599.75,4605.03,7220
1773953100,4605.04,4629.76,4605.02,4616.13,7007
1773954000,4616.13,4619.02,4601.19,4614.85,7164
1773954900,4614.84,4617.48,4604.52,4609.43,6671
1773955800,4609.46,4611.33,4596.18,4609.84,6213
1773956700,4609.37,4623.09,4604.40,4622.89,5844
1773957600,4622.95,4663.24,4622.95,4657.10,8284
1773958500,4657.09,4661.69,4632.95,4644.17,7993
1773959400,4644.19,4649.18,4632.79,4638.54,7342
1773960300,4638.53,4649.82,4631.83,4643.88,7335
1773961200,4643.68,4658.25,4642.82,4654.10,5206
1773962100,4654.11,4660.63,4650.07,4657.27,4178
1773963000,4657.25,4659.63,4653.65,4654.60,3383
1773963900,4654.61,4661.95,4651.67,4657.64,3246
1773968400,4651.07,4671.80,4650.65,4671.00,3737
1773969300,4670.98,4677.06,4660.34,4666.31,5180
1773970200,4666.31,4666.31,4646.21,4646.72,4697
1773971100,4646.68,4650.21,4636.19,4636.36,4635
1773972000,4636.35,4647.75,4636.34,4638.67,3860
1773972900,4638.65,4646.93,4638.32,4643.83,3769
1773973800,4643.83,4647.85,4634.22,4635.61,4121
1773974700,4635.55,4646.77,4635.32,4643.51,3974
1773975600,4643.49,4662.92,4642.75,4661.91,4732
1773976500,4662.25,4665.03,4642.15,4649.33,5061
1773977400,4649.33,4656.54,4644.59,4655.91,4138
1773978300,4655.92,4660.56,4647.03,4648.54,4068
1773979200,4648.57,4680.05,4639.18,4651.82,7636
1773980100,4651.76,4662.18,4648.48,4662.18,6492
1773981000,4662.18,4688.84,4661.39,4686.52,6687
1773981900,4686.55,4699.45,4672.45,4677.36,6642
1773982800,4677.31,4689.36,4670.35,4685.64,6064
1773983700,4685.71,4690.04,4680.78,4683.79,4601
1773984600,4683.81,4691.43,4679.25,4685.24,5763
1773985500,4685.23,4703.63,4682.95,4698.01,5777
1773986400,4698.32,4723.35,4693.24,4717.28,6359
1773987300,4717.28,4735.72,4716.35,4733.56,6379
1773988200,4733.52,4735.61,4728.03,4730.24,4718
1773989100,4730.24,4730.25,4721.79,4725.68,4467
1773990000,4725.68,4727.58,4716.70,4719.13,3466
1773990900,4719.13,4724.24,4718.46,4723.49,3722
1773991800,4723.50,4726.87,4718.35,4720.01,3064
1773992700,4720.00,4722.82,4715.51,4721.68,2958
1773993600,4721.67,4722.00,4710.52,4718.43,4585
1773994500,4718.43,4723.56,4717.29,4719.64,3881
1773995400,4719.64,4720.14,4701.95,4709.43,6423
1773996300,4709.43,4710.60,4685.73,4688.42,6773
1773997200,4688.37,4701.04,4684.91,4691.31,6367
1773998100,4691.31,4695.75,4679.97,4687.88,6196
1773999000,4687.88,4689.56,4661.32,4665.93,6719
1773999900,4666.01,4675.63,4662.43,4669.16,6272
1774000800,4669.15,4684.06,4668.01,4679.52,5649
1774001700,4679.52,4688.63,4676.33,4688.26,4301
1774002600,4688.26,4698.18,4685.22,4694.04,4346
1774003500,4694.20,4707.89,4694.15,4706.34,4376
1774004400,4706.34,4717.59,4701.91,4716.19,5068
1774005300,4716.21,4734.73,4715.61,4722.65,5519
1774006200,4722.66,4722.71,4699.40,4707.31,5865
1774007100,4707.34,4708.24,4684.79,4693.73,5855
1774008000,4693.73,4700.43,4684.27,4694.00,5393
1774008900,4694.00,4697.34,4684.26,4691.93,4619
1774009800,4691.93,4692.44,4671.08,4673.42,5161
1774010700,4673.45,4677.40,4659.85,4667.67,5847
1774011600,4667.67,4670.07,4650.26,4662.90,6439
1774012500,4663.00,4666.67,4646.09,4658.07,5687
1774013400,4658.07,4669.83,4649.43,4659.69,5506
1774014300,4659.76,4660.33,4638.16,4645.27,5900
1774015200,4645.27,4666.43,4637.12,4662.53,6197
1774016100,4662.54,4668.48,4658.66,4665.30,5078
1774017000,4665.30,4674.25,4661.51,4669.35,5442
1774017900,4669.36,4672.31,4657.71,4671.67,5375
1774018800,4671.67,4695.57,4671.66,4685.48,6963
1774019700,4685.47,4692.22,4677.89,4678.35,6406
1774020600,4678.37,4682.16,4661.97,4670.28,6677
1774021500,4670.31,4681.75,4665.87,4678.19,6310
1774022400,4678.19,4679.35,4653.68,4662.02,7464
1774023300,4662.02,4670.31,4655.65,4660.14,6919
1774024200,4660.13,4665.90,4636.63,4662.56,8337
1774025100,4662.66,4665.32,4612.83,4616.42,8334
1774026000,4616.41,4622.49,4586.10,4587.44,8280
1774026900,4587.34,4588.50,4551.43,4558.88,8362
1774027800,4558.45,4585.39,4557.56,4576.08,8209
1774028700,4576.01,4582.44,4548.06,4564.05,8023
1774029600,4564.06,4580.28,4560.27,4575.73,7804
1774030500,4576.23,4576.84,4540.69,4562.90,7912
1774031400,4562.95,4575.79,4556.86,4562.69,7634
1774032300,4562.73,4562.73,4544.24,4553.43,7709
1774033200,4553.43,4588.49,4552.09,4588.44,7538
1774034100,4588.10,4613.82,4583.73,4584.80,7662
1774035000,4584.80,4592.59,4570.57,4581.18,7506
1774035900,4581.19,4588.42,4568.35,4583.19,7163
1774036800,4583.23,4600.39,4573.30,4582.07,7745
1774037700,4582.06,4582.83,4568.72,4571.94,7679
1774038600,4571.96,4574.43,4554.35,4565.98,7463
1774039500,4565.98,4577.19,4562.67,4573.45,6873
1774040400,4573.48,4578.42,4561.16,4563.05,6907
1774041300,4563.02,4568.31,4536.90,4554.60,7689
1774042200,4554.49,4557.08,4524.84,4526.06,7359
1774043100,4526.07,4529.37,4477.30,4499.83,7876
1774044000,4499.84,4516.26,4485.65,4500.52,7795
1774044900,4500.57,4507.80,4485.46,4498.40,7841
1774045800,4498.45,4516.60,4492.21,4514.26,7801
1774046700,4514.31,4515.84,4497.07,4501.59,7617
1774047600,4501.60,4507.25,4493.74,4504.81,5746
1774048500,4504.85,4514.64,4500.68,4500.92,5169
1774049400,4501.19,4504.62,4496.95,4503.34,4615
1774050300,4503.34,4504.34,4494.55,4498.01,4122
1774227600,4469.01,4515.19,4449.44,4508.22,6690
1774228500,4507.01,4536.21,4503.42,4524.32,6376
1774229400,4524.33,4526.54,4504.97,4506.78,6274
1774230300,4506.77,4515.45,4489.96,4498.11,5111
1774231200,4498.17,4510.74,4485.42,4490.45,6069
1774232100,4490.54,4499.89,4482.63,4485.33,5956
1774233000,4485.28,4490.89,4472.49,4488.58,5813
1774233900,4488.58,4493.58,4452.28,4464.77,7094
1774234800,4464.74,4473.25,4425.33,4436.52,7720
1774235700,4436.53,4445.20,4404.59,4427.11,7594
1774236600,4427.13,4436.77,4329.98,4361.94,8111
1774237500,4361.95,4371.26,4319.92,4354.28,8119
1774238400,4354.29,4422.86,4330.47,4407.95,8550
1774239300,4408.02,4443.68,4407.08,4421.85,8227
1774240200,4421.86,4454.22,4417.10,4435.60,8193
1774241100,4435.60,4436.78,4381.14,4387.41,8108
1774242000,4387.45,4421.99,4383.27,4395.79,7956
1774242900,4395.84,4417.03,4394.54,4399.13,6912
1774243800,4399.12,4400.80,4369.61,4384.77,7859
1774244700,4384.64,4384.64,4354.89,4360.55,7754
1774245600,4360.58,4377.88,4347.85,4349.38,7437
1774246500,4349.45,4365.26,4347.04,4351.06,7535
1774247400,4351.03,4364.69,4335.02,4342.10,6864
1774248300,4342.11,4360.35,4337.19,4352.80,5806
1774249200,4352.80,4370.47,4352.80,4363.82,6510
1774250100,4363.78,4370.57,4361.38,4368.52,5072
1774251000,4368.65,4381.91,4360.37,4375.47,5705
1774251900,4375.46,4376.53,4350.05,4367.57,5987
1774252800,4367.57,4380.14,4366.11,4372.59,5964
1774253700,4372.59,4374.05,4351.83,4356.24,6314
1774254600,4356.25,4356.26,4320.25,4321.97,8072
1774255500,4321.97,4326.49,4302.40,4310.20,7731
1774256400,4310.26,4310.31,4270.47,4294.88,8038
1774257300,4294.85,4310.02,4239.03,4243.58,8167
1774258200,4243.58,4249.79,4182.81,4183.24,8482
1774259100,4183.29,4230.06,4163.23,4220.23,8444
1774260000,4220.24,4221.90,4126.70,4129.91,8510
1774260900,4130.21,4159.30,4098.83,4136.40,8547
1774261800,4136.02,4215.92,4129.70,4215.09,8291
1774262700,4215.12,4232.55,4186.32,4203.99,8169
1774263600,4204.18,4255.66,4203.35,4253.10,8358
1774264500,4253.07,4256.07,4211.40,4226.79,8196
1774265400,4226.81,4270.54,4222.40,4257.35,7966
1774266300,4257.40,4269.56,4219.66,4251.23,7731
1774267200,4251.25,4269.12,4246.95,4268.97,7545
1774268100,4268.84,4304.09,4267.56,4304.09,7495
1774269000,4304.07,4308.30,4225.07,4225.68,8114
1774269900,4225.69,4257.09,4223.78,4253.52,7332
1774270800,4253.51,4272.33,4243.68,4263.82,7381
1774271700,4263.74,4274.67,4256.26,4268.69,6695
1774272600,4268.69,4269.27,4241.12,4257.12,7042
1774273500,4257.12,4281.77,4249.78,4269.02,7394
1774274400,4269.02,4462.45,4269.02,4457.11,8371
1774275300,4457.16,4460.08,4355.76,4399.22,8668
1774276200,4399.14,4432.24,4383.66,4412.36,8363
1774277100,4412.37,4417.05,4361.85,4379.11,8475
1774278000,4379.24,4380.60,4336.85,4352.95,8432
1774278900,4353.02,4404.96,4352.54,4390.46,8377
1774279800,4389.85,4442.04,4374.46,4441.72,8426
1774280700,4441.51,4492.57,4433.57,4478.64,8510
1774281600,4478.64,4485.30,4431.53,4446.63,8588
1774282500,4446.50,4452.86,4405.03,4409.50,8166
1774283400,4409.73,4450.04,4402.08,4423.00,8720
1774284300,4422.54,4466.59,4419.84,4454.10,8546
1774285200,4454.13,4479.24,4453.46,4464.36,8606
1774286100,4464.33,4512.86,4461.36,4486.83,8460
1774287000,4486.54,4504.29,4470.46,4480.13,8397
1774287900,4479.92,4486.06,4456.84,4461.81,8391
1774288800,4461.83,4487.00,4455.09,4465.22,8423
1774289700,4465.10,4468.22,4427.75,4447.45,8457
1774290600,4447.53,4455.96,4405.87,4407.93,8426
1774291500,4407.81,4413.90,4351.31,4363.95,8552
1774292400,4363.90,4390.11,4353.02,4384.23,8566
1774293300,4384.08,4389.50,4352.66,4354.87,8389
1774294200,4354.87,4387.87,4353.69,4386.31,8222
1774295100,4386.08,4391.63,4371.48,4375.44,8349
1774296000,4375.53,4405.46,4371.07,4397.12,8139
1774296900,4397.14,4413.66,4388.54,4405.39,8099
1774297800,4405.51,4438.81,4404.20,4420.29,7999
1774298700,4420.29,4429.80,4404.65,4426.47,7660
1774299600,4426.30,4429.12,4402.72,4421.30,7848
1774300500,4421.44,4430.66,4409.84,4426.02,7541
1774301400,4426.02,4462.01,4425.60,4461.70,7651
1774302300,4461.70,4467.01,4446.41,4449.01,7336
1774303200,4448.99,4450.60,4403.09,4406.83,7365
1774304100,4406.86,4414.75,4393.08,4410.52,7686
1774305000,4410.52,4416.46,4402.44,4416.46,7381
1774305900,4416.48,4427.59,4397.30,4398.37,7765
1774306800,4398.02,4408.49,4382.96,4403.69,6267
1774307700,4403.72,4412.99,4403.63,4407.10,4310
1774308600,4407.10,4411.38,4396.10,4410.95,4317
1774309500,4410.94,4412.99,4405.31,4406.77,3697
1774314000,4413.96,4420.33,4361.70,4398.23,5892
1774314900,4398.23,4415.05,4389.42,4414.46,5707
1774315800,4414.46,4416.80,4398.48,4408.89,5240
1774316700,4408.89,4431.39,4406.45,4426.93,4826
1774317600,4426.91,4437.67,4423.58,4435.92,5329
1774318500,4435.86,4448.33,4433.63,4441.81,4953
1774319400,4441.82,4444.35,4421.84,4430.78,4986
1774320300,4430.76,4446.20,4422.28,4441.21,5643
1774321200,4441.21,4446.63,4420.27,4422.24,6594
1774322100,4422.23,4423.57,4368.64,4377.94,7353
1774323000,4378.30,4387.37,4331.48,4344.21,7804
1774323900,4344.26,4386.65,4342.98,4364.71,7557
1774324800,4364.72,4374.08,4328.52,4331.27,8395
1774325700,4331.26,4368.99,4330.96,4354.71,8023
1774326600,4354.79,4368.44,4321.49,4321.73,7937
1774327500,4321.70,4332.05,4308.12,4322.11,8115
1774328400,4322.13,4336.65,4306.07,4312.09,8047
1774329300,4312.05,4353.75,4309.47,4351.99,7623
1774330200,4352.03,4373.40,4344.56,4366.95,7844
1774331100,4366.82,4379.28,4352.19,4366.02,7663
1774332000,4366.03,4367.99,4350.14,4358.37,7256
1774332900,4358.35,4368.20,4355.61,4364.49,6870
1774333800,4364.50,4364.88,4338.61,4341.81,6589
1774334700,4341.56,4349.64,4335.06,4347.08,5948
1774335600,4347.08,4357.23,4346.38,4349.98,5829
1774336500,4350.00,4350.44,4326.60,4339.49,6418
1774337400,4339.49,4348.17,4335.96,4340.89,5521
1774338300,4340.96,4349.25,4332.00,4333.39,5390
1774339200,4333.39,4345.62,4319.86,4335.28,6892
1774340100,4335.29,4346.74,4333.98,4335.36,6580
1774341000,4335.36,4374.18,4321.20,4358.25,7913
1774341900,4358.33,4368.99,4343.72,4347.27,7352
1774342800,4347.25,4375.67,4342.95,4366.72,7555
1774343700,4366.46,4396.90,4359.07,4386.96,7597
1774344600,4386.95,4397.35,4374.80,4377.66,7460
1774345500,4377.57,4405.13,4373.03,4402.18,7271
1774346400,4402.12,4425.26,4399.79,4424.71,7567
1774347300,4424.76,4425.15,4406.07,4412.62,7157
1774348200,4412.60,4412.60,4400.07,4408.76,6803
1774349100,4408.33,4432.65,4401.80,4417.42,7113
1774350000,4417.34,4420.87,4402.26,4414.57,7579
1774350900,4414.59,4417.65,4391.27,4396.60,7219
1774351800,4396.60,4405.75,4391.74,4400.49,6453
1774352700,4400.51,4414.44,4398.50,4411.95,7118
1774353600,4411.91,4419.16,4397.43,4398.89,6903
1774354500,4398.90,4415.12,4395.99,4407.22,6172
1774355400,4407.21,4421.12,4404.99,4415.92,6229
1774356300,4415.93,4430.87,4412.13,4426.36,5848
1774357200,4426.38,4431.11,4415.15,4426.15,6288
1774358100,4426.09,4432.80,4421.40,4422.26,5932
1774359000,4422.23,4428.01,4414.74,4427.44,5965
1774359900,4427.44,4441.66,4418.78,4438.57,6195
1774360800,4438.64,4442.00,4374.89,4419.61,7794
1774361700,4419.58,4420.57,4403.50,4413.23,6868
1774362600,4413.22,4431.57,4411.42,4421.96,6294
1774363500,4421.98,4427.61,4390.50,4408.04,7035
1774364400,4408.05,4422.55,4404.91,4420.42,7051
1774365300,4420.42,4427.46,4395.86,4402.45,7276
1774366200,4402.45,4406.61,4362.24,4369.64,7908
1774367100,4369.56,4390.50,4369.00,4378.87,7535
1774368000,4378.94,4389.82,4364.20,4378.26,8154
1774368900,4378.25,4384.36,4357.34,4357.34,7914
1774369800,4357.22,4370.57,4351.49,4356.92,8372
1774370700,4356.89,4383.50,4351.52,4381.45,8371
1774371600,4381.45,4404.49,4380.71,4395.20,8303
1774372500,4395.22,4414.88,4388.87,4409.13,8323
1774373400,4409.29,4420.62,4400.42,4412.34,8203
1774374300,4412.27,4433.43,4401.46,4415.91,8454
1774375200,4416.08,4420.49,4396.30,4411.48,8445
1774376100,4411.47,4420.37,4403.39,4412.89,7905
1774377000,4412.88,4428.97,4410.07,4424.38,7826
1774377900,4424.51,4430.82,4409.40,4411.72,7722
1774378800,4411.62,4414.60,4402.77,4414.55,7724
1774379700,4414.50,4425.63,4411.75,4421.17,7288
1774380600,4421.17,4424.45,4408.74,4424.45,7381
1774381500,4424.48,4427.48,4418.53,4421.31,7076
1774382400,4421.31,4426.34,4388.25,4397.53,8014
1774383300,4397.53,4405.81,4394.27,4400.01,8062
1774384200,4400.00,4400.00,4375.09,4377.98,7791
1774385100,4378.16,4394.65,4372.51,4388.66,7798
1774386000,4388.63,4394.04,4384.14,4389.66,7610
1774386900,4389.63,4409.90,4387.44,4407.21,7470
1774387800,4407.28,4423.38,4394.81,4400.24,7511
1774388700,4400.24,4401.89,4384.34,4389.64,7261
1774389600,4389.67,4406.04,4388.67,4404.50,6405
1774390500,4404.50,4411.38,4400.14,4407.42,6054
1774391400,4407.43,4407.53,4395.28,4401.31,6523
1774392300,4401.31,4404.41,4396.53,4400.37,6725
1774393200,4400.40,4404.38,4397.39,4400.77,3838
1774394100,4400.77,4483.94,4399.04,4455.61,6817
1774395000,4455.65,4472.73,4447.62,4459.69,7940
1774395900,4459.68,4481.63,4456.44,4476.73,6051
1774400400,4472.06,4485.07,4468.14,4483.33,5130
1774401300,4483.31,4484.98,4468.15,4470.21,5262
1774402200,4470.22,4471.09,4456.03,4468.64,5438
1774403100,4468.64,4484.62,4466.91,4484.58,5256
1774404000,4484.58,4484.99,4472.58,4484.65,4980
1774404900,4484.65,4510.00,4483.38,4509.98,5987
1774405800,4509.98,4546.39,4504.94,4539.80,6584
1774406700,4539.81,4551.59,4532.29,4546.79,6473
1774407600,4546.79,4554.85,4537.50,4550.47,6824
1774408500,4550.42,4556.95,4538.64,4553.86,6587
1774409400,4553.70,4570.09,4546.84,4567.81,6170
1774410300,4567.81,4572.02,4561.91,4563.23,5838
1774411200,4563.16,4578.71,4552.38,4570.77,7167
1774412100,4570.69,4578.52,4567.99,4575.47,6669
1774413000,4575.47,4591.05,4574.22,4585.26,6590
1774413900,4585.18,4601.01,4583.74,4594.80,6362
1774414800,4594.78,4596.16,4580.03,4585.71,6850
1774415700,4585.66,4592.61,4584.63,4587.12,5119
1774416600,4587.13,4597.24,4581.33,4593.51,6187
1774417500,4593.57,4602.54,4581.85,4583.69,6096
1774418400,4583.64,4586.19,4573.42,4576.59,5888
1774419300,4576.58,4579.49,4571.91,4575.35,5493
1774420200,4575.35,4577.91,4569.71,4569.87,4716
1774421100,4569.87,4574.13,4567.68,4570.09,4354
1774422000,4570.10,4574.09,4565.66,4573.73,3912
1774422900,4573.73,4574.54,4570.98,4574.14,3421
1774423800,4574.13,4574.39,4566.24,4569.51,3305
1774424700,4569.51,4573.89,4568.04,4572.46,3428
1774425600,4572.73,4573.30,4566.77,4571.45,3878
1774426500,4571.46,4571.67,4554.06,4554.74,4862
1774427400,4554.61,4566.89,4549.44,4566.75,6607
1774428300,4566.74,4566.87,4553.68,4555.72,5838
1774429200,4555.68,4556.98,4533.20,4534.46,6632
1774430100,4534.55,4552.68,4534.33,4550.29,5855
1774431000,4550.28,4556.84,4544.26,4546.81,5463
1774431900,4546.69,4550.62,4543.27,4545.51,5233
1774432800,4545.49,4559.03,4544.74,4556.80,5048
1774433700,4556.81,4563.19,4555.89,4561.02,4968
1774434600,4561.01,4561.05,4542.80,4546.96,5722
1774435500,4546.96,4550.12,4537.02,4539.48,5401
1774436400,4539.48,4559.16,4535.90,4558.15,6526
1774437300,4558.47,4567.75,4557.23,4565.55,6110
1774438200,4565.55,4567.34,4553.29,4565.21,6165
1774439100,4565.23,4567.11,4555.06,4556.09,6184
1774440000,4556.11,4567.60,4554.27,4562.15,5638
1774440900,4562.15,4566.03,4554.73,4558.54,5394
1774441800,4558.53,4560.30,4549.44,4551.27,5751
1774442700,4551.26,4555.49,4527.70,4551.71,6576
1774443600,4551.81,4560.89,4551.27,4555.09,5685
1774444500,4555.11,4558.19,4551.60,4555.33,4953
1774445400,4555.31,4558.98,4551.15,4552.30,5055
1774446300,4552.30,4562.40,4551.81,4558.77,4792
1774447200,4558.77,4568.94,4556.13,4567.56,4955
1774448100,4567.61,4582.85,4564.41,4579.81,5144
1774449000,4579.80,4585.38,4579.74,4583.52,5074
1774449900,4583.53,4583.81,4572.47,4578.82,6207
1774450800,4578.72,4583.67,4572.87,4577.66,6084
1774451700,4577.66,4579.06,4540.17,4545.59,7727
1774452600,4545.50,4554.60,4522.00,4547.35,7287
1774453500,4547.38,4552.40,4536.14,4544.05,6828
1774454400,4543.97,4571.20,4541.55,4559.29,7333
1774455300,4559.27,4570.54,4551.52,4568.86,6561
1774456200,4569.13,4576.33,4556.65,4561.12,8121
1774457100,4561.26,4563.72,4540.97,4544.62,8135
1774458000,4544.72,4555.08,4533.15,4553.40,8046
1774458900,4553.41,4562.60,4546.15,4562.51,7855
1774459800,4562.50,4569.17,4557.59,4565.57,7625
1774460700,4565.55,4579.24,4563.82,4567.04,7148
1774461600,4567.12,4568.71,4549.74,4549.90,7581
1774462500,4549.88,4561.77,4525.10,4560.68,7918
1774463400,4560.70,4564.90,4555.27,4557.08,6852
1774464300,4557.07,4565.76,4553.59,4558.94,7238
1774465200,4558.99,4564.82,4552.62,4553.68,7383
1774466100,4553.76,4560.42,4545.26,4555.36,7465
1774467000,4555.33,4560.89,4551.36,4555.99,6986
1774467900,4556.01,4559.20,4549.89,4555.36,6599
1774468800,4555.36,4557.76,4543.47,4551.18,6691
1774469700,4551.17,4558.32,4542.84,4553.46,6387
1774470600,4553.40,4564.00,4550.32,4560.47,6365
1774471500,4560.54,4562.04,4545.80,4550.84,6304
1774472400,4550.84,4568.99,4545.51,4551.41,6859
1774473300,4551.41,4556.57,4546.53,4551.94,6495
1774474200,4551.95,4557.79,4546.95,4549.20,5805
1774475100,4549.20,4549.59,4531.08,4538.43,6320
1774476000,4538.34,4539.53,4486.89,4509.11,7382
1774476900,4509.14,4518.54,4502.86,4513.24,7214
1774477800,4513.23,4527.07,4506.26,4522.51,6562
1774478700,4522.55,4533.79,4513.81,4530.82,6663
1774479600,4530.84,4542.08,4522.93,4529.35,5107
1774480500,4529.36,4534.13,4522.26,4523.53,3611
1774481400,4523.53,4524.77,4495.25,4504.62,5071
1774482300,4504.66,4507.42,4501.69,4505.71,3251
1774486800,4510.74,4531.96,4508.97,4512.51,5659
1774487700,4512.52,4519.88,4505.68,4511.69,4380
1774488600,4511.69,4534.56,4508.28,4531.97,4325
1774489500,4532.03,4533.06,4512.24,4517.45,4890
1774490400,4517.53,4518.12,4498.00,4508.92,4945
1774491300,4508.92,4512.94,4497.09,4505.48,4716
1774492200,4505.48,4511.02,4488.99,4494.53,4714
1774493100,4494.75,4499.88,4491.33,4498.25,4597
1774494000,4498.25,4527.72,4498.14,4527.65,6283
1774494900,4527.65,4535.48,4524.20,4525.41,5807
1774495800,4525.41,4532.73,4524.63,4527.94,4799
1774496700,4527.94,4539.25,4527.36,4535.77,5629
1774497600,4535.77,4544.40,4531.37,4538.28,6763
1774498500,4538.42,4538.64,4526.89,4534.60,6354
1774499400,4534.55,4537.87,4526.14,4530.30,6332
1774500300,4530.30,4536.04,4522.50,4535.66,6173
1774501200,4535.65,4535.79,4527.60,4531.20,5891
1774502100,4531.19,4533.12,4524.96,4528.20,5218
1774503000,4528.18,4530.62,4511.85,4519.45,6309
1774503900,4519.43,4520.98,4505.76,4508.92,5656
1774504800,4508.93,4511.82,4501.98,4511.20,5801
1774505700,4511.31,4513.75,4500.00,4506.54,5713
1774506600,4506.54,4518.85,4506.37,4515.68,4778
1774507500,4515.68,4516.90,4510.43,4516.61,3956
1774508400,4516.62,4519.03,4511.59,4518.46,3811
1774509300,4518.45,4522.00,4516.23,4520.76,3344
1774510200,4520.79,4522.36,4516.51,4517.95,3139
1774511100,4517.94,4524.27,4517.87,4520.48,3849
1774512000,4520.48,4522.25,4507.70,4508.71,4614
1774512900,4508.70,4511.29,4489.05,4493.62,5115
1774513800,4493.61,4495.72,4480.22,4483.12,6966
1774514700,4483.04,4484.19,4439.02,4439.08,7381
1774515600,4439.19,4450.61,4418.46,4420.93,7658
1774516500,4420.92,4441.37,4415.81,4440.34,7265
1774517400,4440.30,4447.78,4430.62,4447.10,6591
1774518300,4447.32,4459.34,4444.17,4456.32,6580
1774519200,4456.31,4460.56,4442.96,4447.72,6341
1774520100,4447.73,4451.94,4439.05,4448.62,5851
1774521000,4448.59,4463.89,4447.73,4460.44,5645
1774521900,4460.40,4463.08,4450.46,4452.65,5614
1774522800,4452.64,4459.19,4440.35,4445.31,6961
1774523700,4445.32,4447.37,4425.07,4428.35,6978
1774524600,4428.32,4438.33,4412.86,4420.12,7015
1774525500,4419.72,4440.10,4418.49,4427.96,6815
1774526400,4427.90,4434.73,4418.29,4430.89,6587
1774527300,4430.88,4436.93,4425.23,4432.37,6095
1774528200,4432.39,4432.39,4414.60,4424.10,6772
1774529100,4424.10,4427.89,4416.95,4423.53,5984
1774530000,4423.54,4428.89,4417.06,4425.02,5992
1774530900,4425.07,4448.10,4424.63,4441.79,5835
1774531800,4441.80,4444.37,4423.36,4428.62,5988
1774532700,4428.60,4447.44,4425.30,4443.03,6051
1774533600,4443.75,4448.60,4440.29,4441.91,5663
1774534500,4441.91,4456.54,4439.54,4443.43,5765
1774535400,4443.40,4451.87,4438.11,4440.77,5682
1774536300,4440.76,4442.62,4419.02,4422.98,6605
1774537200,4423.00,4445.70,4416.61,4442.06,7060
1774538100,4442.06,4445.38,4433.76,4438.43,5968
1774539000,4437.77,4444.80,4431.98,4435.70,6673
1774539900,4435.66,4443.08,4428.41,4430.14,6376
1774540800,4429.61,4445.44,4420.23,4438.44,7387
1774541700,4438.44,4453.75,4434.47,4448.24,6596
1774542600,4448.27,4453.69,4429.21,4453.69,8175
1774543500,4453.67,4460.42,4436.93,4452.85,8046
1774544400,4452.87,4456.35,4437.39,4446.50,7986
1774545300,4446.51,4469.72,4444.27,4459.05,7707
1774546200,4459.20,4479.32,4458.34,4460.47,7997
1774547100,4460.31,4469.47,4446.03,4465.00,8135
1774548000,4465.04,4469.02,4451.00,4455.46,7544
1774548900,4455.43,4458.50,4449.06,4454.50,7354
1774549800,4454.59,4454.59,4436.78,4440.08,7354
1774550700,4440.13,4446.68,4434.10,4438.30,7368
1774551600,4438.30,4442.67,4425.93,4439.93,6786
1774552500,4439.92,4439.92,4387.28,4396.62,7768
1774553400,4396.54,4396.54,4367.09,4381.34,8036
1774554300,4381.38,4392.45,4378.90,4389.26,7415
1774555200,4389.26,4402.61,4385.01,4394.79,7275
1774556100,4394.77,4397.34,4377.28,4383.33,7492
1774557000,4383.32,4393.07,4377.56,4385.69,6949
1774557900,4385.69,4390.98,4379.36,4381.57,6343
1774558800,4381.49,4390.59,4380.10,4388.23,6958
1774559700,4388.23,4388.30,4367.64,4374.26,6986
1774560600,4374.30,4395.59,4373.43,4393.23,6462
1774561500,4393.25,4397.79,4390.64,4394.48,5747
1774562400,4394.47,4399.29,4382.10,4387.98,5959
1774563300,4387.96,4392.44,4378.51,4380.72,6205
1774564200,4380.72,4388.33,4375.13,4378.84,6269
1774565100,4378.81,4380.02,4359.20,4364.11,7131
1774566000,4363.93,4413.57,4351.11,4396.91,6377
1774566900,4396.86,4416.09,4380.44,4404.50,7698
1774567800,4404.49,4420.78,4397.71,4405.91,6262
1774568700,4405.95,4410.03,4373.08,4380.79,5942
1774573200,4377.64,4404.48,4377.36,4400.84,5546
1774574100,4400.81,4408.25,4394.60,4398.36,3967
1774575000,4398.38,4415.34,4395.14,4407.09,3462
1774575900,4407.07,4413.17,4400.19,4411.58,2969
1774576800,4411.51,4414.51,4389.95,4393.11,4251
1774577700,4393.11,4401.47,4391.53,4399.36,3476
1774578600,4399.35,4408.11,4396.21,4400.09,4124
1774579500,4400.09,4405.78,4396.54,4405.12,2910
1774580400,4405.12,4411.10,4403.23,4403.93,3909
1774581300,4403.93,4404.67,4382.63,4391.16,5119
1774582200,4391.16,4396.52,4387.24,4391.05,4884
1774583100,4390.99,4391.13,4375.54,4378.66,5400
1774584000,4378.66,4399.43,4377.37,4393.87,6510
1774584900,4393.86,4406.56,4391.12,4406.49,5783
1774585800,4406.51,4420.29,4403.65,4419.48,5957
1774586700,4419.51,4420.51,4411.89,4417.32,5633
1774587600,4417.38,4439.62,4417.07,4435.09,6141
1774588500,4435.06,4436.25,4426.15,4430.76,4725
1774589400,4430.76,4434.16,4424.70,4429.73,5793
1774590300,4429.78,4440.57,4428.05,4432.03,5396
1774591200,4432.03,4435.65,4421.27,4429.37,5324
1774592100,4429.61,4436.87,4428.24,4435.30,5036
1774593000,4435.29,4446.27,4430.88,4436.14,5032
1774593900,4436.15,4438.57,4432.71,4437.62,3574
1774594800,4437.63,4439.76,4432.67,4433.88,3576
1774595700,4433.89,4437.20,4431.42,4434.14,3071
1774596600,4434.13,4442.11,4433.97,4441.40,2809
1774597500,4441.41,4449.52,4440.45,4446.11,3252
1774598400,4446.12,4447.50,4442.03,4443.87,3998
1774599300,4443.84,4446.92,4440.47,4443.30,4047
1774600200,4443.33,4475.07,4442.90,4465.54,6912
1774601100,4465.59,4468.49,4453.53,4454.52,6018
1774602000,4454.52,4472.92,4451.75,4471.32,5990
1774602900,4471.34,4471.34,4456.82,4463.52,5456
1774603800,4463.54,4468.50,4460.60,4465.01,4819
1774604700,4465.00,4465.54,4454.63,4459.56,5015
1774605600,4459.54,4463.10,4447.74,4455.02,5027
1774606500,4455.02,4457.18,4450.29,4452.26,4035
1774607400,4452.26,4455.72,4446.57,4448.27,4599
1774608300,4448.27,4453.21,4442.87,4447.67,4788
1774609200,4447.68,4450.77,4442.87,4447.17,5663
1774610100,4447.17,4447.39,4430.66,4433.94,5608
1774611000,4433.88,4439.93,4428.93,4434.82,5451
1774611900,4434.96,4438.73,4423.73,4424.11,5241
1774612800,4424.19,4431.02,4420.84,4429.60,5645
1774613700,4429.61,4436.19,4428.58,4434.47,5720
1774614600,4434.45,4438.30,4430.09,4432.73,4661
1774615500,4432.73,4432.76,4427.13,4428.80,5069
1774616400,4428.81,4432.91,4424.16,4425.94,5162
1774617300,4425.95,4431.47,4423.87,4429.02,4469
1774618200,4429.02,4430.29,4412.45,4415.90,5331
1774619100,4416.02,4419.02,4410.88,4414.70,5485
1774620000,4414.77,4417.20,4404.36,4413.06,5656
1774620900,4413.00,4417.19,4407.78,4415.33,5242
1774621800,4415.33,4421.63,4413.82,4421.60,4681
1774622700,4421.84,4426.20,4415.80,4420.06,5168
1774623600,4420.05,4426.76,4412.69,4424.72,5884
1774624500,4424.77,4434.37,4417.03,4429.59,5844
1774625400,4429.63,4437.35,4424.58,4433.31,5577
1774626300,4433.60,4445.18,4433.60,4437.88,5574
1774627200,4437.88,4443.80,4423.97,4429.11,7036
1774628100,4428.91,4441.71,4418.59,4422.37,6641
1774629000,4422.35,4430.93,4413.72,4428.73,7805
1774629900,4428.73,4441.57,4421.13,4431.88,7273
1774630800,4431.20,4463.18,4430.82,4461.50,7871
1774631700,4460.80,4470.00,4452.23,4455.35,7695
1774632600,4455.40,4464.07,4451.84,4463.99,7475
1774633500,4464.01,4514.76,4463.83,4509.74,7840
1774634400,4509.89,4533.75,4501.76,4525.49,8004
1774635300,4525.46,4555.35,4520.82,4543.34,8066
1774636200,4543.64,4552.58,4526.41,4531.85,7790
1774637100,4531.85,4536.32,4520.53,4523.85,7325
1774638000,4523.83,4532.97,4518.15,4528.33,7027
1774638900,4528.33,4533.74,4524.76,4528.49,6580
1774639800,4528.44,4528.88,4505.57,4511.21,6862
1774640700,4511.22,4521.44,4507.25,4516.09,6654
1774641600,4516.09,4521.40,4506.17,4510.97,7080
1774642500,4510.97,4511.60,4486.86,4494.22,7088
1774643400,4494.17,4499.97,4486.55,4490.37,6766
1774644300,4490.36,4499.56,4486.60,4486.68,6193
1774645200,4486.65,4498.81,4486.59,4498.54,6291
1774646100,4498.54,4511.41,4498.54,4509.30,6875
1774647000,4509.26,4528.73,4508.63,4525.71,6540
1774647900,4525.71,4525.85,4513.63,4516.83,5863
1774648800,4516.82,4519.29,4507.28,4511.15,5857
1774649700,4511.09,4524.07,4510.03,4522.93,5633
1774650600,4523.06,4526.16,4500.75,4509.98,6186
1774651500,4509.98,4522.43,4503.21,4514.38,6942
1774652400,4514.37,4520.13,4506.83,4510.20,4670
1774653300,4510.20,4510.69,4504.56,4506.78,3711
1774654200,4506.78,4512.75,4498.73,4505.74,3663
1774655100,4505.78,4505.79,4491.16,4495.53,3369
1774832400,4493.16,4515.01,4467.66,4497.38,6719
1774833300,4497.37,4512.31,4490.90,4509.18,6354
1774834200,4509.19,4512.94,4490.67,4493.26,5037
1774835100,4493.21,4496.89,4480.84,4484.53,5123
1774836000,4484.55,4492.62,4464.97,4478.67,5512
1774836900,4478.58,4484.69,4472.10,4472.44,4419
1774837800,4472.41,4472.41,4445.50,4452.09,6236
1774838700,4452.09,4455.85,4443.80,4448.59,6356
1774839600,4448.72,4451.37,4420.09,4426.79,7160
1774840500,4426.29,4466.71,4422.87,4449.28,7511
1774841400,4449.31,4459.04,4435.30,4438.31,7011
1774842300,4438.33,4442.83,4430.50,4432.10,6082
1774843200,4432.10,4461.91,4432.02,4460.17,7701
1774844100,4460.17,4466.61,4445.60,4448.65,7289
1774845000,4448.65,4475.91,4445.36,4471.23,7324
1774845900,4471.23,4475.07,4461.67,4469.72,6446
1774846800,4469.70,4474.49,4465.33,4472.73,6280
1774847700,4472.69,4474.27,4466.46,4472.89,5175
1774848600,4472.94,4499.19,4459.02,4494.65,6717
1774849500,4494.65,4496.06,4478.94,4481.30,6544
1774850400,4481.32,4508.91,4478.88,4504.61,6724
1774851300,4504.61,4517.56,4503.94,4507.11,6388
1774852200,4507.07,4507.74,4499.88,4503.54,4860
1774853100,4503.54,4507.48,4494.61,4496.11,4522
1774854000,4496.11,4498.70,4486.87,4487.75,4963
1774854900,4487.72,4495.51,4487.42,4490.68,3952
1774855800,4490.61,4491.25,4486.38,4488.24,3813
1774856700,4488.24,4498.75,4486.98,4496.83,4022
1774857600,4496.83,4508.09,4496.82,4504.77,4906
1774858500,4504.80,4515.73,4504.10,4505.48,4937
1774859400,4505.39,4515.27,4503.43,4510.41,6305
1774860300,4510.41,4528.49,4510.15,4522.34,6087
1774861200,4522.34,4534.36,4517.12,4530.46,6314
1774862100,4530.43,4535.24,4526.69,4528.60,6265
1774863000,4528.58,4541.81,4526.18,4540.09,5729
1774863900,4540.19,4550.58,4531.55,4532.53,6141
1774864800,4532.51,4534.55,4523.77,4534.27,5916
1774865700,4534.20,4534.66,4520.57,4522.67,5663
1774866600,4522.70,4526.02,4515.88,4521.21,5684
1774867500,4521.27,4528.06,4519.18,4527.31,5041
1774868400,4527.26,4537.04,4525.00,4533.80,5706
1774869300,4533.80,4535.82,4525.79,4528.77,5054
1774870200,4528.77,4538.11,4528.60,4532.90,4662
1774871100,4532.90,4540.44,4532.64,4538.21,4496
1774872000,4538.26,4540.59,4528.10,4529.58,5197
1774872900,4529.59,4536.52,4523.64,4527.62,5552
1774873800,4527.64,4538.16,4523.76,4537.17,5277
1774874700,4537.17,4538.43,4528.73,4532.30,4872
1774875600,4532.30,4536.27,4529.26,4533.02,4127
1774876500,4533.02,4539.99,4527.78,4531.31,4717
1774877400,4531.31,4534.03,4528.16,4533.42,4461
1774878300,4533.42,4535.59,4528.70,4532.37,4312
1774879200,4532.42,4540.58,4525.58,4538.59,4990
1774880100,4538.56,4547.89,4535.17,4543.42,5715
1774881000,4543.43,4566.24,4538.73,4566.24,6971
1774881900,4566.30,4580.79,4556.17,4559.57,6826
1774882800,4559.60,4561.45,4545.39,4556.59,6149
1774883700,4556.60,4568.14,4556.44,4565.99,6068
1774884600,4565.91,4577.91,4564.21,4573.82,6288
1774885500,4573.82,4574.02,4563.72,4569.36,5703
1774886400,4569.36,4578.70,4561.47,4565.79,7072
1774887300,4565.94,4571.35,4559.03,4567.48,6418
1774888200,4567.49,4573.92,4543.18,4544.21,8061
1774889100,4544.21,4548.19,4516.73,4523.26,7993
1774890000,4523.30,4535.98,4517.99,4533.75,7735
1774890900,4533.73,4534.69,4512.41,4519.04,7557
1774891800,4519.03,4533.89,4517.49,4522.81,7501
1774892700,4522.82,4541.21,4521.42,4538.61,7814
1774893600,4538.66,4543.31,4532.27,4532.87,7218
1774894500,4532.83,4534.04,4524.79,4531.71,7008
1774895400,4531.57,4553.93,4527.61,4551.87,6811
1774896300,4551.87,4556.80,4545.19,4548.28,6981
1774897200,4548.32,4549.72,4537.99,4544.45,6911
1774898100,4544.48,4548.90,4536.83,4536.91,6497
1774899000,4536.89,4548.38,4532.55,4548.22,5727
1774899900,4548.26,4548.87,4536.69,4539.94,6147
1774900800,4539.91,4542.25,4519.43,4522.81,6572
1774901700,4522.56,4530.54,4520.37,4527.70,6607
1774902600,4527.68,4527.68,4514.97,4524.33,6867
1774903500,4524.33,4528.58,4511.43,4515.07,6429
1774904400,4515.00,4523.12,4513.20,4518.49,6359
1774905300,4518.85,4521.40,4511.57,4513.81,6093
1774906200,4513.81,4519.48,4512.54,4515.47,5512
1774907100,4515.49,4518.78,4498.41,4499.01,6084
1774908000,4498.99,4505.01,4493.55,4497.69,7031
1774908900,4497.76,4504.33,4493.07,4501.68,6700
1774909800,4501.69,4512.96,4498.20,4504.96,6800
1774910700,4504.94,4518.46,4503.97,4513.65,6648
1774911600,4513.51,4516.46,4505.41,4508.24,4384
1774912500,4508.26,4510.03,4502.23,4506.11,3607
1774913400,4506.12,4507.10,4501.05,4503.60,3141
1774914300,4503.59,4511.16,4502.61,4511.08,2492
1774918800,4513.49,4523.25,4507.72,4508.69,4205
1774919700,4508.69,4514.81,4502.31,4514.62,3588
1774920600,4514.61,4518.98,4508.26,4508.70,2862
1774921500,4508.71,4515.21,4508.45,4510.91,3067
1774922400,4510.83,4510.83,4492.68,4498.80,5239
1774923300,4498.81,4510.19,4497.91,4505.43,4240
1774924200,4505.43,4519.63,4504.01,4518.58,4012
1774925100,4518.57,4521.12,4507.65,4513.66,4316
1774926000,4513.66,4528.41,4510.70,4516.09,6059
1774926900,4516.09,4518.31,4482.66,4511.92,6744
1774927800,4512.22,4537.12,4506.53,4536.45,6528
1774928700,4536.29,4548.06,4535.28,4547.54,7245
1774929600,4547.64,4550.67,4532.23,4543.87,7299
1774930500,4543.90,4585.76,4543.51,4581.37,7497
1774931400,4581.38,4619.03,4577.51,4617.54,7849
1774932300,4617.54,4619.36,4596.09,4605.25,7595
1774933200,4605.31,4607.47,4588.59,4589.88,7120
1774934100,4589.87,4592.59,4578.73,4582.63,6122
1774935000,4582.63,4588.45,4579.02,4587.18,6579
1774935900,4587.19,4588.13,4565.67,4568.33,6919
1774936800,4568.14,4577.06,4566.13,4570.09,6396
1774937700,4570.09,4571.31,4555.81,4561.59,6008
1774938600,4561.60,4565.93,4550.78,4552.35,4951
1774939500,4552.11,4557.62,4550.27,4557.28,4388
1774940400,4557.28,4566.10,4557.22,4557.54,4383
1774941300,4557.54,4569.36,4557.17,4561.40,4268
1774942200,4561.39,4565.24,4560.06,4564.06,4147
1774943100,4564.06,4569.09,4561.07,4564.73,4418
1774944000,4564.73,4570.71,4547.69,4550.39,5376
1774944900,4550.39,4567.90,4550.03,4561.46,4713
1774945800,4561.46,4579.96,4558.63,4576.90,6408
1774946700,4576.86,4581.62,4567.11,4568.75,6080
1774947600,4568.75,4568.97,4556.47,4559.57,6274
1774948500,4559.62,4564.55,4553.31,4560.77,6103
1774949400,4560.71,4565.68,4556.15,4559.04,5659
1774950300,4559.05,4561.70,4554.32,4557.18,5109
1774951200,4557.18,4564.04,4550.30,4552.50,5815
1774952100,4552.54,4556.79,4543.62,4552.16,5887
1774953000,4552.17,4561.26,4551.93,4559.81,5320
1774953900,4559.76,4565.80,4556.96,4564.47,5036
1774954800,4564.47,4573.43,4560.54,4566.02,6201
1774955700,4566.03,4572.46,4564.72,4572.31,5476
1774956600,4572.34,4575.24,4567.63,4571.38,5193
1774957500,4571.38,4574.11,4567.23,4568.65,5113
1774958400,4568.65,4572.51,4563.27,4567.71,4931
1774959300,4567.67,4570.78,4561.49,4562.29,5330
1774960200,4562.27,4562.56,4550.32,4555.79,5877
1774961100,4555.82,4562.47,4551.63,4555.60,5263
1774962000,4555.58,4561.95,4555.18,4556.90,4972
1774962900,4556.86,4561.17,4555.71,4560.48,4195
1774963800,4560.48,4560.83,4529.60,4541.24,5864
1774964700,4541.24,4552.89,4540.26,4547.09,5682
1774965600,4547.09,4563.33,4541.20,4551.63,6375
1774966500,4551.64,4583.34,4549.80,4575.14,7480
1774967400,4575.14,4593.15,4568.66,4591.99,6933
1774968300,4591.99,4593.06,4576.78,4582.34,6914
1774969200,4582.34,4597.54,4574.28,4575.76,7080
1774970100,4575.76,4582.92,4571.43,4579.35,7214
1774971000,4579.44,4589.82,4577.56,4579.03,6526
1774971900,4579.03,4581.31,4569.23,4574.88,6238
1774972800,4574.88,4583.59,4567.93,4581.42,7107
1774973700,4581.42,4587.93,4573.05,4573.08,6114
1774974600,4573.08,4589.37,4568.41,4587.71,7691
1774975500,4587.93,4609.74,4585.20,4607.80,7547
1774976400,4607.95,4625.23,4603.71,4615.30,8014
1774977300,4615.22,4619.40,4602.93,4618.88,7998
1774978200,4618.97,4630.07,4604.08,4608.04,7922
1774979100,4607.93,4611.07,4594.98,4599.20,7856
1774980000,4599.11,4624.00,4599.11,4622.87,7709
1774980900,4622.87,4625.32,4607.91,4610.32,7354
1774981800,4610.30,4621.27,4607.28,4620.77,7177
1774982700,4620.67,4623.62,4608.17,4609.46,7186
1774983600,4609.53,4620.01,4607.03,4612.10,7026
1774984500,4612.11,4618.83,4609.38,4617.84,6088
1774985400,4617.79,4651.53,4615.01,4641.45,7326
1774986300,4641.50,4649.94,4631.15,4638.20,8384
1774987200,4638.24,4655.75,4636.37,4642.82,8038
1774988100,4642.82,4658.05,4640.84,4648.79,7780
1774989000,4648.79,4663.74,4645.50,4660.29,7777
1774989900,4660.29,4667.39,4653.46,4654.70,7332
1774990800,4654.64,4668.98,4653.71,4665.76,7080
1774991700,4665.80,4668.82,4659.94,4664.49,6827
1774992600,4664.44,4671.11,4660.09,4667.59,6629
1774993500,4667.55,4670.56,4663.68,4667.39,5939
1774994400,4667.40,4676.26,4661.79,4671.21,6568
1774995300,4671.21,4681.13,4668.76,4672.84,6290
1774996200,4672.84,4683.49,4672.36,4680.98,6291
1774997100,4680.98,4685.60,4679.64,4682.71,6630
1774998000,4682.68,4687.18,4676.40,4679.36,5279
1774998900,4679.35,4682.07,4669.10,4669.55,3568
1774999800,4669.55,4675.50,4667.00,4668.12,3499
