PivL,PivR,SweepToSetupBars,VolumeMultiplier,ConfirmationBars,profit,trades,eq_dd_pct,recovery_factor,custom,sharpe,eq_dd_money,eligible,raw_score,smoothed
2,2,6,1.2,3,624.72,5,4.4479,1.30001,0.1444572272596973,0.329015,480.5501496142337,True,1.30001,0.508504
2,2,6,1.2,6,519.48,6,4.4917,1.081011,0.1006082682234611,0.271732,480.55015166358163,True,1.081011,0.5273262857142857
2,2,6,1.2,9,382.42,7,4.5499,0.795796,0.0749308948379397,0.247783,480.5502917833214,True,0.795796,0.4448153333333333
2,2,6,1.5,3,558.36,2,4.4754,1.161919,0.1351782486245747,0.146833,480.5498489998012,False,0.0,0.1857157142857143
2,2,6,1.5,6,453.12,3,4.5197,0.94292,0.0910771071204486,0.11593,480.5497815297162,False,0.0,0.135126375
2,2,6,1.5,9,367.27,4,4.5565,0.76427,0.0736288681381587,0.116174,480.550067384563,False,0.0,0.2024345714285714
2,2,6,2.0,3,0.0,0,0.0,0.0,0.0,0.0,1.0,False,0.0,0.0
2,2,6,2.0,6,0.0,0,0.0,0.0,0.0,0.0,1.0,False,0.0,0.0
2,2,6,2.0,9,0.0,0,0.0,0.0,0.0,0.0,1.0,False,0.0,0.0
2,2,6,2.5,3,0.0,0,0.0,0.0,0.0,0.0,1.0,False,0.0,0.0
2,2,6,2.5,6,0.0,0,0.0,0.0,0.0,0.0,1.0,False,0.0,0.0
2,2,6,2.5,9,0.0,0,0.0,0.0,0.0,0.0,1.0,False,0.0,0.0
2,2,12,1.2,3,321.97,8,4.5761,0.670003,0.0686006649071158,0.2984,480.55008708916233,True,0.670003,0.48609357142857146
2,2,12,1.2,6,216.73,9,5.3284,0.399569,0.0414924291743353,0.20409,542.409446178257,True,0.39956900000000006,0.347238
2,2,12,1.2,9,130.88,10,5.3737,0.241293,0.026573046352157,0.149041,542.4110935667425,True,0.241293,0.27230128571428575
2,2,12,1.5,3,455.27,3,4.5188,0.947394,0.1087410039799824,0.152142,480.5498029330986,False,0.0,0.151552875
2,2,12,1.5,6,350.03,4,4.5639,0.728395,0.0703179898013308,0.114208,480.5497017415001,False,0.0,0.14935955555555555
2,2,12,1.5,9,298.54,5,4.5864,0.621246,0.0601809896643468,0.120854,480.55037778915283,True,0.621246,0.143789125
2,2,12,2.0,3,0.0,0,0.0,0.0,0.0,0.0,1.0,False,0.0,0.0
2,2,12,2.0,6,0.0,0,0.0,0.0,0.0,0.0,1.0,False,0.0,0.0
2,2,12,2.0,9,0.0,0,0.0,0.0,0.0,0.0,1.0,False,0.0,0.07765575
2,2,12,2.5,3,0.0,0,0.0,0.0,0.0,0.0,1.0,False,0.0,0.0
2,2,12,2.5,6,0.0,0,0.0,0.0,0.0,0.0,1.0,False,0.0,0.0
2,2,12,2.5,9,0.0,0,0.0,0.0,0.0,0.0,1.0,False,0.0,0.0
2,2,18,1.2,3,225.95,13,5.618,0.395093,0.0459555757396774,0.516831,571.8906687792494,True,0.395093,0.415986
2,2,18,1.2,6,120.71,14,6.2717,0.189073,0.0243304667780101,0.272415,638.4306590576126,True,0.18907300000000002,0.269977
2,2,18,1.2,9,34.86,15,6.325,0.054603,0.0102405665731516,0.08874,638.4264600846108,True,0.054603,0.138551
2,2,18,1.5,3,260.66,5,4.603,0.54242,0.0602962430583745,0.124805,480.5501272076989,True,0.54242,0.29322175
2,2,18,1.5,6,155.42,6,4.6499,0.323421,0.032328952665369,0.074739,480.55011888529185,True,0.323421,0.24539211111111114
2,2,18,1.5,9,138.29,7,4.6576,0.287774,0.029367828101865,0.082921,480.5507099320995,True,0.287774,0.260198875
2,2,18,2.0,3,0.0,0,0.0,0.0,0.0,0.0,1.0,False,0.0,0.0678025
2,2,18,2.0,6,0.0,0,0.0,0.0,0.0,0.0,1.0,False,0.0,0.03593566666666667
2,2,18,2.0,9,0.0,0,0.0,0.0,0.0,0.0,1.0,False,0.0,0.03597175
2,2,18,2.5,3,0.0,0,0.0,0.0,0.0,0.0,1.0,False,0.0,0.0
2,2,18,2.5,6,0.0,0,0.0,0.0,0.0,0.0,1.0,False,0.0,0.0
2,2,18,2.5,9,0.0,0,0.0,0.0,0.0,0.0,1.0,False,0.0,0.0
2,2,24,1.2,3,135.65,14,6.5304,0.204056,0.0285092796611473,0.363776,664.7684949229624,True,0.204056,0.3450655
2,2,24,1.2,6,140.75,16,7.1071,0.192463,0.0273491134676867,0.41394,731.3093945329751,True,0.192463,0.23951814285714285
2,2,24,1.2,9,54.9,17,7.1669,0.075071,0.0134309715707781,0.175532,731.3076953817053,True,0.075071,0.158034
2,2,24,1.5,3,260.66,5,4.603,0.54242,0.0602962430583745,0.124805,480.5501272076989,True,0.54242,0.30781957142857147
2,2,24,1.5,6,155.42,6,4.6499,0.323421,0.032328952665369,0.074739,480.55011888529185,True,0.323421,0.276489875
2,2,24,1.5,9,138.29,7,4.6576,0.287774,0.029367828101865,0.082921,480.5507099320995,True,0.287774,0.21154471428571425
2,2,24,2.0,3,0.0,0,0.0,0.0,0.0,0.0,1.0,False,0.0,0.07748857142857143
2,2,24,2.0,6,0.0,0,0.0,0.0,0.0,0.0,1.0,False,0.0,0.040427625
2,2,24,2.0,9,0.0,0,0.0,0.0,0.0,0.0,1.0,False,0.0,0.04111057142857143
2,2,24,2.5,3,0.0,0,0.0,0.0,0.0,0.0,1.0,False,0.0,0.0
2,2,24,2.5,6,0.0,0,0.0,0.0,0.0,0.0,1.0,False,0.0,0.0
2,2,24,2.5,9,0.0,0,0.0,0.0,0.0,0.0,1.0,False,0.0,0.0
2,3,6,1.2,3,148.32,4,1.0323,1.436792,0.1001444865059384,0.708486,103.22997344083207,False,0.0,0.2279962857142857
2,3,6,1.2,6,43.08,5,3.6532,0.114898,0.0155543544636914,0.060933,374.9412522411182,True,0.114898,0.08562949999999998
2,3,6,1.2,9,-93.98,6,3.6802,-0.250914,-0.0263353249462941,-0.1557,374.55064284974134,True,-0.250914,0.025016857142857125
2,3,6,1.5,3,81.96,1,0.6193,1.315992,0.1230914909793331,1.657296,62.28001386026662,False,0.0,0.0
2,3,6,1.5,6,-23.28,2,3.6688,-0.061268,-0.0055711855076701,-0.018757,379.9699680094013,False,0.0,0.012766444444444445
2,3,6,1.5,9,-109.13,3,3.6995,-0.287207,-0.0333788484622084,-0.097317,379.9698475315713,False,0.0,-0.03136425
2,3,6,2.0,3,0.0,0,0.0,0.0,0.0,0.0,1.0,False,0.0,0.0
2,3,6,2.0,6,0.0,0,0.0,0.0,0.0,0.0,1.0,False,0.0,0.0
2,3,6,2.0,9,0.0,0,0.0,0.0,0.0,0.0,1.0,False,0.0,0.0
2,3,6,2.5,3,0.0,0,0.0,0.0,0.0,0.0,1.0,False,0.0,0.0
2,3,6,2.5,6,0.0,0,0.0,0.0,0.0,0.0,1.0,False,0.0,0.0
2,3,6,2.5,9,0.0,0,0.0,0.0,0.0,0.0,1.0,False,0.0,0.0
2,3,12,1.2,3,57.13,5,3.0995,0.181066,0.024519246890205,0.155142,315.5203075121779,True,0.181066,0.116292375
2,3,12,1.2,6,-99.32,6,3.7532,-0.259959,-0.0234527638861829,-0.142815,382.0602479621786,True,-0.259959,-0.0017246666666666582
2,3,12,1.2,9,-185.17,7,3.7851,-0.484662,-0.0452597228639205,-0.307359,382.0600748562916,True,-0.484662,-0.20328275
2,3,12,1.5,3,81.96,1,0.6193,1.315992,0.1230914909793331,1.657296,62.28001386026662,False,0.0,0.020118444444444446
2,3,12,1.5,6,-23.28,2,3.6688,-0.061268,-0.0055711855076701,-0.018757,379.9699680094013,False,0.0,-0.0259959
2,3,12,1.5,9,-109.13,3,3.6995,-0.287207,-0.0333788484622084,-0.097317,379.9698475315713,False,0.0,0.015175999999999999
2,3,12,2.0,3,0.0,0,0.0,0.0,0.0,0.0,1.0,False,0.0,0.0
2,3,12,2.0,6,0.0,0,0.0,0.0,0.0,0.0,1.0,False,0.0,0.0
2,3,12,2.0,9,0.0,0,0.0,0.0,0.0,0.0,1.0,False,0.0,0.0
2,3,12,2.5,3,0.0,0,0.0,0.0,0.0,0.0,1.0,False,0.0,0.0
2,3,12,2.5,6,0.0,0,0.0,0.0,0.0,0.0,1.0,False,0.0,0.0
2,3,12,2.5,9,0.0,0,0.0,0.0,0.0,0.0,1.0,False,0.0,0.0
2,3,18,1.2,3,119.29,8,3.4214,0.339229,0.0365718728331454,0.425223,351.6503600812431,True,0.339229,0.279120125
2,3,18,1.2,6,14.05,9,4.0726,0.033566,0.0064872904937885,0.032696,418.5783233033427,True,0.033566,0.13866100000000003
2,3,18,1.2,9,-123.01,10,4.1031,-0.294149,-0.0245612126649495,-0.33571,418.1894210077206,True,-0.294149,-0.05601775
2,3,18,1.5,3,81.96,1,0.6193,1.315992,0.1230914909793331,1.657296,62.28001386026662,False,0.0,0.097961
2,3,18,1.5,6,-23.28,2,3.6688,-0.061268,-0.0055711855076701,-0.018757,379.9699680094013,False,0.0,0.0356987
2,3,18,1.5,9,-109.13,3,3.6995,-0.287207,-0.0333788484622084,-0.097317,379.9698475315713,False,0.0,-0.0007083333333333356
2,3,18,2.0,3,0.0,0,0.0,0.0,0.0,0.0,1.0,False,0.0,0.0
2,3,18,2.0,6,0.0,0,0.0,0.0,0.0,0.0,1.0,False,0.0,0.0
2,3,18,2.0,9,0.0,0,0.0,0.0,0.0,0.0,1.0,False,0.0,0.0
2,3,18,2.5,3,0.0,0,0.0,0.0,0.0,0.0,1.0,False,0.0,0.0
2,3,18,2.5,6,0.0,0,0.0,0.0,0.0,0.0,1.0,False,0.0,0.0
2,3,18,2.5,9,0.0,0,0.0,0.0,0.0,0.0,1.0,False,0.0,0.0
2,3,24,1.2,3,123.16,8,3.4214,0.350235,0.0375768321008745,0.438586,351.6496066926492,True,0.350235,0.30481557142857146
2,3,24,1.2,6,128.26,10,4.0294,0.306417,0.0317911171576023,0.354712,418.5799090781517,True,0.306417,0.28184062499999996
2,3,24,1.2,9,42.41,11,4.063,0.101319,0.0126822234393922,0.134126,418.5789437321726,True,0.101319,0.12365957142857144
2,3,24,1.5,3,81.96,1,0.6193,1.315992,0.1230914909793331,1.657296,62.28001386026662,False,0.0,0.111581875
2,3,24,1.5,6,-23.28,2,3.6688,-0.061268,-0.0055711855076701,-0.018757,379.9699680094013,False,0.0,0.069982
2,3,24,1.5,9,-109.13,3,3.6995,-0.287207,-0.0333788484622084,-0.097317,379.9698475315713,False,0.0,0.048636624999999996
2,3,24,2.0,3,0.0,0,0.0,0.0,0.0,0.0,1.0,False,0.0,0.0
2,3,24,2.0,6,0.0,0,0.0,0.0,0.0,0.0,1.0,False,0.0,0.0
2,3,24,2.0,9,0.0,0,0.0,0.0,0.0,0.0,1.0,False,0.0,0.0
2,3,24,2.5,3,0.0,0,0.0,0.0,0.0,0.0,1.0,False,0.0,0.0
2,3,24,2.5,6,0.0,0,0.0,0.0,0.0,0.0,1.0,False,0.0,0.0
2,3,24,2.5,9,0.0,0,0.0,0.0,0.0,0.0,1.0,False,0.0,0.0
2,4,6,1.2,3,-87.25,2,1.2673,-0.688472,-0.1144738180735409,-1.670044,126.72991784705842,False,0.0,0.0
2,4,6,1.2,6,-87.25,2,1.2673,-0.688472,-0.1144738180735409,-1.670044,126.72991784705842,False,0.0,0.016414
2,4,6,1.2,9,-173.1,3,2.1258,-0.814282,-0.1727123880585009,-0.862223,212.5799170312005,False,0.0,-0.041819
2,4,6,1.5,3,0.0,0,0.0,0.0,0.0,0.0,1.0,False,0.0,0.0
2,4,6,1.5,6,0.0,0,0.0,0.0,0.0,0.0,1.0,False,0.0,0.0
2,4,6,1.5,9,-85.85,1,1.193,-0.71721,-0.1295042725631708,-0.323874,119.69994841120452,False,0.0,0.0
2,4,6,2.0,3,0.0,0,0.0,0.0,0.0,0.0,1.0,False,0.0,0.0
2,4,6,2.0,6,0.0,0,0.0,0.0,0.0,0.0,1.0,False,0.0,0.0
2,4,6,2.0,9,0.0,0,0.0,0.0,0.0,0.0,1.0,False,0.0,0.0
2,4,6,2.5,3,0.0,0,0.0,0.0,0.0,0.0,1.0,False,0.0,0.0
2,4,6,2.5,6,0.0,0,0.0,0.0,0.0,0.0,1.0,False,0.0,0.0
2,4,6,2.5,9,0.0,0,0.0,0.0,0.0,0.0,1.0,False,0.0,0.0
2,4,12,1.2,3,-87.25,2,1.2673,-0.688472,-0.1144738180735409,-1.670044,126.72991784705842,False,0.0,0.02586657142857143
2,4,12,1.2,6,-87.25,2,1.2673,-0.688472,-0.1144738180735409,-1.670044,126.72991784705842,False,0.0,-0.032494875
2,4,12,1.2,9,-173.1,3,2.1258,-0.814282,-0.1727123880585009,-0.862223,212.5799170312005,False,0.0,-0.14436742857142856
2,4,12,1.5,3,0.0,0,0.0,0.0,0.0,0.0,1.0,False,0.0,0.0
2,4,12,1.5,6,0.0,0,0.0,0.0,0.0,0.0,1.0,False,0.0,0.0
2,4,12,1.5,9,-85.85,1,1.193,-0.71721,-0.1295042725631708,-0.323874,119.69994841120452,False,0.0,0.0
2,4,12,2.0,3,0.0,0,0.0,0.0,0.0,0.0,1.0,False,0.0,0.0
2,4,12,2.0,6,0.0,0,0.0,0.0,0.0,0.0,1.0,False,0.0,0.0
2,4,12,2.0,9,0.0,0,0.0,0.0,0.0,0.0,1.0,False,0.0,0.0
2,4,12,2.5,3,0.0,0,0.0,0.0,0.0,0.0,1.0,False,0.0,0.0
2,4,12,2.5,6,0.0,0,0.0,0.0,0.0,0.0,1.0,False,0.0,0.0
2,4,12,2.5,9,0.0,0,0.0,0.0,0.0,0.0,1.0,False,0.0,0.0
2,4,18,1.2,3,-74.4,4,2.6133,-0.283461,-0.060503225850311,-0.278921,262.46996941378177,False,0.0,0.048461285714285714
2,4,18,1.2,6,-74.4,4,2.6133,-0.283461,-0.060503225850311,-0.278921,262.46996941378177,False,0.0,-0.019423875
2,4,18,1.2,9,-160.25,5,3.0471,-0.52591,-0.115241157216365,-0.529,304.7099313570763,True,-0.52591,-0.11574157142857143
2,4,18,1.5,3,0.0,0,0.0,0.0,0.0,0.0,1.0,False,0.0,0.0
2,4,18,1.5,6,0.0,0,0.0,0.0,0.0,0.0,1.0,False,0.0,0.0
2,4,18,1.5,9,-85.85,1,1.193,-0.71721,-0.1295042725631708,-0.323874,119.69994841120452,False,0.0,-0.06573875
2,4,18,2.0,3,0.0,0,0.0,0.0,0.0,0.0,1.0,False,0.0,0.0
2,4,18,2.0,6,0.0,0,0.0,0.0,0.0,0.0,1.0,False,0.0,0.0
2,4,18,2.0,9,0.0,0,0.0,0.0,0.0,0.0,1.0,False,0.0,0.0
2,4,18,2.5,3,0.0,0,0.0,0.0,0.0,0.0,1.0,False,0.0,0.0
2,4,18,2.5,6,0.0,0,0.0,0.0,0.0,0.0,1.0,False,0.0,0.0
2,4,18,2.5,9,0.0,0,0.0,0.0,0.0,0.0,1.0,False,0.0,0.0
2,4,24,1.2,3,-74.4,4,2.6133,-0.283461,-0.060503225850311,-0.278921,262.46996941378177,False,0.0,0.11453133333333333
2,4,24,1.2,6,88.44,5,2.5849,0.336953,0.052184698173294,0.289462,262.46984000736006,True,0.336953,0.09331971428571428
2,4,24,1.2,9,2.59,6,2.6069,0.009868,0.0027759156609554,0.008192,262.4645318200243,True,0.009868,-0.012961666666666658
2,4,24,1.5,3,0.0,0,0.0,0.0,0.0,0.0,1.0,False,0.0,0.0
2,4,24,1.5,6,0.0,0,0.0,0.0,0.0,0.0,1.0,False,0.0,0.042119125
2,4,24,1.5,9,-85.85,1,1.193,-0.71721,-0.1295042725631708,-0.323874,119.69994841120452,False,0.0,0.0014097142857142856
2,4,24,2.0,3,0.0,0,0.0,0.0,0.0,0.0,1.0,False,0.0,0.0
2,4,24,2.0,6,0.0,0,0.0,0.0,0.0,0.0,1.0,False,0.0,0.0
2,4,24,2.0,9,0.0,0,0.0,0.0,0.0,0.0,1.0,False,0.0,0.0
2,4,24,2.5,3,0.0,0,0.0,0.0,0.0,0.0,1.0,False,0.0,0.0
2,4,24,2.5,6,0.0,0,0.0,0.0,0.0,0.0,1.0,False,0.0,0.0
2,4,24,2.5,9,0.0,0,0.0,0.0,0.0,0.0,1.0,False,0.0,0.0
3,2,6,1.2,3,471.11,4,4.5121,0.980356,0.1119986805489218,0.203426,480.5499226811485,False,0.0,0.25098914285714286
3,2,6,1.2,6,471.11,4,4.5121,0.980356,0.1119986805489218,0.203426,480.5499226811485,False,0.0,0.292453875
3,2,6,1.2,9,385.26,5,4.5487,0.801706,0.0906335849423991,0.202659,480.55022664168655,True,0.801706,0.26796657142857144
3,2,6,1.5,3,558.36,2,4.4754,1.161919,0.1351782486245747,0.146833,480.5498489998012,False,0.0,0.0
3,2,6,1.5,6,558.36,2,4.4754,1.161919,0.1351782486245747,0.146833,480.5498489998012,False,0.0,0.0
3,2,6,1.5,9,472.51,3,4.5115,0.983269,0.1127985200982729,0.151389,480.55008344613736,False,0.0,0.10021325
3,2,6,2.0,3,0.0,0,0.0,0.0,0.0,0.0,1.0,False,0.0,0.0
3,2,6,2.0,6,0.0,0,0.0,0.0,0.0,0.0,1.0,False,0.0,0.0
3,2,6,2.0,9,0.0,0,0.0,0.0,0.0,0.0,1.0,False,0.0,0.0
3,2,6,2.5,3,0.0,0,0.0,0.0,0.0,0.0,1.0,False,0.0,0.0
3,2,6,2.5,6,0.0,0,0.0,0.0,0.0,0.0,1.0,False,0.0,0.0
3,2,6,2.5,9,0.0,0,0.0,0.0,0.0,0.0,1.0,False,0.0,0.0
3,2,12,1.2,3,219.57,7,4.6212,0.456914,0.0482660558121987,0.166286,480.54995031887836,True,0.456914,0.326596625
3,2,12,1.2,6,219.57,7,4.6212,0.456914,0.0482660558121987,0.166286,480.54995031887836,True,0.456914,0.29117811111111114
3,2,12,1.2,9,133.72,8,4.6597,0.278264,0.0304901045226026,0.123096,480.5508438030072,True,0.278264,0.23684525
3,2,12,1.5,3,455.27,3,4.5188,0.947394,0.1087410039799824,0.152142,480.5498029330986,False,0.0,0.1110371111111111
3,2,12,1.5,6,455.27,3,4.5188,0.947394,0.1087410039799824,0.152142,480.5498029330986,False,0.0,0.09993339999999999
3,2,12,1.5,9,403.78,4,4.5408,0.840246,0.0959476288127369,0.165347,480.5497437655162,False,0.0,0.15625366666666665
3,2,12,2.0,3,0.0,0,0.0,0.0,0.0,0.0,1.0,False,0.0,0.0
3,2,12,2.0,6,0.0,0,0.0,0.0,0.0,0.0,1.0,False,0.0,0.0
3,2,12,2.0,9,0.0,0,0.0,0.0,0.0,0.0,1.0,False,0.0,0.0
3,2,12,2.5,3,0.0,0,0.0,0.0,0.0,0.0,1.0,False,0.0,0.0
3,2,12,2.5,6,0.0,0,0.0,0.0,0.0,0.0,1.0,False,0.0,0.0
3,2,12,2.5,9,0.0,0,0.0,0.0,0.0,0.0,1.0,False,0.0,0.0
3,2,18,1.2,3,315.13,12,5.4118,0.572028,0.0632128356182282,0.613412,550.8996063129777,True,0.572028,0.5543865
3,2,18,1.2,6,315.13,12,5.4118,0.572028,0.0632128356182282,0.613412,550.8996063129777,True,0.572028,0.5161404444444444
3,2,18,1.2,9,229.28,13,5.4579,0.416192,0.046555045337676,0.517512,550.8995848070122,True,0.416192,0.3941
3,2,18,1.5,3,260.66,5,4.603,0.54242,0.0602962430583745,0.124805,480.5501272076989,True,0.54242,0.3649031111111111
3,2,18,1.5,6,260.66,5,4.603,0.54242,0.0602962430583745,0.124805,480.5501272076989,True,0.54242,0.35719019999999996
3,2,18,1.5,9,243.53,6,4.6106,0.506773,0.0570987730011505,0.14449,480.5504634224791,True,0.506773,0.30741166666666664
3,2,18,2.0,3,0.0,0,0.0,0.0,0.0,0.0,1.0,False,0.0,0.06026888888888889
3,2,18,2.0,6,0.0,0,0.0,0.0,0.0,0.0,1.0,False,0.0,0.054242
3,2,18,2.0,9,0.0,0,0.0,0.0,0.0,0.0,1.0,False,0.0,0.056308111111111114
3,2,18,2.5,3,0.0,0,0.0,0.0,0.0,0.0,1.0,False,0.0,0.0
3,2,18,2.5,6,0.0,0,0.0,0.0,0.0,0.0,1.0,False,0.0,0.0
3,2,18,2.5,9,0.0,0,0.0,0.0,0.0,0.0,1.0,False,0.0,0.0
3,2,24,1.2,3,222.25,13,5.6544,0.386126,0.0452337054254014,0.515464,575.589315404816,True,0.386126,0.48787657142857144
3,2,24,1.2,6,222.25,13,5.6544,0.386126,0.0452337054254014,0.515464,575.589315404816,True,0.386126,0.455064625
3,2,24,1.2,9,136.4,14,5.7025,0.236974,0.029036299599878,0.360893,575.5905711175066,True,0.23697400000000002,0.3613834285714286
3,2,24,1.5,3,260.66,5,4.603,0.54242,0.0602962430583745,0.124805,480.5501272076989,True,0.54242,0.38727825000000005
3,2,24,1.5,6,260.66,5,4.603,0.54242,0.0602962430583745,0.124805,480.5501272076989,True,0.54242,0.37622222222222224
3,2,24,1.5,9,243.53,6,4.6106,0.506773,0.0570987730011505,0.14449,480.5504634224791,True,0.506773,0.32343587500000004
3,2,24,2.0,3,0.0,0,0.0,0.0,0.0,0.0,1.0,False,0.0,0.0678025
3,2,24,2.0,6,0.0,0,0.0,0.0,0.0,0.0,1.0,False,0.0,0.06026888888888889
3,2,24,2.0,9,0.0,0,0.0,0.0,0.0,0.0,1.0,False,0.0,0.063346625
3,2,24,2.5,3,0.0,0,0.0,0.0,0.0,0.0,1.0,False,0.0,0.0
3,2,24,2.5,6,0.0,0,0.0,0.0,0.0,0.0,1.0,False,0.0,0.0
3,2,24,2.5,9,0.0,0,0.0,0.0,0.0,0.0,1.0,False,0.0,0.0
3,3,6,1.2,3,-5.29,3,1.0323,-0.051245,-0.004408385131335,-0.061984,103.22958337398771,False,0.0,0.0
3,3,6,1.2,6,-5.29,3,1.0323,-0.051245,-0.004408385131335,-0.061984,103.22958337398771,False,0.0,0.012766444444444445
3,3,6,1.2,9,-91.14,4,1.5264,-0.595764,-0.074175933359586,-0.481304,152.98003907587568,False,0.0,-0.0033848750000000094
3,3,6,1.5,3,81.96,1,0.6193,1.315992,0.1230914909793331,1.657296,62.28001386026662,False,0.0,0.0
3,3,6,1.5,6,81.96,1,0.6193,1.315992,0.1230914909793331,1.657296,62.28001386026662,False,0.0,0.0
3,3,6,1.5,9,-3.89,2,1.1833,-0.032498,-0.0034197791235893,-0.015007,119.69967382608161,False,0.0,0.0
3,3,6,2.0,3,0.0,0,0.0,0.0,0.0,0.0,1.0,False,0.0,0.0
3,3,6,2.0,6,0.0,0,0.0,0.0,0.0,0.0,1.0,False,0.0,0.0
3,3,6,2.0,9,0.0,0,0.0,0.0,0.0,0.0,1.0,False,0.0,0.0
3,3,6,2.5,3,0.0,0,0.0,0.0,0.0,0.0,1.0,False,0.0,0.0
3,3,6,2.5,6,0.0,0,0.0,0.0,0.0,0.0,1.0,False,0.0,0.0
3,3,6,2.5,9,0.0,0,0.0,0.0,0.0,0.0,1.0,False,0.0,0.0
3,3,12,1.2,3,-96.48,4,3.0995,-0.305781,-0.041131714423606,-0.323072,315.51993093096036,False,0.0,0.1746391111111111
3,3,12,1.2,6,-96.48,4,3.0995,-0.305781,-0.041131714423606,-0.323072,315.51993093096036,False,0.0,0.055285600000000004
3,3,12,1.2,9,-182.33,5,3.1259,-0.577871,-0.0758486043783721,-0.525995,315.52024586802247,True,-0.577871,-0.07722766666666665
3,3,12,1.5,3,81.96,1,0.6193,1.315992,0.1230914909793331,1.657296,62.28001386026662,False,0.0,0.0
3,3,12,1.5,6,81.96,1,0.6193,1.315992,0.1230914909793331,1.657296,62.28001386026662,False,0.0,0.0
3,3,12,1.5,9,-3.89,2,1.1833,-0.032498,-0.0034197791235893,-0.015007,119.69967382608161,False,0.0,-0.0577871
3,3,12,2.0,3,0.0,0,0.0,0.0,0.0,0.0,1.0,False,0.0,0.0
3,3,12,2.0,6,0.0,0,0.0,0.0,0.0,0.0,1.0,False,0.0,0.0
3,3,12,2.0,9,0.0,0,0.0,0.0,0.0,0.0,1.0,False,0.0,0.0
3,3,12,2.5,3,0.0,0,0.0,0.0,0.0,0.0,1.0,False,0.0,0.0
3,3,12,2.5,6,0.0,0,0.0,0.0,0.0,0.0,1.0,False,0.0,0.0
3,3,12,2.5,9,0.0,0,0.0,0.0,0.0,0.0,1.0,False,0.0,0.0
3,3,18,1.2,3,300.6,6,3.1624,0.933772,0.0908855809509031,0.852499,321.92012611215586,True,0.933772,0.5175963333333333
3,3,18,1.2,6,300.6,6,3.1624,0.933772,0.0908855809509031,0.852499,321.92012611215586,True,0.933772,0.5019795
3,3,18,1.2,9,214.75,7,3.1893,0.667091,0.0641596946601201,0.63218,321.9200978577136,True,0.667091,0.2768043333333334
3,3,18,1.5,3,81.96,1,0.6193,1.315992,0.1230914909793331,1.657296,62.28001386026662,False,0.0,0.1476192
3,3,18,1.5,6,81.96,1,0.6193,1.315992,0.1230914909793331,1.657296,62.28001386026662,False,0.0,0.13419927272727275
3,3,18,1.5,9,-3.89,2,1.1833,-0.032498,-0.0034197791235893,-0.015007,119.69967382608161,False,0.0,0.1173864
3,3,18,2.0,3,0.0,0,0.0,0.0,0.0,0.0,1.0,False,0.0,0.0
3,3,18,2.0,6,0.0,0,0.0,0.0,0.0,0.0,1.0,False,0.0,0.0
3,3,18,2.0,9,0.0,0,0.0,0.0,0.0,0.0,1.0,False,0.0,0.0
3,3,18,2.5,3,0.0,0,0.0,0.0,0.0,0.0,1.0,False,0.0,0.0
3,3,18,2.5,6,0.0,0,0.0,0.0,0.0,0.0,1.0,False,0.0,0.0
3,3,18,2.5,9,0.0,0,0.0,0.0,0.0,0.0,1.0,False,0.0,0.0
3,3,24,1.2,3,300.6,6,3.1624,0.933772,0.0908855809509031,0.852499,321.92012611215586,True,0.933772,0.560433875
3,3,24,1.2,6,300.6,6,3.1624,0.933772,0.0908855809509031,0.852499,321.92012611215586,True,0.933772,0.567416
3,3,24,1.2,9,214.75,7,3.1893,0.667091,0.0641596946601201,0.63218,321.9200978577136,True,0.667091,0.41067
3,3,24,1.5,3,81.96,1,0.6193,1.315992,0.1230914909793331,1.657296,62.28001386026662,False,0.0,0.16402133333333335
3,3,24,1.5,6,81.96,1,0.6193,1.315992,0.1230914909793331,1.657296,62.28001386026662,False,0.0,0.1476192
3,3,24,1.5,9,-3.89,2,1.1833,-0.032498,-0.0034197791235893,-0.015007,119.69967382608161,False,0.0,0.13042933333333334
3,3,24,2.0,3,0.0,0,0.0,0.0,0.0,0.0,1.0,False,0.0,0.0
3,3,24,2.0,6,0.0,0,0.0,0.0,0.0,0.0,1.0,False,0.0,0.0
3,3,24,2.0,9,0.0,0,0.0,0.0,0.0,0.0,1.0,False,0.0,0.0
3,3,24,2.5,3,0.0,0,0.0,0.0,0.0,0.0,1.0,False,0.0,0.0
3,3,24,2.5,6,0.0,0,0.0,0.0,0.0,0.0,1.0,False,0.0,0.0
3,3,24,2.5,9,0.0,0,0.0,0.0,0.0,0.0,1.0,False,0.0,0.0
3,4,6,1.2,3,-87.25,2,1.2673,-0.688472,-0.1144738180735409,-1.670044,126.72991784705842,False,0.0,0.0
3,4,6,1.2,6,-87.25,2,1.2673,-0.688472,-0.1144738180735409,-1.670044,126.72991784705842,False,0.0,0.0
3,4,6,1.2,9,-173.1,3,2.1258,-0.814282,-0.1727123880585009,-0.862223,212.5799170312005,False,0.0,0.0
3,4,6,1.5,3,0.0,0,0.0,0.0,0.0,0.0,1.0,False,0.0,0.0
3,4,6,1.5,6,0.0,0,0.0,0.0,0.0,0.0,1.0,False,0.0,0.0
3,4,6,1.5,9,-85.85,1,1.193,-0.71721,-0.1295042725631708,-0.323874,119.69994841120452,False,0.0,0.0
3,4,6,2.0,3,0.0,0,0.0,0.0,0.0,0.0,1.0,False,0.0,0.0
3,4,6,2.0,6,0.0,0,0.0,0.0,0.0,0.0,1.0,False,0.0,0.0
3,4,6,2.0,9,0.0,0,0.0,0.0,0.0,0.0,1.0,False,0.0,0.0
3,4,6,2.5,3,0.0,0,0.0,0.0,0.0,0.0,1.0,False,0.0,0.0
3,4,6,2.5,6,0.0,0,0.0,0.0,0.0,0.0,1.0,False,0.0,0.0
3,4,6,2.5,9,0.0,0,0.0,0.0,0.0,0.0,1.0,False,0.0,0.0
3,4,12,1.2,3,-87.25,2,1.2673,-0.688472,-0.1144738180735409,-1.670044,126.72991784705842,False,0.0,0.0
3,4,12,1.2,6,-87.25,2,1.2673,-0.688472,-0.1144738180735409,-1.670044,126.72991784705842,False,0.0,0.0
3,4,12,1.2,9,-173.1,3,2.1258,-0.814282,-0.1727123880585009,-0.862223,212.5799170312005,False,0.0,-0.072233875
3,4,12,1.5,3,0.0,0,0.0,0.0,0.0,0.0,1.0,False,0.0,0.0
3,4,12,1.5,6,0.0,0,0.0,0.0,0.0,0.0,1.0,False,0.0,0.0
3,4,12,1.5,9,-85.85,1,1.193,-0.71721,-0.1295042725631708,-0.323874,119.69994841120452,False,0.0,0.0
3,4,12,2.0,3,0.0,0,0.0,0.0,0.0,0.0,1.0,False,0.0,0.0
3,4,12,2.0,6,0.0,0,0.0,0.0,0.0,0.0,1.0,False,0.0,0.0
3,4,12,2.0,9,0.0,0,0.0,0.0,0.0,0.0,1.0,False,0.0,0.0
3,4,12,2.5,3,0.0,0,0.0,0.0,0.0,0.0,1.0,False,0.0,0.0
3,4,12,2.5,6,0.0,0,0.0,0.0,0.0,0.0,1.0,False,0.0,0.0
3,4,12,2.5,9,0.0,0,0.0,0.0,0.0,0.0,1.0,False,0.0,0.0
3,4,18,1.2,3,70.23,3,1.2673,0.55417,0.0523470392691865,0.310347,126.73006478156522,False,0.0,0.1167215
3,4,18,1.2,6,70.23,3,1.2673,0.55417,0.0523470392691865,0.310347,126.73006478156522,False,0.0,0.10375244444444445
3,4,18,1.2,9,-68.12,4,2.1258,-0.320444,-0.0528001825671425,-0.266196,212.58004518730263,False,0.0,0.017647625
3,4,18,1.5,3,0.0,0,0.0,0.0,0.0,0.0,1.0,False,0.0,0.0
3,4,18,1.5,6,0.0,0,0.0,0.0,0.0,0.0,1.0,False,0.0,0.0
3,4,18,1.5,9,-85.85,1,1.193,-0.71721,-0.1295042725631708,-0.323874,119.69994841120452,False,0.0,0.0
3,4,18,2.0,3,0.0,0,0.0,0.0,0.0,0.0,1.0,False,0.0,0.0
3,4,18,2.0,6,0.0,0,0.0,0.0,0.0,0.0,1.0,False,0.0,0.0
3,4,18,2.0,9,0.0,0,0.0,0.0,0.0,0.0,1.0,False,0.0,0.0
3,4,18,2.5,3,0.0,0,0.0,0.0,0.0,0.0,1.0,False,0.0,0.0
3,4,18,2.5,6,0.0,0,0.0,0.0,0.0,0.0,1.0,False,0.0,0.0
3,4,18,2.5,9,0.0,0,0.0,0.0,0.0,0.0,1.0,False,0.0,0.0
3,4,24,1.2,3,70.23,3,1.2673,0.55417,0.0523470392691865,0.310347,126.73006478156522,False,0.0,0.13339600000000001
3,4,24,1.2,6,70.23,3,1.2673,0.55417,0.0523470392691865,0.310347,126.73006478156522,False,0.0,0.158840625
3,4,24,1.2,9,-68.12,4,2.1258,-0.320444,-0.0528001825671425,-0.266196,212.58004518730263,False,0.0,0.1586662857142857
3,4,24,1.5,3,0.0,0,0.0,0.0,0.0,0.0,1.0,False,0.0,0.0
3,4,24,1.5,6,0.0,0,0.0,0.0,0.0,0.0,1.0,False,0.0,0.0
3,4,24,1.5,9,-85.85,1,1.193,-0.71721,-0.1295042725631708,-0.323874,119.69994841120452,False,0.0,0.0
3,4,24,2.0,3,0.0,0,0.0,0.0,0.0,0.0,1.0,False,0.0,0.0
3,4,24,2.0,6,0.0,0,0.0,0.0,0.0,0.0,1.0,False,0.0,0.0
3,4,24,2.0,9,0.0,0,0.0,0.0,0.0,0.0,1.0,False,0.0,0.0
3,4,24,2.5,3,0.0,0,0.0,0.0,0.0,0.0,1.0,False,0.0,0.0
3,4,24,2.5,6,0.0,0,0.0,0.0,0.0,0.0,1.0,False,0.0,0.0
3,4,24,2.5,9,0.0,0,0.0,0.0,0.0,0.0,1.0,False,0.0,0.0
4,2,6,1.2,3,-5.29,3,1.0323,-0.051245,-0.004408385131335,-0.061984,103.22958337398771,False,0.0,0.06527342857142857
4,2,6,1.2,6,-5.29,3,1.0323,-0.051245,-0.004408385131335,-0.061984,103.22958337398771,False,0.0,0.05711425
4,2,6,1.2,9,-91.14,4,1.5264,-0.595764,-0.074175933359586,-0.481304,152.98003907587568,False,0.0,0.1542814285714286
4,2,6,1.5,3,81.96,1,0.6193,1.315992,0.1230914909793331,1.657296,62.28001386026662,False,0.0,0.0
4,2,6,1.5,6,81.96,1,0.6193,1.315992,0.1230914909793331,1.657296,62.28001386026662,False,0.0,0.0
4,2,6,1.5,9,-3.89,2,1.1833,-0.032498,-0.0034197791235893,-0.015007,119.69967382608161,False,0.0,0.0
4,2,6,2.0,3,0.0,0,0.0,0.0,0.0,0.0,1.0,False,0.0,0.0
4,2,6,2.0,6,0.0,0,0.0,0.0,0.0,0.0,1.0,False,0.0,0.0
4,2,6,2.0,9,0.0,0,0.0,0.0,0.0,0.0,1.0,False,0.0,0.0
4,2,6,2.5,3,0.0,0,0.0,0.0,0.0,0.0,1.0,False,0.0,0.0
4,2,6,2.5,6,0.0,0,0.0,0.0,0.0,0.0,1.0,False,0.0,0.0
4,2,6,2.5,9,0.0,0,0.0,0.0,0.0,0.0,1.0,False,0.0,0.0
4,2,12,1.2,3,219.57,7,4.6212,0.456914,0.0482660558121987,0.166286,480.54995031887836,True,0.456914,0.30054587499999996
4,2,12,1.2,6,219.57,7,4.6212,0.456914,0.0482660558121987,0.166286,480.54995031887836,True,0.456914,0.2980701111111111
4,2,12,1.2,9,133.72,8,4.6597,0.278264,0.0304901045226026,0.123096,480.5508438030072,True,0.278264,0.14183875
4,2,12,1.5,3,455.27,3,4.5188,0.947394,0.1087410039799824,0.152142,480.5498029330986,False,0.0,0.1110371111111111
4,2,12,1.5,6,455.27,3,4.5188,0.947394,0.1087410039799824,0.152142,480.5498029330986,False,0.0,0.09993339999999999
4,2,12,1.5,9,403.78,4,4.5408,0.840246,0.0959476288127369,0.165347,480.5497437655162,False,0.0,0.08722633333333334
4,2,12,2.0,3,0.0,0,0.0,0.0,0.0,0.0,1.0,False,0.0,0.0
4,2,12,2.0,6,0.0,0,0.0,0.0,0.0,0.0,1.0,False,0.0,0.0
4,2,12,2.0,9,0.0,0,0.0,0.0,0.0,0.0,1.0,False,0.0,0.0
4,2,12,2.5,3,0.0,0,0.0,0.0,0.0,0.0,1.0,False,0.0,0.0
4,2,12,2.5,6,0.0,0,0.0,0.0,0.0,0.0,1.0,False,0.0,0.0
4,2,12,2.5,9,0.0,0,0.0,0.0,0.0,0.0,1.0,False,0.0,0.0
4,2,18,1.2,3,317.71,12,5.4118,0.576711,0.0636691749092469,0.618393,550.8998441160304,True,0.576711,0.600171875
4,2,18,1.2,6,317.71,12,5.4118,0.576711,0.0636691749092469,0.618393,550.8998441160304,True,0.576711,0.5802499999999999
4,2,18,1.2,9,231.86,13,5.4579,0.420875,0.0470137518922935,0.5233,550.8999108999109,True,0.42087500000000005,0.46296725
4,2,18,1.5,3,260.66,5,4.603,0.54242,0.0602962430583745,0.124805,480.5501272076989,True,0.54242,0.3654234444444444
4,2,18,1.5,6,260.66,5,4.603,0.54242,0.0602962430583745,0.124805,480.5501272076989,True,0.54242,0.37955839999999996
4,2,18,1.5,9,243.53,6,4.6106,0.506773,0.0570987730011505,0.14449,480.5504634224791,True,0.506773,0.3322652222222222
4,2,18,2.0,3,0.0,0,0.0,0.0,0.0,0.0,1.0,False,0.0,0.06026888888888889
4,2,18,2.0,6,0.0,0,0.0,0.0,0.0,0.0,1.0,False,0.0,0.054242
4,2,18,2.0,9,0.0,0,0.0,0.0,0.0,0.0,1.0,False,0.0,0.056308111111111114
4,2,18,2.5,3,0.0,0,0.0,0.0,0.0,0.0,1.0,False,0.0,0.0
4,2,18,2.5,6,0.0,0,0.0,0.0,0.0,0.0,1.0,False,0.0,0.0
4,2,18,2.5,9,0.0,0,0.0,0.0,0.0,0.0,1.0,False,0.0,0.0
4,2,24,1.2,3,224.83,13,5.6544,0.390608,0.045692871758356,0.521412,575.5898496702576,True,0.390608,0.5434084285714286
4,2,24,1.2,6,224.83,13,5.6544,0.390608,0.045692871758356,0.521412,575.5898496702576,True,0.390608,0.5056645
4,2,24,1.2,9,138.98,14,5.7025,0.241457,0.029497967910973,0.367694,575.5890282741855,True,0.24145699999999998,0.4130794285714286
4,2,24,1.5,3,260.66,5,4.603,0.54242,0.0602962430583745,0.124805,480.5501272076989,True,0.54242,0.38783850000000003
4,2,24,1.5,6,260.66,5,4.603,0.54242,0.0602962430583745,0.124805,480.5501272076989,True,0.54242,0.40105344444444446
4,2,24,1.5,9,243.53,6,4.6106,0.506773,0.0570987730011505,0.14449,480.5504634224791,True,0.506773,0.351371125
4,2,24,2.0,3,0.0,0,0.0,0.0,0.0,0.0,1.0,False,0.0,0.0678025
4,2,24,2.0,6,0.0,0,0.0,0.0,0.0,0.0,1.0,False,0.0,0.06026888888888889
4,2,24,2.0,9,0.0,0,0.0,0.0,0.0,0.0,1.0,False,0.0,0.063346625
4,2,24,2.5,3,0.0,0,0.0,0.0,0.0,0.0,1.0,False,0.0,0.0
4,2,24,2.5,6,0.0,0,0.0,0.0,0.0,0.0,1.0,False,0.0,0.0
4,2,24,2.5,9,0.0,0,0.0,0.0,0.0,0.0,1.0,False,0.0,0.0
4,3,6,1.2,3,-5.29,3,1.0323,-0.051245,-0.004408385131335,-0.061984,103.22958337398771,False,0.0,0.0
4,3,6,1.2,6,-5.29,3,1.0323,-0.051245,-0.004408385131335,-0.061984,103.22958337398771,False,0.0,0.0
4,3,6,1.2,9,-91.14,4,1.5264,-0.595764,-0.074175933359586,-0.481304,152.98003907587568,False,0.0,-0.072233875
4,3,6,1.5,3,81.96,1,0.6193,1.315992,0.1230914909793331,1.657296,62.28001386026662,False,0.0,0.0
4,3,6,1.5,6,81.96,1,0.6193,1.315992,0.1230914909793331,1.657296,62.28001386026662,False,0.0,0.0
4,3,6,1.5,9,-3.89,2,1.1833,-0.032498,-0.0034197791235893,-0.015007,119.69967382608161,False,0.0,0.0
4,3,6,2.0,3,0.0,0,0.0,0.0,0.0,0.0,1.0,False,0.0,0.0
4,3,6,2.0,6,0.0,0,0.0,0.0,0.0,0.0,1.0,False,0.0,0.0
4,3,6,2.0,9,0.0,0,0.0,0.0,0.0,0.0,1.0,False,0.0,0.0
4,3,6,2.5,3,0.0,0,0.0,0.0,0.0,0.0,1.0,False,0.0,0.0
4,3,6,2.5,6,0.0,0,0.0,0.0,0.0,0.0,1.0,False,0.0,0.0
4,3,6,2.5,9,0.0,0,0.0,0.0,0.0,0.0,1.0,False,0.0,0.0
4,3,12,1.2,3,-96.48,4,3.0995,-0.305781,-0.041131714423606,-0.323072,315.51993093096036,False,0.0,0.15585644444444446
4,3,12,1.2,6,-96.48,4,3.0995,-0.305781,-0.041131714423606,-0.323072,315.51993093096036,False,0.0,0.08248370000000001
4,3,12,1.2,9,-182.33,5,3.1259,-0.577871,-0.0758486043783721,-0.525995,315.52024586802247,True,-0.577871,-0.08624844444444445
4,3,12,1.5,3,81.96,1,0.6193,1.315992,0.1230914909793331,1.657296,62.28001386026662,False,0.0,0.0
4,3,12,1.5,6,81.96,1,0.6193,1.315992,0.1230914909793331,1.657296,62.28001386026662,False,0.0,0.0
4,3,12,1.5,9,-3.89,2,1.1833,-0.032498,-0.0034197791235893,-0.015007,119.69967382608161,False,0.0,-0.0577871
4,3,12,2.0,3,0.0,0,0.0,0.0,0.0,0.0,1.0,False,0.0,0.0
4,3,12,2.0,6,0.0,0,0.0,0.0,0.0,0.0,1.0,False,0.0,0.0
4,3,12,2.0,9,0.0,0,0.0,0.0,0.0,0.0,1.0,False,0.0,0.0
4,3,12,2.5,3,0.0,0,0.0,0.0,0.0,0.0,1.0,False,0.0,0.0
4,3,12,2.5,6,0.0,0,0.0,0.0,0.0,0.0,1.0,False,0.0,0.0
4,3,12,2.5,9,0.0,0,0.0,0.0,0.0,0.0,1.0,False,0.0,0.0
4,3,18,1.2,3,304.47,6,3.1624,0.945794,0.0917580032438328,0.862351,321.9199952632392,True,0.945794,0.5881843333333334
4,3,18,1.2,6,304.47,6,3.1624,0.945794,0.0917580032438328,0.862351,321.9199952632392,True,0.945794,0.5972772000000001
4,3,18,1.2,9,218.62,7,3.1893,0.679113,0.065091171167013,0.642811,321.91991612588777,True,0.679113,0.38813644444444445
4,3,18,1.5,3,81.96,1,0.6193,1.315992,0.1230914909793331,1.657296,62.28001386026662,False,0.0,0.14882140000000002
4,3,18,1.5,6,81.96,1,0.6193,1.315992,0.1230914909793331,1.657296,62.28001386026662,False,0.0,0.13529218181818184
4,3,18,1.5,9,-3.89,2,1.1833,-0.032498,-0.0034197791235893,-0.015007,119.69967382608161,False,0.0,0.1185886
4,3,18,2.0,3,0.0,0,0.0,0.0,0.0,0.0,1.0,False,0.0,0.0
4,3,18,2.0,6,0.0,0,0.0,0.0,0.0,0.0,1.0,False,0.0,0.0
4,3,18,2.0,9,0.0,0,0.0,0.0,0.0,0.0,1.0,False,0.0,0.0
4,3,18,2.5,3,0.0,0,0.0,0.0,0.0,0.0,1.0,False,0.0,0.0
4,3,18,2.5,6,0.0,0,0.0,0.0,0.0,0.0,1.0,False,0.0,0.0
4,3,18,2.5,9,0.0,0,0.0,0.0,0.0,0.0,1.0,False,0.0,0.0
4,3,24,1.2,3,304.47,6,3.1624,0.945794,0.0917580032438328,0.862351,321.9199952632392,True,0.945794,0.6934137499999999
4,3,24,1.2,6,304.47,6,3.1624,0.945794,0.0917580032438328,0.862351,321.9199952632392,True,0.945794,0.6918247777777777
4,3,24,1.2,9,218.62,7,3.1893,0.679113,0.065091171167013,0.642811,321.91991612588777,True,0.679113,0.591894125
4,3,24,1.5,3,81.96,1,0.6193,1.315992,0.1230914909793331,1.657296,62.28001386026662,False,0.0,0.16535711111111112
4,3,24,1.5,6,81.96,1,0.6193,1.315992,0.1230914909793331,1.657296,62.28001386026662,False,0.0,0.14882140000000002
4,3,24,1.5,9,-3.89,2,1.1833,-0.032498,-0.0034197791235893,-0.015007,119.69967382608161,False,0.0,0.1317651111111111
4,3,24,2.0,3,0.0,0,0.0,0.0,0.0,0.0,1.0,False,0.0,0.0
4,3,24,2.0,6,0.0,0,0.0,0.0,0.0,0.0,1.0,False,0.0,0.0
4,3,24,2.0,9,0.0,0,0.0,0.0,0.0,0.0,1.0,False,0.0,0.0
4,3,24,2.5,3,0.0,0,0.0,0.0,0.0,0.0,1.0,False,0.0,0.0
4,3,24,2.5,6,0.0,0,0.0,0.0,0.0,0.0,1.0,False,0.0,0.0
4,3,24,2.5,9,0.0,0,0.0,0.0,0.0,0.0,1.0,False,0.0,0.0
4,4,6,1.2,3,-87.25,2,1.2673,-0.688472,-0.1144738180735409,-1.670044,126.72991784705842,False,0.0,0.0
4,4,6,1.2,6,-87.25,2,1.2673,-0.688472,-0.1144738180735409,-1.670044,126.72991784705842,False,0.0,0.0
4,4,6,1.2,9,-173.1,3,2.1258,-0.814282,-0.1727123880585009,-0.862223,212.5799170312005,False,0.0,0.0
4,4,6,1.5,3,0.0,0,0.0,0.0,0.0,0.0,1.0,False,0.0,0.0
4,4,6,1.5,6,0.0,0,0.0,0.0,0.0,0.0,1.0,False,0.0,0.0
4,4,6,1.5,9,-85.85,1,1.193,-0.71721,-0.1295042725631708,-0.323874,119.69994841120452,False,0.0,0.0
4,4,6,2.0,3,0.0,0,0.0,0.0,0.0,0.0,1.0,False,0.0,0.0
4,4,6,2.0,6,0.0,0,0.0,0.0,0.0,0.0,1.0,False,0.0,0.0
4,4,6,2.0,9,0.0,0,0.0,0.0,0.0,0.0,1.0,False,0.0,0.0
4,4,6,2.5,3,0.0,0,0.0,0.0,0.0,0.0,1.0,False,0.0,0.0
4,4,6,2.5,6,0.0,0,0.0,0.0,0.0,0.0,1.0,False,0.0,0.0
4,4,6,2.5,9,0.0,0,0.0,0.0,0.0,0.0,1.0,False,0.0,0.0
4,4,12,1.2,3,-87.25,2,1.2673,-0.688472,-0.1144738180735409,-1.670044,126.72991784705842,False,0.0,0.0
4,4,12,1.2,6,-87.25,2,1.2673,-0.688472,-0.1144738180735409,-1.670044,126.72991784705842,False,0.0,0.0
4,4,12,1.2,9,-173.1,3,2.1258,-0.814282,-0.1727123880585009,-0.862223,212.5799170312005,False,0.0,-0.072233875
4,4,12,1.5,3,0.0,0,0.0,0.0,0.0,0.0,1.0,False,0.0,0.0
4,4,12,1.5,6,0.0,0,0.0,0.0,0.0,0.0,1.0,False,0.0,0.0
4,4,12,1.5,9,-85.85,1,1.193,-0.71721,-0.1295042725631708,-0.323874,119.69994841120452,False,0.0,0.0
4,4,12,2.0,3,0.0,0,0.0,0.0,0.0,0.0,1.0,False,0.0,0.0
4,4,12,2.0,6,0.0,0,0.0,0.0,0.0,0.0,1.0,False,0.0,0.0
4,4,12,2.0,9,0.0,0,0.0,0.0,0.0,0.0,1.0,False,0.0,0.0
4,4,12,2.5,3,0.0,0,0.0,0.0,0.0,0.0,1.0,False,0.0,0.0
4,4,12,2.5,6,0.0,0,0.0,0.0,0.0,0.0,1.0,False,0.0,0.0
4,4,12,2.5,9,0.0,0,0.0,0.0,0.0,0.0,1.0,False,0.0,0.0
4,4,18,1.2,3,70.23,3,1.2673,0.55417,0.0523470392691865,0.310347,126.73006478156522,False,0.0,0.11822425
4,4,18,1.2,6,70.23,3,1.2673,0.55417,0.0523470392691865,0.310347,126.73006478156522,False,0.0,0.10508822222222222
4,4,18,1.2,9,-68.12,4,2.1258,-0.320444,-0.0528001825671425,-0.266196,212.58004518730263,False,0.0,0.13910224999999998
4,4,18,1.5,3,0.0,0,0.0,0.0,0.0,0.0,1.0,False,0.0,0.0
4,4,18,1.5,6,0.0,0,0.0,0.0,0.0,0.0,1.0,False,0.0,0.0
4,4,18,1.5,9,-85.85,1,1.193,-0.71721,-0.1295042725631708,-0.323874,119.69994841120452,False,0.0,0.0
4,4,18,2.0,3,0.0,0,0.0,0.0,0.0,0.0,1.0,False,0.0,0.0
4,4,18,2.0,6,0.0,0,0.0,0.0,0.0,0.0,1.0,False,0.0,0.0
4,4,18,2.0,9,0.0,0,0.0,0.0,0.0,0.0,1.0,False,0.0,0.0
4,4,18,2.5,3,0.0,0,0.0,0.0,0.0,0.0,1.0,False,0.0,0.0
4,4,18,2.5,6,0.0,0,0.0,0.0,0.0,0.0,1.0,False,0.0,0.0
4,4,18,2.5,9,0.0,0,0.0,0.0,0.0,0.0,1.0,False,0.0,0.0
4,4,24,1.2,3,166.71,4,1.0059,1.657322,0.1068735960971159,0.741,100.5899879444067,False,0.0,0.13511342857142858
4,4,24,1.2,6,166.71,4,1.0059,1.657322,0.1068735960971159,0.741,100.5899879444067,False,0.0,0.172437375
4,4,24,1.2,9,80.86,5,1.8644,0.433705,0.0481163783542444,0.298679,186.4400917674456,True,0.433705,0.22093185714285715
4,4,24,1.5,3,96.48,1,0.6093,1.570312,0.1230914909793328,0.983296,61.44001956299131,False,0.0,0.0
4,4,24,1.5,6,96.48,1,0.6093,1.570312,0.1230914909793328,0.983296,61.44001956299131,False,0.0,0.0
4,4,24,1.5,9,10.63,2,1.2641,0.083806,0.0109895994745635,0.036986,126.84056034174164,False,0.0,0.054213125
4,4,24,2.0,3,0.0,0,0.0,0.0,0.0,0.0,1.0,False,0.0,0.0
4,4,24,2.0,6,0.0,0,0.0,0.0,0.0,0.0,1.0,False,0.0,0.0
4,4,24,2.0,9,0.0,0,0.0,0.0,0.0,0.0,1.0,False,0.0,0.0
4,4,24,2.5,3,0.0,0,0.0,0.0,0.0,0.0,1.0,False,0.0,0.0
4,4,24,2.5,6,0.0,0,0.0,0.0,0.0,0.0,1.0,False,0.0,0.0
4,4,24,2.5,9,0.0,0,0.0,0.0,0.0,0.0,1.0,False,0.0,0.0
5,2,6,1.2,3,-5.29,3,1.0323,-0.051245,-0.004408385131335,-0.061984,103.22958337398771,False,0.0,0.07615233333333334
5,2,6,1.2,6,-5.29,3,1.0323,-0.051245,-0.004408385131335,-0.061984,103.22958337398771,False,0.0,0.06527342857142857
5,2,6,1.2,9,-91.14,4,1.5264,-0.595764,-0.074175933359586,-0.481304,152.98003907587568,False,0.0,0.04637733333333333
5,2,6,1.5,3,81.96,1,0.6193,1.315992,0.1230914909793331,1.657296,62.28001386026662,False,0.0,0.0
5,2,6,1.5,6,81.96,1,0.6193,1.315992,0.1230914909793331,1.657296,62.28001386026662,False,0.0,0.0
5,2,6,1.5,9,-3.89,2,1.1833,-0.032498,-0.0034197791235893,-0.015007,119.69967382608161,False,0.0,0.0
5,2,6,2.0,3,0.0,0,0.0,0.0,0.0,0.0,1.0,False,0.0,0.0
5,2,6,2.0,6,0.0,0,0.0,0.0,0.0,0.0,1.0,False,0.0,0.0
5,2,6,2.0,9,0.0,0,0.0,0.0,0.0,0.0,1.0,False,0.0,0.0
5,2,6,2.5,3,0.0,0,0.0,0.0,0.0,0.0,1.0,False,0.0,0.0
5,2,6,2.5,6,0.0,0,0.0,0.0,0.0,0.0,1.0,False,0.0,0.0
5,2,6,2.5,9,0.0,0,0.0,0.0,0.0,0.0,1.0,False,0.0,0.0
5,2,12,1.2,3,219.57,7,4.6212,0.456914,0.0482660558121987,0.166286,480.54995031887836,True,0.456914,0.30156157142857143
5,2,12,1.2,6,219.57,7,4.6212,0.456914,0.0482660558121987,0.166286,480.54995031887836,True,0.456914,0.298649375
5,2,12,1.2,9,133.72,8,4.6597,0.278264,0.0304901045226026,0.123096,480.5508438030072,True,0.278264,0.14570342857142857
5,2,12,1.5,3,455.27,3,4.5188,0.947394,0.1087410039799824,0.152142,480.5498029330986,False,0.0,0.12491675
5,2,12,1.5,6,455.27,3,4.5188,0.947394,0.1087410039799824,0.152142,480.5498029330986,False,0.0,0.1110371111111111
5,2,12,1.5,9,403.78,4,4.5408,0.840246,0.0959476288127369,0.165347,480.5497437655162,False,0.0,0.098129625
5,2,12,2.0,3,0.0,0,0.0,0.0,0.0,0.0,1.0,False,0.0,0.0
5,2,12,2.0,6,0.0,0,0.0,0.0,0.0,0.0,1.0,False,0.0,0.0
5,2,12,2.0,9,0.0,0,0.0,0.0,0.0,0.0,1.0,False,0.0,0.0
5,2,12,2.5,3,0.0,0,0.0,0.0,0.0,0.0,1.0,False,0.0,0.0
5,2,12,2.5,6,0.0,0,0.0,0.0,0.0,0.0,1.0,False,0.0,0.0
5,2,12,2.5,9,0.0,0,0.0,0.0,0.0,0.0,1.0,False,0.0,0.0
5,2,18,1.2,3,407.77,11,5.4118,0.740189,0.0771698723270518,0.649712,550.8998377441437,True,0.740189,0.6534012857142856
5,2,18,1.2,6,407.77,11,5.4118,0.740189,0.0771698723270518,0.649712,550.8998377441437,True,0.740189,0.64477025
5,2,18,1.2,9,321.92,12,5.4579,0.584353,0.0611198411174082,0.603569,550.8998841453711,True,0.584353,0.5179032857142857
5,2,18,1.5,3,260.66,5,4.603,0.54242,0.0602962430583745,0.124805,480.5501272076989,True,0.54242,0.36373362499999995
5,2,18,1.5,6,260.66,5,4.603,0.54242,0.0602962430583745,0.124805,480.5501272076989,True,0.54242,0.37962688888888885
5,2,18,1.5,9,243.53,6,4.6106,0.506773,0.0570987730011505,0.14449,480.5504634224791,True,0.506773,0.3308865
5,2,18,2.0,3,0.0,0,0.0,0.0,0.0,0.0,1.0,False,0.0,0.0678025
5,2,18,2.0,6,0.0,0,0.0,0.0,0.0,0.0,1.0,False,0.0,0.06026888888888889
5,2,18,2.0,9,0.0,0,0.0,0.0,0.0,0.0,1.0,False,0.0,0.063346625
5,2,18,2.5,3,0.0,0,0.0,0.0,0.0,0.0,1.0,False,0.0,0.0
5,2,18,2.5,6,0.0,0,0.0,0.0,0.0,0.0,1.0,False,0.0,0.0
5,2,18,2.5,9,0.0,0,0.0,0.0,0.0,0.0,1.0,False,0.0,0.0
5,2,24,1.2,3,314.89,12,5.4118,0.571592,0.0599099296066573,0.606857,550.8999426164117,True,0.5715919999999999,0.7003248333333333
5,2,24,1.2,6,314.89,12,5.4118,0.571592,0.0599099296066573,0.606857,550.8999426164117,True,0.5715919999999999,0.6596721428571428
5,2,24,1.2,9,229.04,13,5.4579,0.415756,0.0442762812768479,0.511914,550.9000471430357,True,0.415756,0.5681351666666666
5,2,24,1.5,3,260.66,5,4.603,0.54242,0.0602962430583745,0.124805,480.5501272076989,True,0.54242,0.3916102857142857
5,2,24,1.5,6,260.66,5,4.603,0.54242,0.0602962430583745,0.124805,480.5501272076989,True,0.54242,0.40600562500000004
5,2,24,1.5,9,243.53,6,4.6106,0.506773,0.0570987730011505,0.14449,480.5504634224791,True,0.506773,0.3540707142857143
5,2,24,2.0,3,0.0,0,0.0,0.0,0.0,0.0,1.0,False,0.0,0.07748857142857143
5,2,24,2.0,6,0.0,0,0.0,0.0,0.0,0.0,1.0,False,0.0,0.0678025
5,2,24,2.0,9,0.0,0,0.0,0.0,0.0,0.0,1.0,False,0.0,0.07239614285714287
5,2,24,2.5,3,0.0,0,0.0,0.0,0.0,0.0,1.0,False,0.0,0.0
5,2,24,2.5,6,0.0,0,0.0,0.0,0.0,0.0,1.0,False,0.0,0.0
5,2,24,2.5,9,0.0,0,0.0,0.0,0.0,0.0,1.0,False,0.0,0.0
5,3,6,1.2,3,-5.29,3,1.0323,-0.051245,-0.004408385131335,-0.061984,103.22958337398771,False,0.0,0.0
5,3,6,1.2,6,-5.29,3,1.0323,-0.051245,-0.004408385131335,-0.061984,103.22958337398771,False,0.0,0.0
5,3,6,1.2,9,-91.14,4,1.5264,-0.595764,-0.074175933359586,-0.481304,152.98003907587568,False,0.0,-0.082553
5,3,6,1.5,3,81.96,1,0.6193,1.315992,0.1230914909793331,1.657296,62.28001386026662,False,0.0,0.0
5,3,6,1.5,6,81.96,1,0.6193,1.315992,0.1230914909793331,1.657296,62.28001386026662,False,0.0,0.0
5,3,6,1.5,9,-3.89,2,1.1833,-0.032498,-0.0034197791235893,-0.015007,119.69967382608161,False,0.0,0.0
5,3,6,2.0,3,0.0,0,0.0,0.0,0.0,0.0,1.0,False,0.0,0.0
5,3,6,2.0,6,0.0,0,0.0,0.0,0.0,0.0,1.0,False,0.0,0.0
5,3,6,2.0,9,0.0,0,0.0,0.0,0.0,0.0,1.0,False,0.0,0.0
5,3,6,2.5,3,0.0,0,0.0,0.0,0.0,0.0,1.0,False,0.0,0.0
5,3,6,2.5,6,0.0,0,0.0,0.0,0.0,0.0,1.0,False,0.0,0.0
5,3,6,2.5,9,0.0,0,0.0,0.0,0.0,0.0,1.0,False,0.0,0.0
5,3,12,1.2,3,-96.48,4,3.0995,-0.305781,-0.041131714423606,-0.323072,315.51993093096036,False,0.0,0.1753385
5,3,12,1.2,6,-96.48,4,3.0995,-0.305781,-0.041131714423606,-0.323072,315.51993093096036,False,0.0,0.09164855555555557
5,3,12,1.2,9,-182.33,5,3.1259,-0.577871,-0.0758486043783721,-0.525995,315.52024586802247,True,-0.577871,-0.024795625
5,3,12,1.5,3,81.96,1,0.6193,1.315992,0.1230914909793331,1.657296,62.28001386026662,False,0.0,0.0
5,3,12,1.5,6,81.96,1,0.6193,1.315992,0.1230914909793331,1.657296,62.28001386026662,False,0.0,0.0
5,3,12,1.5,9,-3.89,2,1.1833,-0.032498,-0.0034197791235893,-0.015007,119.69967382608161,False,0.0,-0.0642078888888889
5,3,12,2.0,3,0.0,0,0.0,0.0,0.0,0.0,1.0,False,0.0,0.0
5,3,12,2.0,6,0.0,0,0.0,0.0,0.0,0.0,1.0,False,0.0,0.0
5,3,12,2.0,9,0.0,0,0.0,0.0,0.0,0.0,1.0,False,0.0,0.0
5,3,12,2.5,3,0.0,0,0.0,0.0,0.0,0.0,1.0,False,0.0,0.0
5,3,12,2.5,6,0.0,0,0.0,0.0,0.0,0.0,1.0,False,0.0,0.0
5,3,12,2.5,9,0.0,0,0.0,0.0,0.0,0.0,1.0,False,0.0,0.0
5,3,18,1.2,3,304.47,6,3.1624,0.945794,0.0917580032438328,0.862351,321.9199952632392,True,0.945794,0.6203898750000001
5,3,18,1.2,6,304.47,6,3.1624,0.945794,0.0917580032438328,0.862351,321.9199952632392,True,0.945794,0.6269146666666667
5,3,18,1.2,9,218.62,7,3.1893,0.679113,0.065091171167013,0.642811,321.91991612588777,True,0.679113,0.42492275
5,3,18,1.5,3,81.96,1,0.6193,1.315992,0.1230914909793331,1.657296,62.28001386026662,False,0.0,0.16535711111111112
5,3,18,1.5,6,81.96,1,0.6193,1.315992,0.1230914909793331,1.657296,62.28001386026662,False,0.0,0.14882140000000002
5,3,18,1.5,9,-3.89,2,1.1833,-0.032498,-0.0034197791235893,-0.015007,119.69967382608161,False,0.0,0.1317651111111111
5,3,18,2.0,3,0.0,0,0.0,0.0,0.0,0.0,1.0,False,0.0,0.0
5,3,18,2.0,6,0.0,0,0.0,0.0,0.0,0.0,1.0,False,0.0,0.0
5,3,18,2.0,9,0.0,0,0.0,0.0,0.0,0.0,1.0,False,0.0,0.0
5,3,18,2.5,3,0.0,0,0.0,0.0,0.0,0.0,1.0,False,0.0,0.0
5,3,18,2.5,6,0.0,0,0.0,0.0,0.0,0.0,1.0,False,0.0,0.0
5,3,18,2.5,9,0.0,0,0.0,0.0,0.0,0.0,1.0,False,0.0,0.0
5,3,24,1.2,3,400.95,7,2.8428,1.385548,0.1172917961680272,1.351131,289.3800864351145,True,1.385548,0.7477537142857144
5,3,24,1.2,6,400.95,7,2.8428,1.385548,0.1172917961680272,1.351131,289.3800864351145,True,1.385548,0.7903945
5,3,24,1.2,9,315.1,8,2.8669,1.08888,0.0905957287845284,1.111675,289.37991330541473,True,1.08888,0.6688735714285715
5,3,24,1.5,3,178.44,2,0.6193,2.865125,0.1748941170768149,1.508481,62.28000523537368,False,0.0,0.240996
5,3,24,1.5,6,178.44,2,0.6193,2.865125,0.1748941170768149,1.508481,62.28000523537368,False,0.0,0.21421866666666667
5,3,24,1.5,9,92.59,3,1.2539,0.729975,0.0760278803035343,0.354424,126.83996027261207,False,0.0,0.199456625
5,3,24,2.0,3,0.0,0,0.0,0.0,0.0,0.0,1.0,False,0.0,0.0
5,3,24,2.0,6,0.0,0,0.0,0.0,0.0,0.0,1.0,False,0.0,0.0
5,3,24,2.0,9,0.0,0,0.0,0.0,0.0,0.0,1.0,False,0.0,0.0
5,3,24,2.5,3,0.0,0,0.0,0.0,0.0,0.0,1.0,False,0.0,0.0
5,3,24,2.5,6,0.0,0,0.0,0.0,0.0,0.0,1.0,False,0.0,0.0
5,3,24,2.5,9,0.0,0,0.0,0.0,0.0,0.0,1.0,False,0.0,0.0
5,4,6,1.2,3,-87.25,2,1.2673,-0.688472,-0.1144738180735409,-1.670044,126.72991784705842,False,0.0,0.0
5,4,6,1.2,6,-87.25,2,1.2673,-0.688472,-0.1144738180735409,-1.670044,126.72991784705842,False,0.0,0.0
5,4,6,1.2,9,-173.1,3,2.1258,-0.814282,-0.1727123880585009,-0.862223,212.5799170312005,False,0.0,0.0
5,4,6,1.5,3,0.0,0,0.0,0.0,0.0,0.0,1.0,False,0.0,0.0
5,4,6,1.5,6,0.0,0,0.0,0.0,0.0,0.0,1.0,False,0.0,0.0
5,4,6,1.5,9,-85.85,1,1.193,-0.71721,-0.1295042725631708,-0.323874,119.69994841120452,False,0.0,0.0
5,4,6,2.0,3,0.0,0,0.0,0.0,0.0,0.0,1.0,False,0.0,0.0
5,4,6,2.0,6,0.0,0,0.0,0.0,0.0,0.0,1.0,False,0.0,0.0
5,4,6,2.0,9,0.0,0,0.0,0.0,0.0,0.0,1.0,False,0.0,0.0
5,4,6,2.5,3,0.0,0,0.0,0.0,0.0,0.0,1.0,False,0.0,0.0
5,4,6,2.5,6,0.0,0,0.0,0.0,0.0,0.0,1.0,False,0.0,0.0
5,4,6,2.5,9,0.0,0,0.0,0.0,0.0,0.0,1.0,False,0.0,0.0
5,4,12,1.2,3,-87.25,2,1.2673,-0.688472,-0.1144738180735409,-1.670044,126.72991784705842,False,0.0,0.0
5,4,12,1.2,6,-87.25,2,1.2673,-0.688472,-0.1144738180735409,-1.670044,126.72991784705842,False,0.0,0.0
5,4,12,1.2,9,-173.1,3,2.1258,-0.814282,-0.1727123880585009,-0.862223,212.5799170312005,False,0.0,-0.082553
5,4,12,1.5,3,0.0,0,0.0,0.0,0.0,0.0,1.0,False,0.0,0.0
5,4,12,1.5,6,0.0,0,0.0,0.0,0.0,0.0,1.0,False,0.0,0.0
5,4,12,1.5,9,-85.85,1,1.193,-0.71721,-0.1295042725631708,-0.323874,119.69994841120452,False,0.0,0.0
5,4,12,2.0,3,0.0,0,0.0,0.0,0.0,0.0,1.0,False,0.0,0.0
5,4,12,2.0,6,0.0,0,0.0,0.0,0.0,0.0,1.0,False,0.0,0.0
5,4,12,2.0,9,0.0,0,0.0,0.0,0.0,0.0,1.0,False,0.0,0.0
5,4,12,2.5,3,0.0,0,0.0,0.0,0.0,0.0,1.0,False,0.0,0.0
5,4,12,2.5,6,0.0,0,0.0,0.0,0.0,0.0,1.0,False,0.0,0.0
5,4,12,2.5,9,0.0,0,0.0,0.0,0.0,0.0,1.0,False,0.0,0.0
5,4,18,1.2,3,70.23,3,1.2673,0.55417,0.0523470392691865,0.310347,126.73006478156522,False,0.0,0.13511342857142858
5,4,18,1.2,6,70.23,3,1.2673,0.55417,0.0523470392691865,0.310347,126.73006478156522,False,0.0,0.11822425
5,4,18,1.2,9,-68.12,4,2.1258,-0.320444,-0.0528001825671425,-0.266196,212.58004518730263,False,0.0,0.15897399999999998
5,4,18,1.5,3,0.0,0,0.0,0.0,0.0,0.0,1.0,False,0.0,0.0
5,4,18,1.5,6,0.0,0,0.0,0.0,0.0,0.0,1.0,False,0.0,0.0
5,4,18,1.5,9,-85.85,1,1.193,-0.71721,-0.1295042725631708,-0.323874,119.69994841120452,False,0.0,0.0
5,4,18,2.0,3,0.0,0,0.0,0.0,0.0,0.0,1.0,False,0.0,0.0
5,4,18,2.0,6,0.0,0,0.0,0.0,0.0,0.0,1.0,False,0.0,0.0
5,4,18,2.0,9,0.0,0,0.0,0.0,0.0,0.0,1.0,False,0.0,0.0
5,4,18,2.5,3,0.0,0,0.0,0.0,0.0,0.0,1.0,False,0.0,0.0
5,4,18,2.5,6,0.0,0,0.0,0.0,0.0,0.0,1.0,False,0.0,0.0
5,4,18,2.5,9,0.0,0,0.0,0.0,0.0,0.0,1.0,False,0.0,0.0
5,4,24,1.2,3,166.71,4,1.0059,1.657322,0.1068735960971159,0.741,100.5899879444067,False,0.0,0.23092466666666667
5,4,24,1.2,6,166.71,4,1.0059,1.657322,0.1068735960971159,0.741,100.5899879444067,False,0.0,0.2598932857142857
5,4,24,1.2,9,80.86,5,1.8644,0.433705,0.0481163783542444,0.298679,186.4400917674456,True,0.433705,0.32604833333333333
5,4,24,1.5,3,96.48,1,0.6093,1.570312,0.1230914909793328,0.983296,61.44001956299131,False,0.0,0.0
5,4,24,1.5,6,96.48,1,0.6093,1.570312,0.1230914909793328,0.983296,61.44001956299131,False,0.0,0.0
5,4,24,1.5,9,10.63,2,1.2641,0.083806,0.0109895994745635,0.036986,126.84056034174164,False,0.0,0.06195785714285714
5,4,24,2.0,3,0.0,0,0.0,0.0,0.0,0.0,1.0,False,0.0,0.0
5,4,24,2.0,6,0.0,0,0.0,0.0,0.0,0.0,1.0,False,0.0,0.0
5,4,24,2.0,9,0.0,0,0.0,0.0,0.0,0.0,1.0,False,0.0,0.0
5,4,24,2.5,3,0.0,0,0.0,0.0,0.0,0.0,1.0,False,0.0,0.0
5,4,24,2.5,6,0.0,0,0.0,0.0,0.0,0.0,1.0,False,0.0,0.0
5,4,24,2.5,9,0.0,0,0.0,0.0,0.0,0.0,1.0,False,0.0,0.0
