time,ticket,position_id,type,entry,volume,price,profit,commission,swap,magic,comment
2026.03.01 00:00:00,1,0,2,0,0.00,0.00,10000.00,0.00,0.00,0,
2026.03.03 13:02:39,2,5,1,0,0.02,5261.68,0.00,0.00,0.00,770101,OBR#S#1772535600
2026.03.03 13:09:25,3,5,0,1,0.02,5167.11,189.14,0.00,0.00,770101,tp 5174.96
2026.03.04 01:01:15,4,8,1,0,0.04,5113.30,0.00,0.00,0.00,770101,OBR#S#1772570700
2026.03.04 02:01:39,5,9,0,0,0.01,5116.42,0.00,0.00,0.00,770101,OBR#L#1772566200
2026.03.04 02:47:44,6,8,0,1,0.04,5138.67,-101.48,0.00,0.00,770101,sl 5138.27
2026.03.04 06:15:45,7,11,0,0,0.04,5171.76,0.00,0.00,0.00,770101,OBR#L#1772594100
2026.03.04 08:01:26,8,11,1,1,0.04,5146.55,-100.84,0.00,0.00,770101,sl 5146.68
2026.03.04 08:34:47,9,14,1,0,0.03,5150.34,0.00,0.00,0.00,770101,OBR#S#1772603100
2026.03.04 09:06:33,10,12,1,0,0.10,5170.84,0.00,0.00,0.00,770101,OBR#S#1772598600
2026.03.04 10:09:09,11,12,0,1,0.10,5151.90,189.40,0.00,0.00,770101,tp 5152.05
2026.03.04 10:47:06,12,14,0,1,0.03,5177.72,-82.14,0.00,0.00,770101,sl 5177.69
2026.03.04 12:30:31,13,17,0,0,0.01,5186.01,0.00,0.00,0.00,770101,OBR#L#1772612100
2026.03.04 15:00:59,14,18,1,0,0.02,5178.45,0.00,0.00,0.00,770101,OBR#S#1772549100
2026.03.04 19:23:39,15,17,1,1,0.01,5125.73,-60.28,0.00,0.00,770101,sl 5128.60
2026.03.04 19:45:03,16,20,1,0,0.02,5139.24,0.00,0.00,0.00,770101,OBR#S#1772641800
2026.03.05 03:10:36,17,20,0,1,0.02,5185.76,-93.04,0.00,2.06,770101,sl 5185.17
2026.03.05 10:09:34,18,22,0,0,0.05,5148.81,0.00,0.00,0.00,770101,OBR#L#1772667000
2026.03.05 15:17:36,19,22,1,1,0.05,5129.28,-97.65,0.00,0.00,770101,sl 5129.37
2026.03.05 17:08:39,20,18,0,1,0.02,5079.89,197.12,0.00,2.06,770101,tp 5081.63
2026.03.05 17:08:55,21,9,1,1,0.01,5064.90,-51.52,0.00,-2.38,770101,sl 5065.13
2026.03.05 20:05:16,22,27,1,0,0.02,5069.86,0.00,0.00,0.00,770101,OBR#S#1772732700
2026.03.05 21:45:40,23,28,1,0,0.04,5067.31,0.00,0.00,0.00,770101,OBR#S#1772737200
2026.03.05 22:16:56,24,28,0,1,0.04,5090.34,-92.12,0.00,0.00,770101,sl 5089.61
2026.03.05 22:33:35,25,30,0,0,0.06,5076.14,0.00,0.00,0.00,770101,OBR#L#1772734500
2026.03.06 03:35:51,26,27,0,1,0.02,5103.17,-66.62,0.00,0.69,770101,sl 5103.17
2026.03.06 03:37:53,27,30,1,1,0.06,5108.44,193.80,0.00,-4.77,770101,tp 5108.08
2026.03.06 11:32:37,28,34,1,0,0.05,5102.60,0.00,0.00,0.00,770101,OBR#S#1772790300
2026.03.06 13:56:07,29,34,0,1,0.05,5064.17,192.15,0.00,0.00,770101,tp 5065.68
2026.03.09 01:05:00,30,36,0,0,0.03,5164.38,0.00,0.00,0.00,770101,OBR#L#1772825400
2026.03.09 01:07:26,31,36,1,1,0.03,5136.03,-85.05,0.00,0.00,770101,sl 5136.50
2026.03.09 12:42:50,32,38,0,0,0.04,5112.14,0.00,0.00,0.00,770101,OBR#L#1773044100
2026.03.09 13:00:16,33,39,1,0,0.03,5107.75,0.00,0.00,0.00,770101,OBR#S#1773046800
2026.03.09 13:51:11,34,38,1,1,0.04,5085.91,-104.92,0.00,0.00,770101,sl 5087.41
2026.03.09 16:30:28,35,41,1,0,0.08,5099.31,0.00,0.00,0.00,770101,OBR#S#1773061200
2026.03.09 16:35:51,36,41,0,1,0.08,5111.27,-95.68,0.00,0.00,770101,sl 5111.19
2026.03.09 21:19:28,37,43,1,0,0.04,5102.34,0.00,0.00,0.00,770101,OBR#S#1773058500
2026.03.09 22:01:08,38,43,0,1,0.04,5126.99,-98.60,0.00,0.00,770101,sl 5126.97
2026.03.09 22:19:59,39,39,0,1,0.03,5134.23,-79.44,0.00,0.00,770101,sl 5134.05
2026.03.10 15:25:27,40,47,1,0,0.11,5179.58,0.00,0.00,0.00,770101,OBR#S#1773145800
2026.03.10 15:45:22,41,47,0,1,0.11,5188.40,-97.02,0.00,0.00,770101,sl 5188.35
2026.03.11 06:27:12,42,50,0,0,0.04,5207.51,0.00,0.00,0.00,770101,OBR#L#1773198000
2026.03.11 09:34:56,43,51,0,0,0.10,5203.08,0.00,0.00,0.00,770101,OBR#L#1773205200
2026.03.11 09:44:08,44,51,1,1,0.10,5193.62,-94.60,0.00,0.00,770101,sl 5194.05
2026.03.11 10:01:06,45,53,1,0,0.04,5199.20,0.00,0.00,0.00,770101,OBR#S#1773207900
2026.03.11 10:37:14,46,50,1,1,0.04,5186.72,-83.16,0.00,0.00,770101,sl 5186.79
2026.03.11 11:52:52,47,55,1,0,0.04,5187.55,0.00,0.00,0.00,770101,OBR#S#1773219600
2026.03.11 16:51:57,48,53,0,1,0.04,5155.71,173.96,0.00,0.00,770101,tp 5156.37
2026.03.11 21:06:52,49,57,1,0,0.04,5172.56,0.00,0.00,0.00,770101,OBR#S#1773251100
2026.03.11 22:17:29,50,58,1,0,0.14,5174.48,0.00,0.00,0.00,770101,OBR#S#1773259200
2026.03.11 22:53:12,51,58,0,1,0.14,5181.11,-92.82,0.00,0.00,770101,sl 5181.11
2026.03.12 01:56:26,52,55,0,1,0.04,5135.19,209.44,0.00,4.13,770101,tp 5141.70
2026.03.12 01:57:47,53,57,0,1,0.04,5130.32,168.96,0.00,4.13,770101,tp 5130.36
2026.03.12 09:17:11,54,62,0,0,0.05,5151.61,0.00,0.00,0.00,770101,OBR#L#1773283500
2026.03.12 10:00:03,55,63,0,0,0.03,5164.80,0.00,0.00,0.00,770101,OBR#L#1773303300
2026.03.12 11:01:24,56,62,1,1,0.05,5189.57,189.80,0.00,0.00,770101,tp 5189.05
2026.03.12 15:30:07,57,65,1,0,0.05,5173.09,0.00,0.00,0.00,770101,OBR#S#1773319500
2026.03.12 16:19:05,58,66,0,0,0.12,5173.65,0.00,0.00,0.00,770101,OBR#L#1773310500
2026.03.12 16:22:58,59,66,1,1,0.12,5165.65,-96.00,0.00,0.00,770101,sl 5165.88
2026.03.12 18:01:56,60,63,1,1,0.03,5137.10,-83.10,0.00,0.00,770101,sl 5137.11
2026.03.12 18:01:56,61,65,0,1,0.05,5137.30,178.95,0.00,0.00,770101,tp 5137.48
2026.03.13 08:11:13,62,71,1,0,0.05,5107.23,0.00,0.00,0.00,770101,OBR#S#1773377100
2026.03.13 10:22:39,63,71,0,1,0.05,5072.71,172.60,0.00,0.00,770101,tp 5072.79
2026.03.16 05:30:28,64,74,0,0,0.03,5010.49,0.00,0.00,0.00,770101,OBR#L#1773628200
2026.03.16 06:26:48,65,75,1,0,0.04,5008.79,0.00,0.00,0.00,770101,OBR#S#1773631800
2026.03.16 09:15:56,66,75,0,1,0.04,5031.04,-89.00,0.00,0.00,770101,sl 5030.92
2026.03.16 09:34:54,67,77,0,0,0.03,5025.45,0.00,0.00,0.00,770101,OBR#L#1773640800
2026.03.16 10:37:15,68,77,1,1,0.03,4997.52,-83.79,0.00,0.00,770101,sl 4998.00
2026.03.16 12:45:54,69,74,1,1,0.03,4978.92,-94.71,0.00,0.00,770101,sl 4979.06
2026.03.16 14:53:36,70,80,0,0,0.03,5002.00,0.00,0.00,0.00,770101,OBR#L#1773665100
2026.03.17 08:44:49,71,84,0,0,0.09,5032.06,0.00,0.00,0.00,770101,OBR#L#1773726300
2026.03.17 08:58:35,72,84,1,1,0.09,5021.38,-96.12,0.00,0.00,770101,sl 5021.46
2026.03.17 15:46:08,73,86,0,0,0.04,5015.97,0.00,0.00,0.00,770101,OBR#L#1773754200
2026.03.17 18:35:59,74,86,1,1,0.04,4991.64,-97.32,0.00,0.00,770101,sl 4991.99
2026.03.17 21:30:04,75,88,0,0,0.07,5003.82,0.00,0.00,0.00,770101,OBR#L#1773774000
2026.03.17 22:41:14,76,89,1,0,0.06,5002.64,0.00,0.00,0.00,770101,OBR#S#1773770400
2026.03.18 04:52:15,77,88,1,1,0.07,4991.43,-86.73,0.00,-5.56,770101,sl 4991.45
2026.03.18 06:23:06,78,91,1,0,0.04,4996.22,0.00,0.00,0.00,770101,OBR#S#1773806400
2026.03.18 09:36:21,79,91,0,1,0.04,5016.05,-79.32,0.00,0.00,770101,sl 5015.91
2026.03.18 13:35:34,80,80,1,1,0.03,4972.35,-88.95,0.00,-4.76,770101,sl 4972.55
2026.03.18 13:35:35,81,89,0,1,0.06,4972.30,182.04,0.00,2.06,770101,tp 4972.46
2026.03.18 17:45:12,82,95,1,0,0.03,4865.20,0.00,0.00,0.00,770101,OBR#S#1773848700
2026.03.18 19:03:11,83,96,1,0,0.03,4866.80,0.00,0.00,0.00,770101,OBR#S#1773853200
2026.03.18 19:35:25,84,97,0,0,0.06,4873.88,0.00,0.00,0.00,770101,OBR#L#1773854100
2026.03.18 20:23:22,85,95,0,1,0.03,4891.65,-79.35,0.00,0.00,770101,sl 4891.60
2026.03.18 20:24:26,86,96,0,1,0.03,4894.79,-83.97,0.00,0.00,770101,sl 4894.68
2026.03.18 21:57:52,87,97,1,1,0.06,4858.79,-90.54,0.00,0.00,770101,sl 4859.25
2026.03.19 05:51:12,88,101,0,0,0.04,4854.12,0.00,0.00,0.00,770101,OBR#L#1773892800
2026.03.19 08:39:37,89,101,1,1,0.04,4832.76,-85.44,0.00,0.00,770101,sl 4832.85
2026.03.19 21:35:47,90,103,0,0,0.01,4599.73,0.00,0.00,0.00,770101,OBR#L#1773937800
2026.03.20 03:01:58,91,105,1,0,0.02,4650.22,0.00,0.00,0.00,770101,OBR#S#1773929700
2026.03.20 04:45:47,92,105,0,1,0.02,4692.93,-85.42,0.00,0.00,770101,sl 4692.63
2026.03.20 06:04:59,93,103,1,1,0.01,4707.06,107.33,0.00,-0.79,770101,tp 4706.65
2026.03.20 11:10:44,94,108,1,0,0.03,4710.60,0.00,0.00,0.00,770101,OBR#S#1773987300
2026.03.20 11:33:09,95,109,0,0,0.02,4701.71,0.00,0.00,0.00,770101,OBR#L#1773999000
2026.03.20 12:58:22,96,109,1,1,0.02,4660.85,-81.72,0.00,0.00,770101,sl 4661.22
2026.03.20 12:58:22,97,108,0,1,0.03,4660.11,151.47,0.00,0.00,770101,tp 4660.16
2026.03.23 07:30:42,98,114,0,0,0.02,4361.10,0.00,0.00,0.00,770101,OBR#L#1774237500
2026.03.23 08:45:21,99,114,1,1,0.02,4319.80,-82.60,0.00,0.00,770101,sl 4319.82
2026.03.23 20:31:06,100,116,1,0,0.01,4413.97,0.00,0.00,0.00,770101,OBR#S#1774233000
2026.03.23 22:30:26,101,117,1,0,0.01,4415.00,0.00,0.00,0.00,770101,OBR#S#1774288800
2026.03.25 02:16:20,102,117,0,1,0.01,4487.76,-72.76,0.00,0.68,770101,sl 4487.10
2026.03.25 02:16:21,103,116,0,1,0.01,4491.28,-77.31,0.00,0.68,770101,sl 4490.99
2026.03.25 11:08:02,104,120,1,0,0.05,4552.17,0.00,0.00,0.00,770101,OBR#S#1774427400
2026.03.25 11:21:00,105,120,0,1,0.05,4567.02,-74.25,0.00,0.00,770101,sl 4566.99
2026.03.25 15:17:11,106,122,0,0,0.03,4564.32,0.00,0.00,0.00,770101,OBR#L#1774435500
2026.03.25 15:31:06,107,122,1,1,0.03,4536.85,-82.41,0.00,0.00,770101,sl 4536.92
2026.03.25 16:03:05,108,124,1,0,0.02,4554.92,0.00,0.00,0.00,770101,OBR#S#1774416600
2026.03.25 18:30:02,109,125,1,0,0.10,4562.75,0.00,0.00,0.00,770101,OBR#S#1774455300
2026.03.25 20:10:24,110,125,0,1,0.10,4544.02,187.30,0.00,0.00,770101,tp 4544.03
2026.03.26 08:47:32,111,124,0,1,0.02,4469.08,171.68,0.00,2.06,770101,tp 4469.12
2026.03.31 04:07:18,112,129,0,0,0.01,4535.24,0.00,0.00,0.00,770101,OBR#L#1774855800
2026.03.31 08:36:12,113,130,1,0,0.02,4577.08,0.00,0.00,0.00,770101,OBR#S#1774931400
2026.03.31 09:31:48,114,131,1,0,0.07,4564.55,0.00,0.00,0.00,770101,OBR#S#1774936800
2026.03.31 13:38:59,115,131,0,1,0.07,4538.09,185.22,0.00,0.00,770101,tp 4539.33
2026.03.31 17:02:51,116,130,0,1,0.02,4619.46,-84.76,0.00,0.00,770101,sl 4619.13
2026.03.31 19:39:58,117,129,1,1,0.01,4633.37,98.13,0.00,0.00,770101,tp 4633.28
