case_id,run_id,variant,setup_id,dir,sl,tp,fill_msc,fill_price,volume,exit_msc,exit_price,exit_kind,gap_bar,prev_bar,gap_s,gap_bar_low,gap_bar_high,synthetic_month
1000763,nv1_f1_oos_procedure,PROCEDURE,763,S,5107.28,5060.0,1772580960114,5091.52,0.06,1772586060108,5110.01,sl,1772586000,1772582220,3720,5090.47,5109.83,False
2001004,nv1_f2_oos_procedure,PROCEDURE,1004,S,4776.7,4755.58,1775775840060,4769.66,0.16,1775782862101,4776.77,sl,1775782800,1775779020,3720,4766.01,4780.18,False
2001049,nv1_f2_oos_procedure,PROCEDURE,1049,S,4750.87,4715.98,1776113280035,4739.24,0.09,1776128460055,4752.02,sl,1776128400,1776124620,3720,4744.33,4755.93,False
2001047,nv1_f2_oos_procedure,PROCEDURE,1047,S,4754.98,4502.62,1776042300044,4670.86,0.01,1776131579868,4755.14,sl,1776128400,1776124620,3720,4744.33,4755.93,False
2001275,nv1_f2_oos_procedure,PROCEDURE,1275,S,4723.26,4635.57,1776806760101,4694.03,0.03,1776819667676,4723.4,sl,1776819600,1776815820,3720,4716.87,4726.17,False
2001341,nv1_f2_oos_procedure,PROCEDURE,1341,S,4702.66,4665.43,1776986520031,4690.25,0.07,1777001250753,4702.71,sl,1776992400,1776988620,3720,4698.64,4703.12,False
2001413,nv1_f2_oos_procedure,PROCEDURE,1413,S,4684.47,4671.36,1777329180088,4680.1,0.21,1777338060938,4684.47,sl,1777338000,1777334220,3720,4683.25,4687.0,False
3000771,nv1_f3_oos_procedure,PROCEDURE,771,S,4635.36,4566.87,1777675860063,4612.53,0.04,1777899739410,4566.85,tp,1777856400,1777679760,176580,4617.09,4637.77,False
4000786,nv1_f4_oos_procedure,PROCEDURE,786,S,4492.14,4470.48,1780435200108,4484.92,0.14,1780448460220,4492.52,sl,1780448400,1780444620,3720,4490.27,4492.94,False
4001048,nv1_f4_oos_procedure,PROCEDURE,1048,L,4200.01,4241.56,1781290740042,4213.86,0.06,1781485260016,4269.57,tp,1781485200,1781308560,176580,4262.67,4278.12,False
4001207,nv1_f4_oos_procedure,PROCEDURE,1207,L,4142.98,4172.14,1781893740052,4152.7,0.09,1782095752892,4142.84,sl,1782090000,1781899140,190800,4139.36,4151.63,False
5000903,nv1_f5_oos_procedure,PROCEDURE,903,S,4165.82,4153.49,1783376520051,4161.71,0.22,1783386060091,4166.79,sl,1783386000,1783382220,3720,4164.34,4166.67,False
5001383,nv1_f5_oos_procedure,PROCEDURE,1383,L,4044.93,4086.93,1784911860070,4058.93,0.07,1785114060016,4092.06,tp,1785114000,1784937360,176580,4087.16,4097.4,False
6000763,nv1_f1_oos_baseline_a,A,763,S,5107.28,5060.0,1772580960114,5091.52,0.06,1772586060108,5110.01,sl,1772586000,1772582220,3720,5090.47,5109.83,False
7001004,nv1_f2_oos_baseline_a,A,1004,S,4776.7,4755.58,1775775840060,4769.66,0.16,1775782862101,4776.77,sl,1775782800,1775779020,3720,4766.01,4780.18,False
7001049,nv1_f2_oos_baseline_a,A,1049,S,4750.87,4715.98,1776113280035,4739.24,0.09,1776128460055,4752.02,sl,1776128400,1776124620,3720,4744.33,4755.93,False
7001047,nv1_f2_oos_baseline_a,A,1047,S,4754.98,4502.62,1776042300044,4670.86,0.01,1776131579868,4755.14,sl,1776128400,1776124620,3720,4744.33,4755.93,False
7001275,nv1_f2_oos_baseline_a,A,1275,S,4723.26,4635.57,1776806760101,4694.03,0.03,1776819667676,4723.4,sl,1776819600,1776815820,3720,4716.87,4726.17,False
7001341,nv1_f2_oos_baseline_a,A,1341,S,4702.66,4665.43,1776986520031,4690.25,0.07,1777001250753,4702.71,sl,1776992400,1776988620,3720,4698.64,4703.12,False
7001413,nv1_f2_oos_baseline_a,A,1413,S,4684.47,4671.36,1777329180088,4680.1,0.21,1777338060938,4684.47,sl,1777338000,1777334220,3720,4683.25,4687.0,False
8000771,nv1_f3_oos_baseline_a,A,771,S,4635.36,4566.87,1777675860063,4612.53,0.04,1777899739410,4566.85,tp,1777856400,1777679760,176580,4617.09,4637.77,False
9000786,nv1_f4_oos_baseline_a,A,786,S,4492.14,4470.48,1780435200108,4484.92,0.14,1780448460220,4492.52,sl,1780448400,1780444620,3720,4490.27,4492.94,False
9001048,nv1_f4_oos_baseline_a,A,1048,L,4200.01,4241.56,1781290740042,4213.86,0.06,1781485260016,4269.57,tp,1781485200,1781308560,176580,4262.67,4278.12,False
9001207,nv1_f4_oos_baseline_a,A,1207,L,4142.98,4172.14,1781893740052,4152.7,0.09,1782095752892,4142.84,sl,1782090000,1781899140,190800,4139.36,4151.63,False
10000903,nv1_f5_oos_baseline_a,A,903,S,4165.82,4153.49,1783376520051,4161.71,0.22,1783386060091,4166.79,sl,1783386000,1783382220,3720,4164.34,4166.67,False
10001383,nv1_f5_oos_baseline_a,A,1383,L,4044.93,4086.93,1784911860070,4058.93,0.07,1785114060016,4092.06,tp,1785114000,1784937360,176580,4087.16,4097.4,False
12001047,nv1_f2_oos_baseline_b,B,1047,S,4754.97,4496.52,1776043200083,4668.82,0.01,1776131579868,4755.14,sl,1776128400,1776124620,3720,4744.33,4755.93,False
12001341,nv1_f2_oos_baseline_b,B,1341,S,4702.65,4666.47,1776986760054,4690.59,0.08,1777001250753,4702.71,sl,1776992400,1776988620,3720,4698.64,4703.12,False
12001413,nv1_f2_oos_baseline_b,B,1413,S,4684.46,4672.67,1777330260070,4680.53,0.25,1777338060838,4684.46,sl,1777338000,1777334220,3720,4683.25,4687.0,False
13000771,nv1_f3_oos_baseline_b,B,771,S,4635.36,4556.55,1777676640040,4609.09,0.03,1777899835577,4556.46,tp,1777856400,1777679760,176580,4617.09,4637.77,False
13000958,nv1_f3_oos_baseline_b,B,958,L,4704.68,4735.25,1778269380066,4714.87,0.09,1778461260026,4698.85,sl,1778461200,1778284560,176580,4680.2,4699.5,False
14000789,nv1_f4_oos_baseline_b,B,789,S,4491.36,4476.21,1780441320052,4486.31,0.19,1780448460220,4492.52,sl,1780448400,1780444620,3720,4490.27,4492.94,False
15000903,nv1_f5_oos_baseline_b,B,903,S,4165.65,4154.13,1783376760133,4161.81,0.28,1783386060091,4166.79,sl,1783386000,1783382220,3720,4164.34,4166.67,False
