date,bal_open,eq_open,eq_min,eq_max,bal_close,eq_close,spread_median
2026.07.01,9604.00,9604.00,9604.00,9604.00,9604.00,9604.00,0.24
2026.07.02,9604.00,9604.00,9604.00,9604.00,9604.00,9604.00,0.24
2026.07.03,9604.00,9604.00,9604.00,9604.00,9604.00,9604.00,0.24
2026.07.06,9604.00,9604.00,9604.00,9604.00,9604.00,9604.00,0.24
2026.07.07,9604.00,9604.00,9604.00,9604.00,9604.00,9604.00,0.24
2026.07.08,9604.00,9604.00,9604.00,9604.00,9604.00,9604.00,0.24
2026.07.09,9604.00,9604.00,9604.00,9604.00,9604.00,9604.00,0.24
2026.07.10,9604.00,9604.00,9570.68,9610.48,9610.48,9610.48,0.24
2026.07.13,9610.48,9610.48,9610.48,9610.48,9610.48,9610.48,0.24
2026.07.14,9610.48,9610.48,9610.48,9610.48,9610.48,9610.48,0.24
2026.07.15,9610.48,9610.48,9607.72,9649.00,9610.48,9624.80,0.24
2026.07.16,9610.48,9621.38,9613.38,9714.98,9714.98,9714.98,0.24
2026.07.17,9714.98,9714.98,9714.98,9714.98,9714.98,9714.98,0.24
2026.07.20,9714.98,9714.98,9714.98,9714.98,9714.98,9714.98,0.24
2026.07.21,9714.98,9714.98,9714.98,9714.98,9714.98,9714.98,0.24
2026.07.22,9714.98,9714.98,9714.98,9714.98,9714.98,9714.98,0.24
2026.07.23,9714.98,9714.98,9714.98,9714.98,9714.98,9714.98,0.24
2026.07.24,9714.98,9714.98,9714.98,9714.98,9714.98,9714.98,0.24
2026.07.27,9714.98,9714.98,9714.98,9714.98,9714.98,9714.98,0.24
2026.07.28,9714.98,9714.98,9714.98,9714.98,9714.98,9714.98,0.24
2026.07.29,9714.98,9714.98,9714.98,9714.98,9714.98,9714.98,0.24
2026.07.30,9714.98,9714.98,9714.98,9714.98,9714.98,9714.98,0.24
2026.07.31,9714.98,9714.98,9714.98,9714.98,9714.98,9714.98,0.24
