kind,pass,a,b,c,d,e,f,g,h
P,5,-0.16204890,0.00,-55.25,6.47,132,StructureVariant=1;SwingStrengthM1=4;ImpulseWindowBars=2;StopBufferPoints=40;RiskRR=2;RiskPercent=1;MaxExposures=3;WarmupDays=30;MagicNumber=770201;TradeComment=OBM1;ResearchRunTag=nv1_f4_grid_hi
D,5,2026.03.02,10000.00,10000.00,9913.96,10016.98,9913.96,9913.96,0.20000
D,5,2026.03.03,9913.96,9913.96,9839.72,9931.02,9839.72,9839.72,0.20000
D,5,2026.03.04,9839.72,9839.72,9824.10,9940.06,9839.72,9879.76,0.20000
D,5,2026.03.05,9839.72,9867.52,9806.67,10123.58,9969.65,10008.65,0.20000
D,5,2026.03.06,9969.65,10009.87,9687.13,10110.55,9882.97,10012.51,0.20000
D,5,2026.03.09,9882.97,10022.00,9515.44,10058.16,9612.96,9536.72,0.21000
D,5,2026.03.10,9612.96,9531.98,9345.04,9576.66,9345.04,9345.04,0.21000
D,5,2026.03.11,9345.04,9345.04,9345.04,9345.04,9345.04,9345.04,0.21000
D,5,2026.03.12,9345.04,9345.04,9184.60,9421.78,9330.26,9330.26,0.21000
D,5,2026.03.13,9330.26,9330.26,9330.26,9330.26,9330.26,9330.26,0.20000
D,5,2026.03.16,9330.26,9330.26,9082.05,9371.08,9082.05,9082.05,0.20000
D,5,2026.03.17,9082.05,9082.05,8925.32,9142.62,8925.32,8925.32,0.20000
D,5,2026.03.18,8925.32,8925.32,8845.64,8990.12,8845.64,8845.64,0.22000
D,5,2026.03.19,8845.64,8845.64,8813.96,9307.45,9307.45,9307.45,0.23000
D,5,2026.03.20,9307.45,9307.45,9099.62,9314.02,9099.62,9099.62,0.23000
D,5,2026.03.23,9099.62,9099.62,9025.23,9107.81,9025.23,9025.23,0.24000
D,5,2026.03.24,9025.23,9025.23,8817.12,9042.20,8929.10,8984.32,0.24000
D,5,2026.03.25,8929.10,8978.86,8907.39,9232.10,9165.20,9165.20,0.23000
D,5,2026.03.26,9165.20,9165.20,9006.20,9165.20,9006.20,9006.20,0.24000
D,5,2026.03.27,9006.20,9006.20,8976.23,9505.25,9151.69,9151.69,0.23000
D,5,2026.03.30,9151.69,9151.69,9151.41,9208.08,9201.74,9201.74,0.21000
D,5,2026.03.31,9201.74,9201.74,9028.40,9228.02,9203.95,9209.02,0.21000
D,5,2026.04.01,9203.95,9211.52,9134.05,9337.03,9225.94,9229.36,0.23000
D,5,2026.04.02,9225.94,9230.96,9002.99,9246.05,9002.99,9002.99,0.23000
D,5,2026.04.06,9002.99,9002.99,8829.34,9082.79,8829.34,8829.34,0.23000
D,5,2026.04.07,8829.34,8829.34,8816.08,8835.71,8829.34,8824.92,0.23000
D,5,2026.04.08,8829.34,8837.43,8830.92,9221.74,9221.74,9221.74,0.23000
D,5,2026.04.09,9221.74,9221.74,9207.98,9307.58,9221.74,9275.26,0.24000
D,5,2026.04.10,9221.74,9263.21,9096.08,9478.00,9282.44,9267.82,0.24000
D,5,2026.04.13,9282.44,9382.64,9258.85,9382.73,9340.31,9267.81,0.24000
D,5,2026.04.14,9340.31,9264.49,9167.33,9276.56,9167.33,9167.33,0.24000
D,5,2026.04.15,9167.33,9167.33,9081.97,9173.71,9081.97,9081.97,0.24000
D,5,2026.04.16,9081.97,9081.97,9008.73,9089.25,9008.73,9008.73,0.24000
D,5,2026.04.17,9008.73,9008.73,8924.13,9016.28,8924.13,8924.13,0.24000
D,5,2026.04.20,8924.13,8924.13,8874.54,9100.44,9100.44,9100.44,0.24000
D,5,2026.04.21,9100.44,9100.44,9100.44,9100.44,9100.44,9100.44,0.24000
D,5,2026.04.22,9100.44,9100.44,8923.98,9122.04,8923.98,8923.98,0.24000
D,5,2026.04.23,8923.98,8923.98,8753.30,8942.28,8753.30,8753.30,0.24000
D,5,2026.04.24,8753.30,8753.30,8725.25,8888.09,8888.09,8888.09,0.24000
D,5,2026.04.27,8888.09,8888.09,8841.89,9051.14,9051.14,9051.14,0.24000
D,5,2026.04.28,9051.14,9051.14,9031.22,9231.54,9231.54,9231.54,0.24000
D,5,2026.04.29,9231.54,9231.54,8975.75,9256.18,8975.75,8975.75,0.24000
D,5,2026.04.30,8975.75,8975.75,8915.21,9030.23,8975.75,8969.48,0.24000
D,5,2026.05.01,8975.75,9015.97,8565.39,9100.93,8565.39,8565.39,0.24000
D,5,2026.05.04,8565.39,8565.39,8400.10,8598.59,8433.21,8529.24,0.24000
D,5,2026.05.05,8433.21,8528.64,8415.34,8649.53,8587.27,8616.63,0.24000
D,5,2026.05.06,8587.27,8590.13,8426.89,8688.90,8575.54,8555.38,0.24000
D,5,2026.05.07,8575.54,8547.95,8385.49,8785.85,8569.50,8510.85,0.24000
D,5,2026.05.08,8569.50,8480.45,8310.92,8541.32,8341.47,8316.02,0.24000
D,5,2026.05.11,8341.47,8150.85,8134.70,8852.79,8852.79,8852.79,0.24000
D,5,2026.05.12,8852.79,8852.79,8824.89,9015.64,8930.50,8930.50,0.24000
D,5,2026.05.13,8930.50,8930.50,8678.06,8950.30,8678.06,8678.06,0.24000
D,5,2026.05.14,8678.06,8678.06,8499.05,8833.41,8499.05,8499.05,0.24000
D,5,2026.05.15,8499.05,8499.05,8417.29,8500.38,8417.29,8417.29,0.24000
D,5,2026.05.18,8417.29,8417.29,8417.29,8417.29,8417.29,8417.29,0.24000
D,5,2026.05.19,8417.29,8417.29,8338.45,8439.73,8338.45,8338.45,0.24000
D,5,2026.05.20,8338.45,8338.45,8250.08,8440.30,8263.75,8378.42,0.24000
D,5,2026.05.21,8263.75,8373.17,8274.44,8516.33,8348.53,8383.79,0.24000
D,5,2026.05.22,8348.53,8388.29,8191.60,8391.68,8227.31,8199.18,0.24000
D,5,2026.05.25,8227.31,8243.38,8208.87,8356.93,8148.56,8244.55,0.24000
D,5,2026.05.26,8148.56,8241.61,7991.70,8261.57,8073.83,8040.72,0.24000
D,5,2026.05.27,8073.83,8099.30,7782.31,8102.34,7816.55,7849.03,0.24000
D,5,2026.05.28,7816.55,7841.15,7719.51,7970.51,7797.35,7797.35,0.24000
D,5,2026.05.29,7797.35,7797.35,7688.13,8111.45,8029.33,8029.33,0.24000
P,1,-0.00254096,0.00,-51.90,11.85,185,StructureVariant=1;SwingStrengthM1=2;ImpulseWindowBars=2;StopBufferPoints=40;RiskRR=2;RiskPercent=1;MaxExposures=3;WarmupDays=30;MagicNumber=770201;TradeComment=OBM1;ResearchRunTag=nv1_f4_grid_hi
D,1,2026.03.02,10000.00,10000.00,10000.00,10000.00,10000.00,10000.00,0.20000
D,1,2026.03.03,10000.00,10000.00,9822.46,10015.84,9822.46,9822.46,0.20000
D,1,2026.03.04,9822.46,9822.46,9638.44,9900.56,9654.06,9694.10,0.20000
D,1,2026.03.05,9654.06,9681.86,9584.78,10037.84,9835.36,9863.14,0.20000
D,1,2026.03.06,9835.36,9863.55,9638.87,9941.96,9768.91,9941.33,0.20000
D,1,2026.03.09,9768.91,9955.57,9345.75,10009.81,9345.75,9345.75,0.21000
D,1,2026.03.10,9345.75,9345.75,9345.75,9345.75,9345.75,9345.75,0.21000
D,1,2026.03.11,9345.75,9345.75,9345.75,9345.75,9345.75,9345.75,0.21000
D,1,2026.03.12,9345.75,9345.75,9237.44,9411.25,9410.08,9383.56,0.21000
D,1,2026.03.13,9410.08,9382.61,9221.82,9439.88,9257.54,9257.54,0.20000
D,1,2026.03.16,9257.54,9257.54,8923.72,9329.10,8923.72,8923.72,0.20000
D,1,2026.03.17,8923.72,8923.72,8638.74,8983.42,8840.62,8821.68,0.20000
D,1,2026.03.18,8840.62,8795.09,8747.41,8946.87,8802.39,8802.39,0.22000
D,1,2026.03.19,8802.39,8802.39,8709.19,8902.29,8888.99,8893.67,0.23000
D,1,2026.03.20,8888.99,8878.95,8619.35,9050.74,8619.35,8619.35,0.23000
D,1,2026.03.23,8619.35,8619.35,8551.33,8668.92,8560.48,8555.71,0.24000
D,1,2026.03.24,8560.48,8574.90,8297.53,8594.01,8352.34,8352.34,0.24000
D,1,2026.03.25,8352.34,8352.34,8296.90,8497.98,8304.92,8304.92,0.23000
D,1,2026.03.26,8304.92,8304.92,8069.28,8423.18,8214.28,8214.28,0.24000
D,1,2026.03.27,8214.28,8214.28,8163.88,9023.47,8867.50,8947.18,0.23000
D,1,2026.03.30,8867.50,8963.46,8956.60,9254.77,9132.43,9132.43,0.21000
D,1,2026.03.31,9132.43,9132.43,9036.48,9261.55,9173.44,9173.44,0.21000
D,1,2026.04.01,9173.44,9173.44,9022.61,9357.66,9110.99,9080.90,0.23000
D,1,2026.04.02,9110.99,9079.05,8881.47,9122.09,8881.47,8881.47,0.23000
D,1,2026.04.06,8881.47,8881.47,8585.26,8886.63,8642.54,8589.58,0.23000
D,1,2026.04.07,8642.54,8594.58,8577.78,9035.95,8950.89,8950.89,0.23000
D,1,2026.04.08,8950.89,8950.89,8829.87,9136.00,9135.00,9110.90,0.23000
D,1,2026.04.09,9135.00,9107.31,9059.23,9378.05,9161.73,9289.17,0.24000
D,1,2026.04.10,9161.73,9256.04,8961.06,9272.76,8998.69,8998.69,0.24000
D,1,2026.04.13,8998.69,8998.69,8919.12,9024.76,8998.69,8928.08,0.24000
D,1,2026.04.14,8998.69,8924.76,8846.34,8934.51,8846.34,8846.34,0.24000
D,1,2026.04.15,8846.34,8846.34,8721.94,8932.50,8932.50,8932.50,0.24000
D,1,2026.04.16,8932.50,8932.50,8859.26,8939.78,8859.26,8859.26,0.24000
D,1,2026.04.17,8859.26,8859.26,8775.31,8865.21,8780.51,8777.83,0.24000
D,1,2026.04.20,8780.51,9040.73,8985.44,9399.25,9399.25,9399.25,0.24000
D,1,2026.04.21,9399.25,9399.25,9361.69,9762.91,9762.91,9762.91,0.24000
D,1,2026.04.22,9762.91,9762.91,9570.70,10009.72,9768.66,9831.10,0.24000
D,1,2026.04.23,9768.66,9819.29,9791.92,10088.41,10070.89,10050.57,0.24000
D,1,2026.04.24,10070.89,9988.44,9690.04,10100.92,9690.04,9690.04,0.24000
D,1,2026.04.27,9690.04,9690.04,9588.49,9816.35,9757.04,9752.09,0.24000
D,1,2026.04.28,9757.04,9655.27,9544.10,9775.94,9585.45,9697.55,0.24000
D,1,2026.04.29,9585.45,9709.10,9604.70,10001.90,9858.10,9921.10,0.24000
D,1,2026.04.30,9858.10,9918.75,9868.51,10396.42,10396.42,10396.42,0.24000
D,1,2026.05.01,10396.42,10396.42,10159.84,10644.46,10211.38,10242.79,0.24000
D,1,2026.05.04,10211.38,10141.23,10106.57,10522.85,10141.99,10270.93,0.24000
D,1,2026.05.05,10141.99,10270.16,10129.88,10429.33,10129.88,10129.88,0.24000
D,1,2026.05.06,10129.88,10129.88,10042.78,10148.93,10129.88,10090.18,0.24000
D,1,2026.05.07,10129.88,10083.99,10039.29,10122.29,10039.29,10039.29,0.24000
D,1,2026.05.08,10039.29,10039.29,9984.79,10298.11,10130.81,10130.81,0.24000
D,1,2026.05.11,10130.81,10130.81,9950.42,10608.05,10608.05,10608.05,0.24000
D,1,2026.05.12,10608.05,10608.05,10401.47,10667.45,10601.87,10601.87,0.24000
D,1,2026.05.13,10601.87,10601.87,10449.27,10731.07,10494.67,10499.17,0.24000
D,1,2026.05.14,10494.67,10508.13,10178.25,10914.80,10459.79,10594.61,0.24000
D,1,2026.05.15,10459.79,10586.53,10456.33,10741.56,10739.76,10719.78,0.24000
D,1,2026.05.18,10739.76,10720.51,10536.13,10895.80,10536.13,10536.13,0.24000
D,1,2026.05.19,10536.13,10536.13,10408.03,10566.05,10431.01,10408.57,0.24000
D,1,2026.05.20,10431.01,10409.86,10154.08,10533.19,10431.83,10475.19,0.24000
D,1,2026.05.21,10431.83,10470.29,10151.16,10489.31,10249.28,10314.50,0.24000
D,1,2026.05.22,10249.28,10321.98,10085.07,10327.63,10175.85,10133.46,0.24000
D,1,2026.05.25,10175.85,10199.75,10062.41,10280.30,9972.15,10115.93,0.24000
D,1,2026.05.26,9972.15,10111.51,9859.21,10184.17,10044.55,9994.67,0.24000
D,1,2026.05.27,10044.55,10082.53,9688.19,10087.09,9775.05,9775.05,0.24000
D,1,2026.05.28,9775.05,9775.05,9707.37,10080.18,9868.54,9868.54,0.24000
D,1,2026.05.29,9868.54,9868.54,9775.78,9921.34,9775.78,9775.78,0.24000
P,3,-0.04097057,0.00,-63.39,9.43,159,StructureVariant=1;SwingStrengthM1=3;ImpulseWindowBars=2;StopBufferPoints=40;RiskRR=2;RiskPercent=1;MaxExposures=3;WarmupDays=30;MagicNumber=770201;TradeComment=OBM1;ResearchRunTag=nv1_f4_grid_hi
D,3,2026.03.02,10000.00,10000.00,9913.96,10016.98,9913.96,9913.96,0.20000
D,3,2026.03.03,9913.96,9913.96,9838.50,9929.80,9838.50,9838.50,0.20000
D,3,2026.03.04,9838.50,9838.50,9654.48,9916.60,9670.10,9710.14,0.20000
D,3,2026.03.05,9670.10,9697.90,9600.55,10068.29,9948.25,9948.25,0.20000
D,3,2026.03.06,9948.25,9948.25,9756.37,10059.46,9888.65,10058.83,0.20000
D,3,2026.03.09,9888.65,10073.07,9451.16,10127.31,9451.16,9451.16,0.21000
D,3,2026.03.10,9451.16,9451.16,9451.16,9451.16,9451.16,9451.16,0.21000
D,3,2026.03.11,9451.16,9451.16,9451.16,9451.16,9451.16,9451.16,0.21000
D,3,2026.03.12,9451.16,9451.16,9289.06,9527.16,9527.16,9527.16,0.21000
D,3,2026.03.13,9527.16,9527.16,9428.50,9593.22,9443.34,9473.54,0.20000
D,3,2026.03.16,9443.34,9486.65,9215.89,9524.90,9188.16,9231.07,0.20000
D,3,2026.03.17,9188.16,9230.15,9006.91,9302.69,9030.56,9066.19,0.20000
D,3,2026.03.18,9030.56,9052.89,8990.55,9506.34,9337.78,9340.90,0.22000
D,3,2026.03.19,9337.78,9329.90,9287.74,9648.69,9648.69,9648.69,0.23000
D,3,2026.03.20,9648.69,9648.69,9440.86,9655.26,9440.86,9440.86,0.23000
D,3,2026.03.23,9440.86,9440.86,9381.99,9490.43,9381.99,9381.99,0.24000
D,3,2026.03.24,9381.99,9381.99,9259.80,9452.42,9452.42,9452.42,0.24000
D,3,2026.03.25,9452.42,9452.42,9396.98,9748.87,9628.35,9711.21,0.23000
D,3,2026.03.26,9628.35,9703.13,9553.87,9803.45,9606.55,9606.55,0.24000
D,3,2026.03.27,9606.55,9606.55,9595.21,10193.81,10087.61,10167.29,0.23000
D,3,2026.03.30,10087.61,10183.57,10182.85,10828.01,10807.36,10757.87,0.21000
D,3,2026.03.31,10807.36,10743.06,10595.35,10823.21,10598.37,10603.44,0.21000
D,3,2026.04.01,10598.37,10605.94,10515.79,10750.01,10607.68,10607.68,0.23000
D,3,2026.04.02,10607.68,10607.68,10443.93,10669.98,10443.93,10443.93,0.23000
D,3,2026.04.06,10443.93,10443.93,10180.13,10450.38,10248.11,10186.07,0.23000
D,3,2026.04.07,10248.11,10192.95,10041.93,10376.32,10190.99,10190.99,0.23000
D,3,2026.04.08,10190.99,10190.99,10059.76,10439.62,10439.62,10439.62,0.23000
D,3,2026.04.09,10439.62,10439.62,10332.32,10462.82,10348.42,10422.42,0.24000
D,3,2026.04.10,10348.42,10407.36,10273.66,10609.48,10424.83,10424.83,0.24000
D,3,2026.04.13,10424.83,10424.83,10227.60,10449.01,10323.79,10253.49,0.24000
D,3,2026.04.14,10323.79,10278.72,10275.39,10460.20,10336.92,10336.92,0.24000
D,3,2026.04.15,10336.92,10336.92,10108.62,10583.27,10330.08,10330.08,0.24000
D,3,2026.04.16,10330.08,10330.08,10036.27,10560.14,10036.27,10036.27,0.24000
D,3,2026.04.17,10036.27,10036.27,9855.51,10036.27,9855.51,9855.51,0.24000
D,3,2026.04.20,9855.51,9855.51,9797.91,10039.67,10039.67,10039.67,0.24000
D,3,2026.04.21,10039.67,10039.67,10039.67,10039.67,10039.67,10039.67,0.24000
D,3,2026.04.22,10039.67,10039.67,9684.18,10085.34,9656.83,9733.93,0.24000
D,3,2026.04.23,9656.83,9725.49,9686.67,9933.51,9915.99,9895.67,0.24000
D,3,2026.04.24,9915.99,9833.54,9628.47,9946.02,9628.47,9628.47,0.24000
D,3,2026.04.27,9628.47,9628.47,9582.27,9850.83,9791.52,9786.57,0.24000
D,3,2026.04.28,9791.52,9689.75,9602.27,9704.33,9622.05,9622.05,0.24000
D,3,2026.04.29,9622.05,9622.05,9478.24,9734.07,9531.40,9554.05,0.24000
D,3,2026.04.30,9531.40,9553.17,9534.33,9763.41,9702.99,9695.91,0.24000
D,3,2026.05.01,9702.99,9747.57,9205.66,9841.97,9257.20,9288.61,0.24000
D,3,2026.05.04,9257.20,9187.05,9157.29,9641.95,9489.55,9594.31,0.24000
D,3,2026.05.05,9489.55,9593.65,9469.24,9733.96,9469.24,9469.24,0.24000
D,3,2026.05.06,9469.24,9469.24,9460.72,9659.85,9639.10,9561.20,0.24000
D,3,2026.05.07,9639.10,9554.34,9507.69,10056.37,9698.30,9698.30,0.24000
D,3,2026.05.08,9698.30,9698.30,9649.25,9911.71,9784.90,9792.10,0.24000
D,3,2026.05.11,9784.90,9494.79,9465.72,10296.86,10296.86,10296.86,0.24000
D,3,2026.05.12,10296.86,10296.86,10283.66,10502.77,10303.87,10303.87,0.24000
D,3,2026.05.13,10303.87,10303.87,10014.67,10420.15,10014.67,10014.67,0.24000
D,3,2026.05.14,10014.67,10014.67,9589.33,10092.61,9814.77,9814.77,0.24000
D,3,2026.05.15,9814.77,9814.77,9557.65,9847.59,9622.69,9609.37,0.24000
D,3,2026.05.18,9622.69,9609.86,9464.23,9742.38,9464.23,9464.23,0.24000
D,3,2026.05.19,9464.23,9464.23,9349.71,9652.32,9557.75,9535.31,0.24000
D,3,2026.05.20,9557.75,9536.60,9448.86,9692.00,9457.04,9605.72,0.24000
D,3,2026.05.21,9457.04,9599.29,9442.68,9780.83,9540.80,9589.80,0.24000
D,3,2026.05.22,9540.80,9597.28,9305.71,9602.93,9359.47,9317.08,0.24000
D,3,2026.05.25,9359.47,9383.37,9359.73,9530.49,9269.47,9413.25,0.24000
D,3,2026.05.26,9269.47,9408.83,8967.63,9476.15,9091.04,9041.16,0.24000
D,3,2026.05.27,9091.04,9129.02,8755.60,9133.58,8755.60,8755.60,0.24000
D,3,2026.05.28,8755.60,8755.60,8696.38,9029.86,8837.46,8837.46,0.24000
D,3,2026.05.29,8837.46,8837.46,8643.21,9229.06,9229.06,9229.06,0.24000
P,0,0.07685193,0.00,-220.53,36.35,490,StructureVariant=0;SwingStrengthM1=2;ImpulseWindowBars=2;StopBufferPoints=40;RiskRR=2;RiskPercent=1;MaxExposures=3;WarmupDays=30;MagicNumber=770201;TradeComment=OBM1;ResearchRunTag=nv1_f4_grid_hi
D,0,2026.03.02,10000.00,10000.00,9760.66,10062.19,9901.78,9982.39,0.20000
D,0,2026.03.03,9901.78,10003.23,9338.09,10038.93,9347.61,9374.75,0.20000
D,0,2026.03.04,9347.61,9307.57,8960.69,9499.26,8995.99,8999.61,0.20000
D,0,2026.03.05,8995.99,9016.92,8905.95,9464.99,8848.58,8920.79,0.20000
D,0,2026.03.06,8848.58,8919.50,8730.13,8925.66,8736.89,8845.97,0.20000
D,0,2026.03.09,8736.89,8855.47,8428.34,8891.63,8538.04,8628.19,0.21000
D,0,2026.03.10,8538.04,8633.85,8414.01,8841.15,8507.71,8458.88,0.21000
D,0,2026.03.11,8507.71,8462.82,8076.11,8501.88,8104.86,8097.45,0.21000
D,0,2026.03.12,8104.86,8091.24,7778.31,8140.63,8100.39,8100.39,0.21000
D,0,2026.03.13,8100.39,8100.39,8071.74,8612.78,8612.78,8612.78,0.20000
D,0,2026.03.16,8612.78,8612.78,8378.92,8693.38,8555.20,8555.20,0.20000
D,0,2026.03.17,8555.20,8555.20,8263.11,8562.97,8475.22,8488.49,0.20000
D,0,2026.03.18,8475.22,8475.82,8349.86,9072.92,8779.85,8779.85,0.22000
D,0,2026.03.19,8779.85,8779.85,8660.57,9133.42,8965.77,9111.02,0.23000
D,0,2026.03.20,8965.77,9081.57,8727.79,9297.96,9000.73,9000.73,0.23000
D,0,2026.03.23,9000.73,9000.73,8907.79,9611.10,9397.33,9362.72,0.24000
D,0,2026.03.24,9397.33,9381.92,9036.27,9440.76,9226.50,9313.03,0.24000
D,0,2026.03.25,9226.50,9307.57,9268.32,9720.97,9512.21,9512.21,0.23000
D,0,2026.03.26,9512.21,9512.21,9024.08,9583.51,9198.08,9180.00,0.24000
D,0,2026.03.27,9198.08,9172.11,9006.70,10414.66,10217.04,10321.27,0.23000
D,0,2026.03.30,10217.04,10334.39,10333.79,11131.31,10911.73,10940.93,0.21000
D,0,2026.03.31,10911.73,10900.73,10693.60,11119.83,10970.33,10985.69,0.21000
D,0,2026.04.01,10970.33,10990.68,10473.74,11105.10,11006.48,11086.33,0.23000
D,0,2026.04.02,11006.48,11086.63,10549.58,11133.17,11026.99,11026.99,0.23000
D,0,2026.04.06,11026.99,11026.99,10542.96,11038.57,10632.71,10688.26,0.23000
D,0,2026.04.07,10632.71,10683.75,10627.04,11034.66,10771.26,10771.26,0.23000
D,0,2026.04.08,10771.26,10771.26,10708.00,11713.69,11594.87,11579.57,0.23000
D,0,2026.04.09,11594.87,11570.60,11219.07,11634.80,11346.61,11497.59,0.24000
D,0,2026.04.10,11346.61,11458.44,10583.78,11478.20,10589.73,10661.55,0.24000
D,0,2026.04.13,10589.73,11475.54,10383.84,11475.54,10463.26,10392.80,0.24000
D,0,2026.04.14,10463.26,10389.48,10282.71,10742.62,10679.78,10679.78,0.24000
D,0,2026.04.15,10679.78,10679.78,10263.13,10739.28,10381.45,10338.41,0.24000
D,0,2026.04.16,10381.45,10317.49,9696.42,10434.33,9696.42,9696.42,0.24000
D,0,2026.04.17,9696.42,9696.42,9203.48,9882.22,9404.27,9405.87,0.24000
D,0,2026.04.20,9404.27,9668.77,9623.93,10042.32,9867.12,10024.46,0.24000
D,0,2026.04.21,9867.12,10033.31,10013.57,10768.14,10598.88,10516.59,0.24000
D,0,2026.04.22,10598.88,10506.61,10179.52,10818.42,10416.14,10416.14,0.24000
D,0,2026.04.23,10416.14,10416.14,10103.13,10728.14,10713.34,10690.30,0.24000
D,0,2026.04.24,10713.34,10628.17,9999.77,10740.65,10074.83,10167.80,0.24000
D,0,2026.04.27,10074.83,10260.99,10111.27,10359.83,10309.09,10275.33,0.24000
D,0,2026.04.28,10309.09,10182.10,9893.30,10269.26,9877.61,10090.01,0.24000
D,0,2026.04.29,9877.61,10108.50,9843.45,10608.58,10465.58,10527.78,0.24000
D,0,2026.04.30,10465.58,10525.43,10475.19,11228.32,11133.53,11170.33,0.24000
D,0,2026.05.01,11133.53,11361.44,10648.58,11702.21,10897.28,10884.04,0.24000
D,0,2026.05.04,10897.28,10816.34,10726.55,11344.40,10837.64,10975.79,0.24000
D,0,2026.05.05,10837.64,10974.97,10664.36,11147.53,11024.79,11024.79,0.24000
D,0,2026.05.06,11024.79,11024.79,10896.01,12082.83,11819.49,11814.53,0.24000
D,0,2026.05.07,11819.49,11813.19,11737.19,12541.47,12380.05,12297.97,0.24000
D,0,2026.05.08,12380.05,12247.30,12066.15,12591.85,12262.75,12313.20,0.24000
D,0,2026.05.11,12262.75,12148.03,11977.15,12575.78,12350.18,12304.48,0.24000
D,0,2026.05.12,12350.18,12300.62,11989.69,12576.19,12576.19,12576.19,0.24000
D,0,2026.05.13,12576.19,12576.19,12137.78,12718.31,12324.02,12226.63,0.24000
D,0,2026.05.14,12324.02,12220.55,11408.77,12627.82,11730.91,11730.91,0.24000
D,0,2026.05.15,11730.91,11730.91,11553.91,12215.98,11768.73,11794.83,0.24000
D,0,2026.05.18,11768.73,11793.40,11380.86,12024.02,11391.75,11381.78,0.24000
D,0,2026.05.19,11391.75,11379.03,11212.14,11893.61,11700.37,11786.19,0.24000
D,0,2026.05.20,11700.37,11786.76,11325.89,11968.20,11259.12,11370.31,0.24000
D,0,2026.05.21,11259.12,11366.98,11310.15,11392.24,11259.12,11364.03,0.24000
D,0,2026.05.22,11259.12,11364.59,11311.68,11365.76,11259.12,11327.73,0.24000
D,0,2026.05.25,11259.12,11348.87,11348.87,11398.07,11259.12,11388.97,0.24000
D,0,2026.05.26,11259.12,11386.46,11299.01,11396.60,11259.12,11323.42,0.24000
D,0,2026.05.27,11259.12,11351.77,11068.28,11420.21,11085.21,11130.72,0.24000
D,0,2026.05.28,11085.21,11116.94,10674.09,11251.20,10764.65,10757.99,0.24000
D,0,2026.05.29,10764.65,10755.86,10642.54,11562.95,11345.30,11539.55,0.24000
P,2,0.08041442,0.00,-159.54,34.93,477,StructureVariant=0;SwingStrengthM1=3;ImpulseWindowBars=2;StopBufferPoints=40;RiskRR=2;RiskPercent=1;MaxExposures=3;WarmupDays=30;MagicNumber=770201;TradeComment=OBM1;ResearchRunTag=nv1_f4_grid_hi
D,2,2026.03.02,10000.00,10000.00,9994.28,10298.06,10193.00,10273.61,0.20000
D,2,2026.03.03,10193.00,10294.45,9753.98,10330.15,9768.55,9796.75,0.20000
D,2,2026.03.04,9768.55,9718.37,9333.80,10006.95,9339.35,9362.99,0.20000
D,2,2026.03.05,9339.35,9374.18,9370.08,9769.05,9415.43,9433.95,0.20000
D,2,2026.03.06,9415.43,9431.41,9307.70,9716.33,9527.65,9636.73,0.20000
D,2,2026.03.09,9527.65,9646.23,9069.09,9682.39,9073.25,9258.52,0.21000
D,2,2026.03.10,9073.25,9267.95,9031.95,9445.35,9169.29,9169.29,0.21000
D,2,2026.03.11,9169.29,9169.29,8855.39,9523.71,9430.89,9423.04,0.21000
D,2,2026.03.12,9430.89,9415.70,8994.70,9563.23,9420.52,9489.28,0.21000
D,2,2026.03.13,9420.52,9488.33,9217.21,9682.48,9527.82,9628.26,0.20000
D,2,2026.03.16,9527.82,9654.49,9266.02,9846.02,9402.88,9402.88,0.20000
D,2,2026.03.17,9402.88,9402.88,9143.58,9517.82,9407.00,9438.81,0.20000
D,2,2026.03.18,9407.00,9432.25,9411.67,9930.85,9663.23,9654.35,0.22000
D,2,2026.03.19,9663.23,9668.04,9387.86,10034.60,9867.30,9953.83,0.23000
D,2,2026.03.20,9867.30,9924.38,9765.14,10316.60,10316.60,10316.60,0.23000
D,2,2026.03.23,10316.60,10316.60,10223.66,10856.04,10638.84,10604.23,0.24000
D,2,2026.03.24,10638.84,10623.43,10328.06,10649.17,10567.17,10567.17,0.24000
D,2,2026.03.25,10567.17,10567.17,10467.63,11111.41,10712.48,10874.18,0.23000
D,2,2026.03.26,10712.48,10864.72,10313.10,10874.96,10516.10,10498.02,0.24000
D,2,2026.03.27,10516.10,10490.13,10410.33,12090.63,11826.28,11970.89,0.23000
D,2,2026.03.30,11826.28,11983.56,11950.75,13186.47,13124.41,13046.19,0.21000
D,2,2026.03.31,13124.41,13016.57,12495.02,13031.69,12890.52,12905.88,0.21000
D,2,2026.04.01,12890.52,12910.87,12550.76,13044.34,12743.98,12827.38,0.23000
D,2,2026.04.02,12743.98,12816.25,12342.29,13177.24,12880.98,12880.98,0.23000
D,2,2026.04.06,12880.98,12880.98,12224.75,12940.35,12455.09,12517.63,0.23000
D,2,2026.04.07,12455.09,12512.77,12452.33,13094.77,12778.69,12778.69,0.23000
D,2,2026.04.08,12778.69,12778.69,12683.80,13280.58,12971.74,13083.45,0.23000
D,2,2026.04.09,12971.74,13075.28,12290.39,13113.86,12327.65,12551.10,0.24000
D,2,2026.04.10,12327.65,12504.42,11703.53,12527.98,11647.84,11817.59,0.24000
D,2,2026.04.13,11647.84,12980.43,11673.55,12980.43,11834.88,11741.02,0.24000
D,2,2026.04.14,11834.88,11733.09,11672.18,12223.11,12048.12,12044.41,0.24000
D,2,2026.04.15,12048.12,12038.08,11212.52,12133.06,11355.35,11395.07,0.24000
D,2,2026.04.16,11355.35,11367.14,10834.48,11410.58,10834.48,10834.48,0.24000
D,2,2026.04.17,10834.48,10834.48,10042.29,10987.81,10231.37,10233.37,0.24000
D,2,2026.04.20,10231.37,10561.99,10340.80,10992.75,10638.79,10796.13,0.24000
D,2,2026.04.21,10638.79,10804.98,10723.21,11284.94,10855.05,10727.20,0.24000
D,2,2026.04.22,10855.05,10713.23,10292.36,10888.90,10441.05,10441.05,0.24000
D,2,2026.04.23,10441.05,10441.05,10128.04,10747.27,10732.47,10709.43,0.24000
D,2,2026.04.24,10732.47,10647.30,10221.55,10759.78,10296.61,10389.58,0.24000
D,2,2026.04.27,10296.61,10482.77,10413.56,10753.34,10628.82,10651.46,0.24000
D,2,2026.04.28,10628.82,10540.30,10297.02,11244.20,10933.70,11118.62,0.24000
D,2,2026.04.29,10933.70,11112.09,10966.33,11581.52,11056.31,11082.86,0.24000
D,2,2026.04.30,11056.31,11081.98,11063.14,11508.55,11214.43,11240.41,0.24000
D,2,2026.05.01,11214.43,11302.39,10717.10,11415.67,10675.43,10795.48,0.24000
D,2,2026.05.04,10675.43,10693.05,10663.25,11156.58,10811.13,10949.28,0.24000
D,2,2026.05.05,10811.13,10948.46,10639.24,11303.96,11125.32,11125.32,0.24000
D,2,2026.05.06,11125.32,11125.32,10989.41,11791.38,11566.45,11558.09,0.24000
D,2,2026.05.07,11566.45,11549.72,11446.20,12083.85,11665.01,11638.88,0.24000
D,2,2026.05.08,11665.01,11618.61,11238.13,11737.85,11472.41,11499.29,0.24000
D,2,2026.05.11,11472.41,11433.22,11237.53,12261.54,12058.50,12017.37,0.24000
D,2,2026.05.12,12058.50,12013.90,11713.16,12260.51,12260.51,12260.51,0.24000
D,2,2026.05.13,12260.51,12260.51,11961.81,12402.63,12235.92,12138.53,0.24000
D,2,2026.05.14,12235.92,12132.45,11313.09,12539.72,11635.23,11635.23,0.24000
D,2,2026.05.15,11635.23,11635.23,11217.64,11836.47,11720.41,11762.24,0.24000
D,2,2026.05.18,11720.41,11761.05,11145.19,11999.88,11156.08,11146.11,0.24000
D,2,2026.05.19,11156.08,11143.36,11100.74,11660.56,11370.30,11456.12,0.24000
D,2,2026.05.20,11370.30,11456.69,10895.19,11638.13,10828.42,10939.61,0.24000
D,2,2026.05.21,10828.42,10936.28,10879.45,10961.54,10828.42,10933.33,0.24000
D,2,2026.05.22,10828.42,10933.89,10880.98,10935.06,10828.42,10897.03,0.24000
D,2,2026.05.25,10828.42,10918.17,10918.17,10967.37,10828.42,10958.27,0.24000
D,2,2026.05.26,10828.42,10955.76,10868.31,10965.90,10828.42,10892.72,0.24000
D,2,2026.05.27,10828.42,10921.07,10619.60,10922.61,10672.61,10622.36,0.24000
D,2,2026.05.28,10672.61,10621.96,10459.60,11200.37,10916.51,10909.85,0.24000
D,2,2026.05.29,10916.51,10907.72,10794.40,11605.43,11387.78,11582.03,0.24000
P,4,0.03996421,0.00,-194.44,31.23,471,StructureVariant=0;SwingStrengthM1=4;ImpulseWindowBars=2;StopBufferPoints=40;RiskRR=2;RiskPercent=1;MaxExposures=3;WarmupDays=30;MagicNumber=770201;TradeComment=OBM1;ResearchRunTag=nv1_f4_grid_hi
D,4,2026.03.02,10000.00,10000.00,9776.78,10076.88,9926.10,10006.71,0.20000
D,4,2026.03.03,9926.10,10027.55,9565.39,10027.55,9574.91,9602.05,0.20000
D,4,2026.03.04,9574.91,9534.87,9079.73,9702.31,9115.03,9118.65,0.20000
D,4,2026.03.05,9115.03,9135.96,9044.94,9428.41,9021.15,9066.42,0.20000
D,4,2026.03.06,9021.15,9067.64,8757.26,9271.48,9206.50,9271.27,0.20000
D,4,2026.03.09,9206.50,9276.02,8938.90,9412.65,8898.21,8963.23,0.21000
D,4,2026.03.10,8898.21,8964.63,8714.76,9176.52,8847.86,8841.40,0.21000
D,4,2026.03.11,8847.86,8815.62,8674.57,8966.88,8707.64,8699.79,0.21000
D,4,2026.03.12,8707.64,8692.45,8280.72,8750.82,8429.41,8505.22,0.21000
D,4,2026.03.13,8429.41,8502.69,8308.48,8696.70,8592.36,8657.02,0.20000
D,4,2026.03.16,8592.36,8683.24,8533.70,8865.02,8709.06,8799.14,0.20000
D,4,2026.03.17,8709.06,8797.30,8688.58,8855.28,8644.63,8716.53,0.20000
D,4,2026.03.18,8644.63,8705.44,8653.49,9295.32,9051.78,9054.90,0.22000
D,4,2026.03.19,9051.78,9043.90,8982.04,9673.07,9579.27,9661.87,0.23000
D,4,2026.03.20,9579.27,9647.14,9502.74,9925.03,9906.82,9906.82,0.23000
D,4,2026.03.23,9906.82,9906.82,9749.75,10272.71,10055.51,10054.75,0.24000
D,4,2026.03.24,10055.51,10061.15,9783.73,10095.52,10022.84,10022.84,0.24000
D,4,2026.03.25,10022.84,10022.84,9949.29,10360.16,10128.54,10156.65,0.23000
D,4,2026.03.26,10128.54,10159.30,9401.13,10180.52,9575.13,9557.05,0.24000
D,4,2026.03.27,9575.13,9549.16,9469.36,10911.99,10851.18,10878.79,0.23000
D,4,2026.03.30,10851.18,10875.63,10850.13,11444.82,11396.79,11294.52,0.21000
D,4,2026.03.31,11396.79,11262.78,10845.71,11307.73,10975.50,10990.86,0.21000
D,4,2026.04.01,10975.50,10995.85,10724.17,11134.51,10896.40,10953.71,0.23000
D,4,2026.04.02,10896.40,10944.44,10566.00,11162.80,10921.37,10921.37,0.23000
D,4,2026.04.06,10921.37,10921.37,10436.64,10980.74,10521.01,10521.81,0.23000
D,4,2026.04.07,10521.01,10508.38,10421.92,11009.56,10784.52,10782.56,0.23000
D,4,2026.04.08,10784.52,10807.57,10731.29,11727.18,11346.33,11494.38,0.23000
D,4,2026.04.09,11346.33,11489.21,10576.37,11556.08,10619.79,10786.62,0.24000
D,4,2026.04.10,10619.79,10748.97,10326.54,10918.75,10299.77,10415.42,0.24000
D,4,2026.04.13,10299.77,11345.69,10333.93,11345.69,10478.36,10369.70,0.24000
D,4,2026.04.14,10478.36,10303.38,9971.55,10417.46,10264.90,10259.62,0.24000
D,4,2026.04.15,10264.90,10254.19,9351.99,10335.29,9366.79,9399.89,0.24000
D,4,2026.04.16,9366.79,9376.61,8930.86,9413.05,8930.86,8930.86,0.24000
D,4,2026.04.17,8930.86,8930.86,8410.41,9051.91,8588.89,8590.49,0.24000
D,4,2026.04.20,8588.89,8853.39,8663.48,9208.29,8924.43,9094.58,0.24000
D,4,2026.04.21,8924.43,9112.29,9100.29,10153.95,9863.24,9751.47,0.24000
D,4,2026.04.22,9863.24,9735.50,9536.75,10170.86,9822.36,9818.16,0.24000
D,4,2026.04.23,9822.36,9811.41,9765.73,10047.25,10025.61,10005.45,0.24000
D,4,2026.04.24,10025.61,9951.09,9704.86,10057.06,9824.18,9917.15,0.24000
D,4,2026.04.27,9824.18,10010.34,9941.13,10270.14,10145.62,10169.18,0.24000
D,4,2026.04.28,10145.62,10140.50,9916.50,10929.12,10618.62,10803.54,0.24000
D,4,2026.04.29,10618.62,10797.01,10552.89,11616.86,11091.65,11118.20,0.24000
D,4,2026.04.30,11091.65,11117.32,10776.32,11402.91,10831.84,10842.65,0.24000
D,4,2026.05.01,10831.84,10899.47,10380.71,11003.31,10339.04,10423.23,0.24000
D,4,2026.05.04,10339.04,10337.72,10312.88,11002.45,10805.23,10946.81,0.24000
D,4,2026.05.05,10805.23,10945.58,10786.85,11741.23,11578.27,11606.47,0.24000
D,4,2026.05.06,11578.27,11583.75,11352.05,12258.68,11973.11,11861.68,0.24000
D,4,2026.05.07,11973.11,11852.91,11795.37,12565.59,12083.45,11946.51,0.24000
D,4,2026.05.08,12083.45,11865.44,11300.23,12066.83,11319.72,11360.05,0.24000
D,4,2026.05.11,11319.72,11260.95,11107.93,12057.02,11853.98,11902.17,0.24000
D,4,2026.05.12,11853.98,11897.65,11453.14,12233.20,12033.51,12033.51,0.24000
D,4,2026.05.13,12033.51,12033.51,11743.09,12188.75,12044.43,11929.11,0.24000
D,4,2026.05.14,12044.43,11922.14,11161.14,12314.35,11858.59,11858.59,0.24000
D,4,2026.05.15,11858.59,11858.59,11548.55,12140.42,11951.78,11993.61,0.24000
D,4,2026.05.18,11951.78,11992.42,11193.19,12346.81,11204.08,11194.11,0.24000
D,4,2026.05.19,11204.08,11191.36,10920.43,11218.86,10893.17,10982.75,0.24000
D,4,2026.05.20,10893.17,10983.10,10337.82,11138.64,10271.05,10382.24,0.24000
D,4,2026.05.21,10271.05,10378.91,10322.08,10404.17,10271.05,10375.96,0.24000
D,4,2026.05.22,10271.05,10376.52,10323.61,10377.69,10271.05,10339.66,0.24000
D,4,2026.05.25,10271.05,10360.80,10360.80,10410.00,10271.05,10400.90,0.24000
D,4,2026.05.26,10271.05,10398.39,10310.94,10408.53,10271.05,10335.35,0.24000
D,4,2026.05.27,10271.05,10363.70,10079.96,10365.24,10224.02,10210.59,0.24000
D,4,2026.05.28,10224.02,10191.49,9951.97,10443.51,10198.83,10172.23,0.24000
D,4,2026.05.29,10198.83,10170.10,10064.36,10641.15,10471.40,10539.23,0.24000
