setup_id,dir,ob_mode,entry_mode,ob_time,ob_high,ob_low,idfvg_c1_time,idfvg_c3_time,idfvg_low,idfvg_high,bos_pivot_time,bos_pivot_conf_time,bos_level,bos_break_time,activation_time,touch_time,cfvg_c1_time,cfvg_c3_time,cfvg_low,cfvg_high,entry,sl,tp,volume,stops_level_pts,place_time_msc,order_ticket,fill_time_msc,fill_price,position_id,exit_time_msc,exit_price,exit_kind,reason,reason_time_msc,retest_seen_no_fill,idfvg_vol_ratio,cfvg_vol_ratio,market_closed_first_msc,place_attempts
2,L,1,0,1779117300,4554.93,4545.34,1779117300,1779119100,4554.93,4562.59,1779114600,1779117300,4566.94,1779118200,1779119100,1779125400,,,,,,,,,,,,,,,,,,invalidated_touched,1779128100000,0,1.2094,,,0
1,L,1,0,1779113700,4540.15,4531.82,1779113700,1779115500,4540.15,4549.46,1779104700,1779107400,4556.96,1779114600,1779115500,1779125400,,,,,,,,,,,,,,,,,,cancelled_no_fvg,1779131700000,0,1.2517,,,0
5,L,1,0,1779155100,4576.93,4572.53,1779155100,1779156900,4576.93,4583.42,1779122700,1779125400,4584.20,1779156000,1779156900,1779159600,,,,,,,,,,,,,,,,,,invalidated_touched,1779162300000,0,0.6189,,,0
4,L,1,0,1779142500,4555.67,4546.65,1779142500,1779144300,4555.67,4557.57,1779134400,1779137100,4558.25,1779144300,1779144300,1779164100,,,,,,,,,,,,,,,,,,cancelled_no_fvg,1779170400000,0,1.0306,,,0
3,L,1,0,1779140700,4543.22,4534.29,1779140700,1779142500,4543.22,4546.65,1779134400,1779137100,4558.25,1779144300,1779144300,1779174000,,,,,,,,,,,,,,,,,,cancelled_no_fvg,1779180300000,0,1.2778,,,0
7,S,1,0,1779254100,4486.87,4476.45,1779254100,1779255900,4466.10,4476.45,1779208200,1779210900,4464.93,1779255000,1779255900,1779265800,,,,,,,,,,,,,,,,,,cancelled_no_fvg,1779272100000,0,1.3653,,,0
6,S,1,0,1779247800,4507.30,4499.78,1779248700,1779250500,4496.51,4498.07,1779246000,1779248700,4479.68,1779250500,1779250500,1779286500,,,,,,,,,,,,,,,,,,cancelled_no_fvg,1779292800000,0,1.3895,,,0
8,S,1,0,1779292800,4506.20,4493.93,1779292800,1779294600,4493.04,4493.93,1779288300,1779291000,4490.84,1779293700,1779294600,,,,,,,,,,,,,,,,,,,invalidated_active,1779298200000,0,1.1605,,,0
13,S,1,0,1779354900,4539.89,4528.56,1779354900,1779356700,4526.34,4528.56,1779352200,1779354900,4518.49,1779358500,1779358500,1779361200,,,,,,,,,,,,,,,,,,cancelled_no_fvg,1779367500000,0,1.1217,,,0
9,L,1,0,1779296400,4485.13,4467.07,1779296400,1779298200,4485.13,4506.88,1779292800,1779295500,4506.20,1779297300,1779298200,,,,,,,,,,,,,,,,,,,expired_untouched,1779389100000,0,1.5777,,,0
14,S,1,0,1779368400,4535.24,4529.98,1779368400,1779370200,4518.39,4529.98,1779358500,1779361200,4512.00,1779371100,1779371100,1779393600,,,,,,,,,,,,,,,,,,invalidated_touched,1779395400000,0,1.1429,,,0
11,S,1,0,1779337800,4570.68,4561.64,1779338700,1779340500,4553.15,4559.00,1779333300,1779336000,4537.34,1779341400,1779341400,,,,,,,,,,,,,,,,,,,expired_untouched,1779432300000,0,1.1007,,,0
15,L,1,0,1779387300,4511.56,4502.26,1779388200,1779390000,4509.79,4511.97,1779386400,1779389100,4515.31,1779390000,1779390000,1779439500,,,,,,,,,,,,,,,,,,cancelled_no_fvg,1779445800000,0,1.0628,,,0
16,S,1,0,1779438600,4534.16,4525.11,1779438600,1779440400,4524.31,4525.11,1779427800,1779430500,4518.59,1779439500,1779440400,1779441300,,,,,,,,,,,,,,,,,,cancelled_no_fvg,1779447600000,0,1.0713,,,0
17,L,1,0,1779451200,4525.56,4517.25,1779452100,1779453900,4520.51,4524.69,1779448500,1779451200,4531.17,1779453900,1779453900,1779455700,,,,,,,,,,,,,,,,,,invalidated_touched,1779457500000,0,0.8949,,,0
18,S,1,0,1779454800,4536.83,4529.61,1779454800,1779456600,4525.51,4529.61,1779453000,1779455700,4514.80,1779456600,1779456600,1779462000,,,,,,,,,,,,,,,,,,cancelled_no_fvg,1779468300000,0,0.8490,,,0
20,L,1,0,1779671700,4556.40,4548.76,1779671700,1779673500,4556.40,4557.95,1779396300,1779399000,4559.31,1779673500,1779673500,1779696900,,,,,,,,,,,,,,,,,,cancelled_no_fvg,1779703200000,0,0.7183,,,0
21,S,1,0,1779695100,4565.67,4562.28,1779696000,1779697800,4560.99,4562.94,1779691500,1779694200,4556.55,1779696900,1779697800,1779702300,,,,,,,,,,,,,,,,,,cancelled_no_fvg,1779708600000,0,0.7973,,,0
23,S,1,0,1779719400,4576.16,4571.57,1779719400,1779721200,4569.42,4571.57,1779717600,1779720300,4567.63,1779721200,1779721200,1779732000,,,,,,,,,,,,,,,,,,cancelled_no_fvg,1779738300000,0,0.8714,,,0
25,S,1,0,1779739200,4577.75,4573.43,1779739200,1779741000,4571.49,4573.43,1779737400,1779740100,4567.96,1779741000,1779741000,1779757200,,,,,,,,,,,,,,,,,,invalidated_touched,1779761700000,0,0.5245,,,0
26,L,1,0,1779741900,4566.83,4563.32,1779741900,1779743700,4566.83,4567.45,1779732900,1779735600,4574.63,1779759900,1779759900,,,,,,,,,,,,,,,,,,,invalidated_active,1779763500000,0,0.5039,,,0
19,L,1,0,1779492600,4510.42,4504.48,1779492600,1779670800,4510.42,4530.85,1779481800,1779484500,4527.76,1779670800,1779670800,,,,,,,,,,,,,,,,,,,expired_untouched,1779770700000,0,0.4778,,,0
30,S,1,0,1779792300,4538.97,4525.23,1779793200,1779795000,4526.29,4527.05,1779782400,1779785100,4522.97,1779794100,1779795000,1779795900,,,,,,,,,,,,,,,,,,cancelled_no_fvg,1779802200000,0,1.1968,,,0
32,S,1,0,1779816600,4524.93,4516.89,1779816600,1779818400,4515.47,4516.89,1779814800,1779817500,4507.91,1779819300,1779819300,1779843600,,,,,,,,,,,,,,,,,,invalidated_touched,1779849900000,0,1.3556,,,0
31,S,1,0,1779803100,4540.50,4533.15,1779803100,1779804900,4532.64,4533.15,1779798600,1779801300,4512.08,1779805800,1779805800,1779843600,,,,,,,,,,,,,,,,,,cancelled_no_fvg,1779849900000,0,0.9828,,,0
27,S,1,0,1779760800,4579.20,4573.84,1779760800,1779762600,4568.54,4573.84,1779741900,1779757200,4563.32,1779762600,1779762600,,,,,,,,,,,,,,,,,,,expired_untouched,1779853500000,0,0.9106,,,0
28,S,1,0,1779763500,4562.87,4556.59,1779763500,1779765300,4553.44,4556.59,1779722100,1779724800,4552.97,1779764400,1779765300,,,,,,,,,,,,,,,,,,,expired_untouched,1779856200000,0,1.6394,,,0
34,L,1,0,1779847200,4513.68,4507.60,1779848100,1779849900,4512.13,4518.57,1779823800,1779826500,4511.22,1779848100,1779849900,1779854400,,,,,,,,,,,,,,,,,,invalidated_touched,1779858900000,0,0.8609,,,0
29,S,1,0,1779777900,4543.72,4540.80,1779777900,1779779700,4539.44,4540.80,1779774300,1779777000,4530.04,1779780600,1779780600,,,,,,,,,,,,,,,,,,,expired_untouched,1779871500000,0,0.7676,,,0
36,S,1,0,1779871500,4502.28,4491.90,1779872400,1779874200,4487.89,4493.78,1779829200,1779831900,4482.54,1779876000,1779876000,1779880500,,,,,,,,,,,,,,,,,,cancelled_no_fvg,1779886800000,0,1.3274,,,0
38,S,1,0,1779894900,4466.50,4427.58,1779895800,1779897600,4438.92,4444.68,1779893100,1779895800,4425.04,1779897600,1779897600,1779900300,,,,,,,,,,,,,,,,,,cancelled_no_fvg,1779906600000,0,1.2674,,,0
40,L,1,0,1779924600,4455.64,4451.56,1779925500,1779930900,4456.12,4456.65,1779916500,1779919200,4458.29,1779930900,1779930900,1779931800,,,,,,,,,,,,,,,,,,invalidated_touched,1779935400000,0,0.5549,,,0
39,L,1,0,1779921900,4453.72,4448.76,1779921900,1779923700,4453.72,4454.68,1779916500,1779919200,4458.29,1779930900,1779930900,1779933600,,,,,,,,,,,,,,,,,,invalidated_touched,1779937200000,0,0.5127,,,0
37,S,1,0,1779885900,4493.17,4488.24,1779885900,1779887700,4486.33,4488.24,1779874200,1779876900,4479.98,1779887700,1779887700,,,,,,,,,,,,,,,,,,,expired_untouched,1779978600000,0,0.7616,,,0
43,S,1,0,1779974100,4402.27,4393.79,1779974100,1779975900,4389.11,4393.79,1779968700,1779971400,4385.89,1779975900,1779975900,1779982200,,,,,,,,,,,,,,,,,,invalidated_touched,1779984000000,0,0.8745,,,0
41,S,1,0,1779939900,4457.89,4450.72,1779939900,1779941700,4440.42,4450.72,1779904800,1779907500,4428.17,1779941700,1779941700,,,,,,,,,,,,,,,,,,,invalidated_active,1779988500000,0,1.3946,,,0
46,S,1,0,1780006500,4502.99,4499.55,1780007400,1780009200,4498.67,4499.00,1780004700,1780007400,4498.56,1780008300,1780009200,1780010100,,,,,,,,,,,,,,,,,,cancelled_no_fvg,1780020000000,0,0.9164,,,0
44,L,1,0,1779981300,4392.84,4379.71,1779981300,1779983100,4392.84,4401.67,1779973200,1779975900,4404.12,1779983100,1779983100,,,,,,,,,,,,,,,,,,,expired_untouched,1780074000000,0,1.3493,,,0
45,L,1,0,1779985800,4430.77,4418.23,1779986700,1779988500,4434.27,4451.64,1779984000,1779986700,4439.03,1779987600,1779988500,,,,,,,,,,,,,,,,,,,expired_untouched,1780079400000,0,1.5660,,,0
50,L,1,0,1780074900,4545.00,4526.18,1780075800,1780077600,4541.75,4564.18,1779777000,1779779700,4545.38,1780076700,1780077600,1780094700,,,,,,,,,,,,,,,,,,cancelled_no_fvg,1780277400000,0,1.6507,,,0
52,S,1,0,1780290000,4533.97,4524.35,1780290900,1780292700,4525.01,4529.36,1780075800,1780078500,4525.45,1780291800,1780292700,1780293600,,,,,,,,,,,,,,,,,,cancelled_no_fvg,1780299900000,0,1.2218,,,0
51,S,1,0,1780092000,4560.18,4552.36,1780092900,1780094700,4551.63,4554.64,1780087500,1780090200,4551.64,1780093800,1780094700,,,,,,,,,,,,,,,,,,,expired_untouched,1780358400000,0,0.8941,,,0
54,L,1,0,1780369200,4485.17,4476.76,1780369200,1780371000,4485.17,4485.19,1780366500,1780369200,4488.26,1780370100,1780371000,1780371900,,,,,,,,,,,,,,,,,,invalidated_touched,1780376400000,0,1.1322,,,0
53,S,1,0,1780327800,4508.29,4497.70,1780328700,1780330500,4489.64,4498.59,1780317000,1780319700,4489.16,1780329600,1780330500,1780381800,,,,,,,,,,,,,,,,,,invalidated_touched,1780386300000,0,1.6322,,,0
56,L,1,0,1780384500,4510.19,4504.18,1780385400,1780387200,4510.97,4515.18,1780328700,1780331400,4510.45,1780386300,1780387200,1780416900,,,,,,,,,,,,,,,,,,invalidated_touched,1780419600000,0,0.7420,,,0
55,L,1,0,1780378200,4485.65,4474.44,1780378200,1780380000,4485.65,4485.72,1780371000,1780373700,4497.10,1780381800,1780381800,1780432200,,,,,,,,,,,,,,,,,,cancelled_no_fvg,1780438500000,0,0.9680,,,0
58,L,1,0,1780454700,4475.14,4469.00,1780455600,1780457400,4479.77,4481.29,1780448400,1780451100,4493.20,1780457400,1780457400,1780459200,,,,,,,,,,,,,,,,,,invalidated_touched,1780461000000,0,0.8226,,,0
60,L,1,0,1780490700,4447.91,4440.96,1780490700,1780492500,4447.91,4453.66,1780488000,1780490700,4458.96,1780491600,1780492500,1780503300,,,,,,,,,,,,,,,,,,invalidated_touched,1780505100000,0,1.5268,,,0
61,S,1,0,1780502400,4465.96,4457.97,1780502400,1780504200,4453.16,4457.97,1780489800,1780492500,4438.94,1780504200,1780504200,1780506900,,,,,,,,,,,,,,,,,,cancelled_no_fvg,1780513200000,0,1.3826,,,0
62,L,1,0,1780522200,4442.56,4436.90,1780523100,1780524900,4442.83,4446.53,1780516800,1780519500,4448.28,1780524000,1780524900,1780527600,,,,,,,,,,,,,,,,,,invalidated_touched,1780530300000,0,1.0480,,,0
59,S,1,0,1780470000,4486.95,4484.06,1780470000,1780471800,4477.33,4484.06,1780460100,1780462800,4463.34,1780475400,1780475400,,,,,,,,,,,,,,,,,,,expired_untouched,1780566300000,0,0.5564,,,0
67,L,1,0,1780554600,4470.87,4460.97,1780555500,1780557300,4464.82,4470.05,1780552800,1780555500,4477.25,1780558200,1780558200,1780561800,,,,,,,,,,,,,,,,,,cancelled_no_fvg,1780568100000,0,0.7576,,,0
68,L,1,0,1780581600,4478.72,4468.70,1780581600,1780583400,4478.72,4482.24,1780577100,1780579800,4475.61,1780582500,1780583400,1780594200,,,,,,,,,,,,,,,,,,invalidated_touched,1780596000000,0,1.1279,,,0
63,L,1,0,1780534800,4440.23,4429.44,1780535700,1780537500,4435.54,4436.70,1780524900,1780527600,4452.21,1780540200,1780540200,,,,,,,,,,,,,,,,,,,expired_untouched,1780631100000,0,0.8601,,,0
70,S,1,0,1780624800,4474.01,4464.26,1780625700,1780627500,4465.95,4466.67,1780595100,1780597800,4457.26,1780628400,1780628400,1780630200,,,,,,,,,,,,,,,,,,cancelled_no_fvg,1780636500000,0,0.7034,,,0
71,L,1,0,1780650000,4442.59,4435.32,1780650900,1780652700,4446.39,4446.86,1780646400,1780649100,4449.96,1780652700,1780652700,1780673400,,,,,,,,,,,,,,,,,,invalidated_touched,1780675200000,0,1.1642,,,0
73,S,1,0,1780692300,4343.65,4338.05,1780692300,1780694100,4330.38,4338.05,1780687800,1780690500,4323.46,1780693200,1780694100,1780885800,,,,,,,,,,,,,,,,,,invalidated_touched,1780887600000,0,1.2819,,,0
74,L,1,0,1780883100,4326.67,4315.73,1780883100,1780884900,4326.67,4328.80,1780880400,1780883100,4335.83,1780885800,1780885800,1780891200,,,,,,,,,,,,,,,,,,invalidated_touched,1780893000000,0,0.9036,,,0
76,S,1,0,1780906500,4314.16,4304.45,1780906500,1780908300,4295.81,4304.45,1780899300,1780902000,4303.58,1780907400,1780908300,1780909200,,,,,,,,,,,,,,,,,,cancelled_no_fvg,1780915500000,0,1.3451,,,0
72,S,1,0,1780675200,4420.59,4400.02,1780676100,1780677900,4391.06,4403.90,1779981300,1779984000,4379.71,1780677900,1780677900,,,,,,,,,,,,,,,,,,,expired_untouched,1780941600000,0,1.6698,,,0
79,S,1,0,1780936200,4346.63,4331.05,1780936200,1780938000,4330.80,4331.05,1780931700,1780934400,4320.28,1780938000,1780938000,1780940700,,,,,,,,,,,,,,,,,,cancelled_no_fvg,1780947000000,0,1.3008,,,0
81,S,1,0,1780969500,4328.88,4326.16,1780970400,1780972200,4322.37,4325.33,1780967700,1780970400,4322.77,1780971300,1780972200,1780977600,,,,,,,,,,,,,,,,,,invalidated_touched,1780979400000,0,0.5037,,,0
83,L,1,0,1780992000,4337.11,4330.97,1780992900,1780994700,4335.47,4341.63,1780985700,1780988400,4342.16,1780993800,1780994700,1780997400,,,,,,,,,,,,,,,,,,invalidated_touched,1780999200000,0,1.1759,,,0
77,L,1,0,1780924500,4295.94,4289.80,1780924500,1780926300,4295.94,4296.80,1780913700,1780916400,4316.88,1780927200,1780927200,,,,,,,,,,,,,,,,,,,expired_untouched,1781018100000,0,0.9435,,,0
78,L,1,0,1780926300,4305.03,4296.80,1780926300,1780928100,4305.03,4312.57,1780913700,1780916400,4316.88,1780927200,1780928100,,,,,,,,,,,,,,,,,,,expired_untouched,1781019000000,0,0.9066,,,0
84,L,1,0,1781011800,4334.99,4329.70,1781011800,1781013600,4334.99,4335.65,1781004600,1781007300,4336.79,1781012700,1781013600,1781019000,,,,,,,,,,,,,,,,,,invalidated_touched,1781024400000,0,0.7478,,,0
86,S,1,0,1781027100,4300.78,4278.60,1781028000,1781029800,4281.89,4289.50,1780921800,1780924500,4272.95,1781030700,1781030700,1781031600,,,,,,,,,,,,,,,,,,cancelled_no_fvg,1781037900000,0,1.5196,,,0
87,S,1,0,1781029800,4281.89,4263.09,1781030700,1781032500,4266.31,4272.50,1780921800,1780924500,4272.95,1781030700,1781032500,1781033400,,,,,,,,,,,,,,,,,,cancelled_no_fvg,1781039700000,0,1.5605,,,0
90,L,1,0,1781108100,4151.39,4133.02,1781108100,1781109900,4151.39,4173.85,1781105400,1781108100,4173.83,1781109000,1781109900,1781112600,,,,,,,,,,,,,,,,,,invalidated_touched,1781114400000,0,1.3256,,,0
85,S,1,0,1781019900,4344.12,4336.65,1781020800,1781022600,4334.40,4338.10,1781007300,1781010000,4324.15,1781024400,1781024400,,,,,,,,,,,,,,,,,,,expired_untouched,1781115300000,0,1.1935,,,0
88,S,1,0,1781047800,4261.90,4257.66,1781047800,1781053200,4257.39,4257.66,1781045100,1781047800,4249.93,1781055000,1781055000,,,,,,,,,,,,,,,,,,,expired_untouched,1781145900000,0,0.3644,,,0
89,S,1,0,1781054100,4256.56,4253.02,1781054100,1781055900,4249.92,4253.02,1781045100,1781047800,4249.93,1781055000,1781055900,,,,,,,,,,,,,,,,,,,expired_untouched,1781146800000,0,0.8673,,,0
91,S,1,0,1781109900,4186.24,4173.85,1781110800,1781112600,4163.30,4170.27,1781108100,1781110800,4133.02,1781113500,1781113500,,,,,,,,,,,,,,,,,,,expired_untouched,1781204400000,0,1.2360,,,0
92,S,1,0,1781118000,4132.95,4123.31,1781118900,1781120700,4123.07,4126.00,1781117100,1781119800,4106.82,1781123400,1781123400,,,,,,,,,,,,,,,,,,,invalidated_active,1781210700000,0,1.1660,,,0
96,L,1,0,1781226000,4220.37,4205.40,1781226900,1781228700,4215.79,4225.06,1781217000,1781219700,4220.00,1781227800,1781228700,1781230500,,,,,,,,,,,,,,,,,,invalidated_touched,1781235900000,0,0.7452,,,0
95,L,1,0,1781214300,4171.61,4160.39,1781214300,1781216100,4171.61,4186.17,1781209800,1781212500,4169.94,1781215200,1781216100,1781238600,,,,,,,,,,,,,,,,,,cancelled_no_fvg,1781244900000,0,1.1729,,,0
94,L,1,0,1781208000,4080.48,4071.99,1781208000,1781209800,4080.48,4101.59,1781205300,1781208000,4107.53,1781209800,1781209800,,,,,,,,,,,,,,,,,,,expired_untouched,1781300700000,0,1.1034,,,0
103,S,1,0,1781511300,4332.95,4325.97,1781511300,1781513100,4316.20,4325.97,1781507700,1781510400,4320.96,1781512200,1781513100,1781521200,,,,,,,,,,,,,,,,,,invalidated_touched,1781523900000,0,1.1915,,,0
99,L,1,0,1781285400,4193.18,4181.13,1781285400,1781287200,4193.18,4200.21,1781281800,1781284500,4210.14,1781287200,1781287200,,,,,,,,,,,,,,,,,,,expired_untouched,1781550900000,0,1.3303,,,0
106,L,1,0,1781535600,4338.64,4330.54,1781536500,1781538300,4338.13,4343.35,1781533800,1781536500,4347.46,1781538300,1781538300,1781551800,,,,,,,,,,,,,,,,,,invalidated_touched,1781555400000,0,1.0863,,,0
104,L,1,0,1781519400,4317.41,4312.02,1781519400,1781521200,4317.41,4321.71,1781511300,1781514000,4332.95,1781523000,1781523000,1781563500,,,,,,,,,,,,,,,,,,invalidated_touched,1781567100000,0,1.0342,,,0
100,L,1,0,1781303400,4210.24,4201.86,1781304300,1781306100,4211.18,4212.34,1781298900,1781301600,4235.41,1781485200,1781485200,,,,,,,,,,,,,,,,,,,expired_untouched,1781576100000,0,0.6222,,,0
101,L,1,0,1781307000,4214.54,4212.52,1781307000,1781485200,4214.54,4262.67,1781298900,1781301600,4235.41,1781485200,1781485200,,,,,,,,,,,,,,,,,,,expired_untouched,1781576100000,0,0.3499,,,0
109,S,1,0,1781563500,4320.85,4316.61,1781564400,1781566200,4312.96,4315.71,1781557200,1781559900,4318.15,1781564400,1781566200,1781577000,,,,,,,,,,,,,,,,,,cancelled_no_fvg,1781583300000,0,0.5760,,,0
102,L,1,0,1781495100,4300.04,4291.74,1781496000,1781497800,4300.35,4301.28,1781493300,1781496000,4308.15,1781497800,1781497800,,,,,,,,,,,,,,,,,,,expired_untouched,1781588700000,0,1.2613,,,0
110,L,1,0,1781579700,4315.71,4306.86,1781580600,1781582400,4313.63,4315.56,1781577000,1781579700,4319.20,1781582400,1781582400,1781584200,,,,,,,,,,,,,,,,,,cancelled_no_fvg,1781590500000,0,1.1681,,,0
111,L,1,0,1781589600,4320.94,4317.20,1781590500,1781592300,4322.61,4328.98,1781582400,1781585100,4325.87,1781591400,1781592300,1781598600,,,,,,,,,,,,,,,,,,invalidated_touched,1781600400000,0,1.0220,,,0
108,S,1,0,1781552700,4339.77,4334.53,1781553600,1781555400,4329.88,4330.75,1781536500,1781539200,4324.61,1781555400,1781555400,1781606700,,,,,,,,,,,,,,,,,,invalidated_touched,1781609400000,0,1.0109,,,0
114,L,1,0,1781622900,4345.02,4337.35,1781622900,1781624700,4345.02,4348.52,1781618400,1781621100,4349.27,1781623800,1781624700,1781625600,,,,,,,,,,,,,,,,,,invalidated_touched,1781627400000,0,1.3237,,,0
113,L,1,0,1781605800,4332.64,4326.15,1781605800,1781607600,4332.64,4332.77,1781598600,1781601300,4330.80,1781606700,1781607600,1781628300,,,,,,,,,,,,,,,,,,invalidated_touched,1781631000000,0,1.1190,,,0
112,L,1,0,1781602200,4320.19,4314.09,1781602200,1781604000,4320.19,4322.58,1781598600,1781601300,4330.80,1781606700,1781606700,1781630100,,,,,,,,,,,,,,,,,,cancelled_no_fvg,1781636400000,0,1.1454,,,0
115,S,1,0,1781624700,4354.84,4348.52,1781624700,1781626500,4344.98,4348.52,1781612100,1781614800,4338.39,1781626500,1781626500,1781668800,,,,,,,,,,,,,,,,,,cancelled_no_fvg,1781675100000,0,1.5662,,,0
118,L,1,0,1781667000,4338.90,4334.76,1781667900,1781669700,4337.85,4339.22,1781661600,1781664300,4338.33,1781668800,1781669700,1781670600,,,,,,,,,,,,,,,,,,invalidated_touched,1781676000000,0,1.4706,,,0
117,L,1,0,1781664300,4335.03,4329.52,1781664300,1781666100,4335.03,4336.62,1781661600,1781664300,4338.33,1781668800,1781668800,1781675100,,,,,,,,,,,,,,,,,,invalidated_touched,1781681400000,0,1.0420,,,0
119,L,1,0,1781712000,4334.35,4324.04,1781712900,1781714700,4338.30,4339.32,1781703900,1781706600,4335.15,1781712900,1781714700,1781718300,,,,,,,,,,,,,,,,,,cancelled_no_fvg,1781724600000,0,1.6802,,,0
122,L,1,0,1781726400,4361.10,4355.40,1781727300,1781729100,4363.98,4374.15,1781723700,1781726400,4366.43,1781728200,1781729100,,,,,,,,,,,,,,,,,,,invalidated_active,1781730900000,0,1.5499,,,0
124,L,1,0,1781739900,4262.34,4256.08,1781739900,1781745300,4262.34,4264.79,1781738100,1781744400,4269.66,1781748000,1781748000,1781784000,,,,,,,,,,,,,,,,,,cancelled_no_fvg,1781790300000,0,0.8583,,,0
123,S,1,0,1781729100,4382.15,4374.15,1781729100,1781730900,4308.33,4374.15,1781724600,1781727300,4355.12,1781730000,1781730900,,,,,,,,,,,,,,,,,,,expired_untouched,1781821800000,0,2.5888,,,0
126,S,1,0,1781770500,4323.24,4315.62,1781770500,1781772300,4311.67,4315.62,1781762400,1781765100,4309.10,1781772300,1781772300,,,,,,,,,,,,,,,,,,,expired_untouched,1781863200000,0,1.0733,,,0
127,S,1,0,1781777700,4309.42,4303.94,1781777700,1781779500,4298.74,4303.94,1781773200,1781775900,4296.23,1781779500,1781779500,,,,,,,,,,,,,,,,,,,expired_untouched,1781870400000,0,0.9692,,,0
132,S,1,0,1781847000,4183.63,4177.10,1781847900,1781849700,4170.72,4171.89,1781286300,1781289000,4177.14,1781847900,1781849700,1781867700,,,,,,,,,,,,,,,,,,cancelled_no_fvg,1781874000000,0,0.8244,,,0
134,L,1,0,1781882100,4156.09,4151.24,1781883000,1781884800,4154.64,4164.51,1781868600,1781871300,4178.48,1781883900,1781884800,1781887500,,,,,,,,,,,,,,,,,,invalidated_touched,1781889300000,0,1.3795,,,0
133,L,1,0,1781878500,4148.89,4143.28,1781879400,1781881200,4150.51,4152.34,1781868600,1781871300,4178.48,1781883900,1781883900,1781888400,,,,,,,,,,,,,,,,,,cancelled_no_fvg,1781894700000,0,0.8354,,,0
129,S,1,0,1781804700,4254.40,4240.27,1781805600,1781807400,4236.60,4246.40,1781802900,1781805600,4237.09,1781806500,1781807400,,,,,,,,,,,,,,,,,,,expired_untouched,1781898300000,0,1.2884,,,0
136,S,1,0,1782093600,4164.66,4155.36,1782094500,1782096300,4147.03,4153.77,1781891100,1781893800,4142.62,1782096300,1782096300,1782097200,,,,,,,,,,,,,,,,,,invalidated_touched,1782099000000,0,1.1646,,,0
130,S,1,0,1781815500,4233.05,4227.29,1781816400,1781818200,4226.31,4227.38,1781735400,1781738100,4219.06,1781819100,1781819100,,,,,,,,,,,,,,,,,,,expired_untouched,1782100800000,0,0.8579,,,0
131,S,1,0,1781833500,4210.57,4204.24,1781833500,1781835300,4199.46,4204.24,1781821800,1781824500,4201.54,1781834400,1781835300,,,,,,,,,,,,,,,,,,,invalidated_active,1782101700000,0,0.6763,,,0
137,L,1,0,1782096300,4147.03,4136.52,1782096300,1782098100,4147.03,4160.96,1782090000,1782092700,4159.71,1782097200,1782098100,,,,,,,,,,,,,,,,,,,expired_untouched,1782189000000,0,1.6942,,,0
143,S,1,0,1782197100,4145.02,4136.60,1782198000,1782199800,4140.27,4141.90,1782195300,1782198000,4130.85,1782200700,1782200700,1782201600,,,,,,,,,,,,,,,,,,cancelled_no_fvg,1782207900000,0,0.8221,,,0
146,S,1,0,1782262800,4114.23,4111.00,1782262800,1782264600,4108.37,4111.00,1782256500,1782262800,4107.45,1782263700,1782264600,1782270000,,,,,,,,,,,,,,,,,,cancelled_no_fvg,1782276300000,0,0.7590,,,0
147,S,1,0,1782265500,4109.07,4103.65,1782265500,1782267300,4100.84,4103.65,1782212400,1782215100,4090.84,1782268200,1782268200,1782270000,,,,,,,,,,,,,,,,,,cancelled_no_fvg,1782276300000,0,0.8135,,,0
141,S,1,0,1782186300,4194.60,4190.07,1782186300,1782188100,4185.84,4190.07,1782183600,1782186300,4178.33,1782188100,1782188100,,,,,,,,,,,,,,,,,,,expired_untouched,1782279000000,0,1.4019,,,0
142,S,1,0,1782191700,4163.46,4153.42,1782192600,1782194400,4149.65,4152.37,1782090000,1782092700,4139.36,1782196200,1782196200,,,,,,,,,,,,,,,,,,,expired_untouched,1782287100000,0,1.2235,,,0
144,S,1,0,1782246600,4132.31,4127.77,1782247500,1782249300,4125.57,4127.79,1782235800,1782238500,4122.88,1782249300,1782249300,,,,,,,,,,,,,,,,,,,expired_untouched,1782340200000,0,0.8443,,,0
145,S,1,0,1782252900,4122.35,4117.44,1782253800,1782255600,4112.87,4120.56,1782251100,1782253800,4112.85,1782254700,1782255600,,,,,,,,,,,,,,,,,,,expired_untouched,1782350100000,0,1.1603,,,0
152,L,1,0,1782352800,3998.61,3990.87,1782353700,1782355500,4000.53,4009.50,1782349200,1782351900,4008.71,1782354600,1782355500,1782357300,,,,,,,,,,,,,,,,,,invalidated_touched,1782359100000,0,0.7260,,,0
151,L,1,0,1782340200,3988.62,3979.47,1782341100,1782342900,3990.77,3992.23,1782336600,1782339300,3994.21,1782342000,1782342900,1782358200,,,,,,,,,,,,,,,,,,invalidated_touched,1782363600000,0,1.0312,,,0
153,S,1,0,1782354600,4018.62,3997.99,1782355500,1782357300,4006.24,4009.50,1782352800,1782355500,3990.87,1782358200,1782358200,1782359100,,,,,,,,,,,,,,,,,,cancelled_no_fvg,1782365400000,0,1.0501,,,0
148,S,1,0,1782300600,4087.55,4079.20,1782300600,1782302400,4078.38,4079.20,1782298800,1782301500,4073.13,1782303300,1782303300,,,,,,,,,,,,,,,,,,,expired_untouched,1782394200000,0,0.8128,,,0
149,S,1,0,1782307800,4066.86,4056.61,1782308700,1782310500,4046.83,4054.69,1782285300,1782288000,4055.04,1782309600,1782310500,,,,,,,,,,,,,,,,,,,expired_untouched,1782401400000,0,1.0170,,,0
154,L,1,0,1782410400,4020.44,4004.98,1782410400,1782412200,4020.44,4021.88,1782403200,1782405900,4034.01,1782413100,1782413100,1782436500,,,,,,,,,,,,,,,,,,cancelled_no_fvg,1782442800000,0,1.4581,,,0
155,S,1,0,1782440100,4030.17,4022.48,1782441000,1782442800,4019.81,4021.15,1782436500,1782439200,4019.81,1782441900,1782442800,1782443700,,,,,,,,,,,,,,,,,,cancelled_no_fvg,1782450000000,0,0.7325,,,0
156,S,1,0,1782449100,4022.88,4014.46,1782450000,1782451800,4009.30,4013.41,1782442800,1782445500,4011.42,1782450900,1782451800,1782459900,,,,,,,,,,,,,,,,,,invalidated_touched,1782466200000,0,0.9549,,,0
160,S,1,0,1782697500,4069.50,4062.35,1782698400,1782700200,4062.73,4065.35,1782695700,1782698400,4053.32,1782702900,1782702900,1782703800,,,,,,,,,,,,,,,,,,invalidated_touched,1782705600000,0,0.8692,,,0
157,L,1,0,1782463500,4015.35,4005.67,1782464400,1782466200,4011.70,4020.94,1782446400,1782449100,4029.61,1782467100,1782467100,,,,,,,,,,,,,,,,,,,expired_untouched,1782730800000,0,1.2320,,,0
161,S,1,0,1782734400,4055.26,4045.34,1782735300,1782737100,4044.02,4045.21,1782721800,1782724500,4039.35,1782737100,1782737100,1782745200,,,,,,,,,,,,,,,,,,cancelled_no_fvg,1782751500000,0,0.9287,,,0
163,S,1,0,1782829800,4035.03,4028.37,1782830700,1782832500,4028.63,4030.16,1782822600,1782825300,4012.41,1782834300,1782834300,1782836100,,,,,,,,,,,,,,,,,,invalidated_touched,1782839700000,0,0.9512,,,0
164,L,1,0,1782834300,4018.74,4008.66,1782834300,1782836100,4018.74,4019.06,1782830700,1782833400,4037.29,1782838800,1782838800,1782859500,,,,,,,,,,,,,,,,,,invalidated_touched,1782864000000,0,1.4294,,,0
165,S,1,0,1782858600,4023.20,4020.76,1782858600,1782860400,4020.68,4020.76,1782849600,1782852300,4020.74,1782859500,1782860400,1782861300,1782861300,1782863100,4011.56,4012.42,4011.56,4023.30,3988.08,,20,,,,,,,,,skipped_price_past,1782867600525,0,1.2004,0.3873,,1
166,S,1,0,1782860400,4020.68,4013.87,1782860400,1782862200,4013.64,4013.87,1782834300,1782837000,4008.66,1782863100,1782863100,1782867600,,,,,,,,,,,,,,,,,,cancelled_no_fvg,1782873900000,0,0.5086,,,0
162,L,1,0,1782809100,3981.73,3976.28,1782809100,1782810900,3981.73,3984.03,1782804600,1782807300,3997.99,1782810900,1782810900,1782878400,,,,,,,,,,,,,,,,,,cancelled_no_fvg,1782884700000,0,1.2851,,,0
167,S,1,0,1782894600,3978.86,3970.38,1782895500,1782897300,3969.75,3973.57,1782892800,1782895500,3969.88,1782896400,1782897300,1782898200,,,,,,,,,,,,,,,,,,cancelled_no_fvg,1782904500000,0,1.3436,,,0
168,L,1,0,1782906300,3977.36,3971.30,1782907200,1782909000,3977.56,3977.63,1782895500,1782898200,3978.87,1782909000,1782909000,,,,,,,,,,,,,,,,,,,expired_untouched,1782999900000,0,0.7699,,,0
170,S,1,0,1782932400,4088.41,4081.11,1782933300,1782935100,4076.23,4080.54,1782930600,1782933300,4076.79,1782934200,1782935100,,,,,,,,,,,,,,,,,,,invalidated_active,1783007100000,0,1.0769,,,0
169,L,1,0,1782921600,4024.91,4012.86,1782921600,1782923400,4024.91,4041.78,1782917100,1782919800,4035.48,1782922500,1782923400,,,,,,,,,,,,,,,,,,,expired_untouched,1783014300000,0,1.7510,,,0
171,L,1,0,1782960300,4036.91,4033.38,1782960300,1782962100,4036.91,4040.23,1782956700,1782959400,4045.15,1782962100,1782962100,,,,,,,,,,,,,,,,,,,expired_untouched,1783053000000,0,1.2731,,,0
172,L,1,0,1783004400,4073.53,4061.29,1783005300,1783007100,4069.63,4112.15,1782992700,1782995400,4079.93,1783006200,1783007100,,,,,,,,,,,,,,,,,,,expired_untouched,1783098000000,0,1.9401,,,0
176,S,1,0,1783093500,4177.58,4172.27,1783093500,1783095300,4172.21,4172.27,1783081800,1783084500,4168.40,1783094400,1783095300,1783101600,1783103400,1783105200,4165.77,4166.05,4165.77,4177.68,4141.95,0.06,20,1783106100064,2,1783106474435,4165.79,2,1783299660022,4178.43,sl,filled,1783106474435,0,1.1849,0.6809,,1
175,S,1,0,1783089000,4185.87,4182.60,1783089900,1783091700,4178.27,4178.57,1783081800,1783084500,4168.40,1783094400,1783094400,1783299600,,,,,,,,,,,,,,,,,,invalidated_touched,1783302300000,0,0.7570,,,0
178,L,1,0,1783303200,4191.44,4186.81,1783303200,1783305000,4191.44,4193.45,1783053000,1783055700,4195.39,1783304100,1783305000,,,,,,,,,,,,,,,,,,,invalidated_active,1783306800000,0,0.7763,,,0
177,L,1,0,1783105200,4165.77,4163.06,1783105200,1783107000,4165.77,4166.67,1783102500,1783105200,4174.36,1783107900,1783107900,1783317600,,,,,,,,,,,,,,,,,,invalidated_touched,1783320300000,0,0.5882,,,0
173,L,1,0,1783045800,4132.38,4121.15,1783046700,1783048500,4131.62,4131.76,1783016100,1783018800,4131.31,1783047600,1783048500,,,,,,,,,,,,,,,,,,,expired_untouched,1783326600000,0,1.3358,,,0
174,L,1,0,1783049400,4139.62,4133.09,1783049400,1783051200,4139.62,4146.64,1783010700,1783013400,4143.99,1783050300,1783051200,,,,,,,,,,,,,,,,,,,expired_untouched,1783329300000,0,1.0554,,,0
181,S,1,0,1783338300,4152.87,4147.11,1783339200,1783341000,4143.61,4147.90,1783332000,1783334700,4147.20,1783340100,1783341000,1783342800,,,,,,,,,,,,,,,,,,invalidated_touched,1783345500000,0,0.8240,,,0
182,S,1,0,1783350000,4158.45,4153.66,1783350000,1783351800,4146.25,4153.66,1783341000,1783343700,4136.57,1783351800,1783351800,1783367100,,,,,,,,,,,,,,,,,,invalidated_touched,1783371600000,0,1.0918,,,0
183,L,1,0,1783359000,4141.78,4128.46,1783359900,1783361700,4138.19,4138.67,1783355400,1783358100,4150.43,1783361700,1783361700,1783364400,1783365300,1783367100,4146.33,4148.74,4148.74,4128.36,4189.50,0.04,20,1783368000039,4,,,,,,,expired_unfilled,1783373400019,0,1.1234,0.9167,,1
180,S,1,0,1783334700,4166.24,4162.06,1783334700,1783336500,4158.62,4162.06,1783332000,1783334700,4147.20,1783340100,1783340100,1783372500,,,,,,,,,,,,,,,,,,cancelled_no_fvg,1783378800000,0,0.9343,,,0
184,L,1,0,1783364400,4148.40,4140.39,1783365300,1783367100,4146.33,4148.74,1783362600,1783365300,4151.93,1783367100,1783367100,1783395000,,,,,,,,,,,,,,,,,,invalidated_touched,1783398600000,0,0.9167,,,0
179,S,1,0,1783316700,4175.94,4169.95,1783316700,1783318500,4167.84,4169.95,1783306800,1783309500,4170.39,1783317600,1783318500,,,,,,,,,,,,,,,,,,,expired_untouched,1783409400000,0,1.0338,,,0
187,L,1,0,1783421100,4133.54,4124.48,1783421100,1783422900,4133.54,4134.01,1783417500,1783420200,4132.87,1783422000,1783422900,1783423800,,,,,,,,,,,,,,,,,,invalidated_touched,1783427400000,0,1.1764,,,0
185,S,1,0,1783387800,4168.45,4166.11,1783387800,1783389600,4165.61,4166.11,1783376100,1783378800,4158.86,1783392300,1783392300,,,,,,,,,,,,,,,,,,,invalidated_active,1783437300000,0,0.4365,,,0
186,S,1,0,1783394100,4160.60,4151.99,1783395000,1783396800,4147.99,4148.40,1783365300,1783368000,4140.22,1783397700,1783397700,1783435500,,,,,,,,,,,,,,,,,,invalidated_touched,1783437300000,0,1.1909,,,0
188,L,1,0,1783432800,4136.21,4131.83,1783432800,1783434600,4136.21,4139.54,1783430100,1783432800,4138.84,1783433700,1783434600,1783449900,,,,,,,,,,,,,,,,,,cancelled_no_fvg,1783456200000,0,1.0222,,,0
190,S,1,0,1783464300,4117.67,4108.11,1783465200,1783467000,4111.10,4112.31,1783020600,1783023300,4100.34,1783473300,1783473300,,,,,,,,,,,,,,,,,,,invalidated_active,1783482300000,0,0.5593,,,0
191,L,1,0,1783489500,4120.74,4113.42,1783489500,1783491300,4120.74,4124.63,1783481400,1783484100,4126.72,1783490400,1783491300,1783494900,,,,,,,,,,,,,,,,,,cancelled_no_fvg,1783501200000,0,1.2921,,,0
192,S,1,0,1783501200,4131.76,4122.12,1783502100,1783503900,4127.13,4128.81,1783499400,1783502100,4121.21,1783504800,1783504800,1783506600,1783508400,1783510200,4091.96,4116.51,4091.96,4131.86,4012.16,0.02,20,1783511100024,5,,,,,,,expired_unfilled,1783516500008,0,1.0072,1.8121,,1
193,S,1,0,1783512900,4061.00,4053.85,1783512900,1783514700,4052.78,4053.85,1782981000,1782983700,4053.20,1783513800,1783514700,1783516500,,,,,,,,,,,,,,,,,,invalidated_touched,1783521900000,0,1.3070,,,0
195,S,1,0,1783530900,4065.31,4051.47,1783530900,1783532700,4046.22,4051.47,1783521000,1783523700,4041.50,1783531800,1783532700,1783539000,,,,,,,,,,,,,,,,,,invalidated_touched,1783542600000,0,1.5073,,,0
194,S,1,0,1783528200,4080.25,4066.67,1783529100,1783530900,4065.31,4068.34,1783521000,1783523700,4041.50,1783531800,1783531800,1783540800,,,,,,,,,,,,,,,,,,cancelled_no_fvg,1783547100000,0,1.4623,,,0
189,S,1,0,1783459800,4142.39,4136.19,1783459800,1783461600,4127.71,4136.19,1783455300,1783458000,4140.59,1783460700,1783461600,,,,,,,,,,,,,,,,,,,expired_untouched,1783552500000,0,1.5131,,,0
196,L,1,0,1783545300,4075.22,4067.50,1783545300,1783547100,4075.22,4078.76,1783542600,1783545300,4076.36,1783546200,1783547100,1783552500,,,,,,,,,,,,,,,,,,cancelled_no_fvg,1783562400000,0,1.0774,,,0
197,S,1,0,1783574100,4082.60,4076.76,1783574100,1783575900,4071.80,4076.76,1783571400,1783574100,4062.40,1783576800,1783576800,1783585800,,,,,,,,,,,,,,,,,,invalidated_touched,1783588500000,0,0.8736,,,0
200,L,1,0,1783611900,4114.56,4107.50,1783611900,1783613700,4114.56,4118.60,1783595700,1783598400,4117.71,1783612800,1783613700,1783617300,,,,,,,,,,,,,,,,,,cancelled_no_fvg,1783623600000,0,1.2685,,,0
201,L,1,0,1783627200,4128.85,4125.71,1783627200,1783629000,4128.85,4129.20,1783616400,1783619100,4136.12,1783629900,1783629900,1783630800,,,,,,,,,,,,,,,,,,invalidated_touched,1783632600000,0,1.0429,,,0
202,S,1,0,1783629900,4137.93,4131.95,1783629900,1783631700,4128.75,4131.95,1783628100,1783630800,4125.03,1783631700,1783631700,1783663200,1783665000,1783666800,4120.99,4121.20,4120.99,4138.03,4086.91,,20,,,,,,,,,skipped_too_close,1783667700008,0,0.8956,0.5865,,1
203,L,1,0,1783657800,4123.48,4109.01,1783658700,1783660500,4121.27,4121.75,1783645200,1783647900,4127.47,1783662300,1783662300,1783664100,,,,,,,,,,,,,,,,,,cancelled_no_fvg,1783670400000,0,1.1524,,,0
198,L,1,0,1783582200,4064.52,4056.48,1783583100,1783584900,4064.50,4066.79,1783574100,1783576800,4082.60,1783587600,1783587600,,,,,,,,,,,,,,,,,,,expired_untouched,1783678500000,0,0.8998,,,0
199,L,1,0,1783584900,4073.72,4066.79,1783584900,1783586700,4073.72,4073.80,1783574100,1783576800,4082.60,1783587600,1783587600,,,,,,,,,,,,,,,,,,,expired_untouched,1783678500000,0,1.0204,,,0
204,L,1,0,1783705500,4107.45,4091.56,1783706400,1783708200,4100.90,4101.45,1783703700,1783706400,4108.87,1783709100,1783709100,1783710900,,,,,,,,,,,,,,,,,,cancelled_no_fvg,1783717200000,0,1.4834,,,0
206,S,1,0,1783905300,4088.09,4080.27,1783906200,1783908000,4076.68,4078.17,1783704600,1783707300,4073.56,1783908000,1783908000,1783910700,1783911600,1783913400,4075.45,4080.90,4075.45,4088.19,4049.97,0.06,20,1783914300068,6,1783914320803,4075.64,6,1783917157766,4088.57,sl,filled,1783914320803,0,0.9450,1.3091,,1
208,S,1,0,1783920600,4077.47,4064.76,1783921500,1783923300,4062.45,4068.39,1783913400,1783916100,4061.12,1783922400,1783923300,1783929600,,,,,,,,,,,,,,,,,,cancelled_no_fvg,1783935900000,0,1.0788,,,0
207,S,1,0,1783917000,4089.72,4077.67,1783917000,1783918800,4074.95,4077.67,1783908000,1783910700,4068.55,1783919700,1783919700,1783941300,,,,,,,,,,,,,,,,,,cancelled_no_fvg,1783947600000,0,1.3134,,,0
209,L,1,0,1783938600,4062.80,4056.17,1783938600,1783940400,4062.80,4063.13,1783929600,1783932300,4073.08,1783940400,1783940400,,,,,,,,,,,,,,,,,,,invalidated_active,1783950300000,0,0.8080,,,0
205,S,1,0,1783727100,4120.87,4111.54,1783727100,1783905300,4088.09,4111.54,1783720800,1783723500,4097.79,1783904400,1783905300,,,,,,,,,,,,,,,,,,,expired_untouched,1783996200000,0,,,,0
211,S,1,0,1783968300,4016.01,4010.28,1783969200,1783971000,4004.73,4012.58,1783963800,1783966500,4000.42,1783971900,1783971900,1784004300,,,,,,,,,,,,,,,,,,invalidated_touched,1784006100000,0,1.1992,,,0
210,S,1,0,1783959300,4065.94,4058.57,1783959300,1783961100,4058.23,4058.57,1783954800,1783957500,4053.52,1783961100,1783961100,,,,,,,,,,,,,,,,,,,invalidated_active,1784043900000,0,1.5422,,,0
212,L,1,0,1783998900,3996.95,3985.74,1783998900,1784000700,3996.95,4000.68,1783990800,1783993500,4006.58,1784004300,1784004300,,,,,,,,,,,,,,,,,,,expired_untouched,1784095200000,0,1.2725,,,0
215,S,1,0,1784061900,4063.83,4058.30,1784062800,1784064600,4059.53,4059.68,1784060100,1784062800,4054.41,1784064600,1784064600,1784086200,1784088000,1784089800,4054.69,4055.11,4054.69,4063.93,4036.21,0.08,20,1784090700043,8,,,,,,,expired_unfilled,1784096100023,0,0.8593,1.1979,,1
213,L,1,0,1784041200,4035.81,4025.22,1784042100,1784043900,4030.87,4069.00,1784017800,1784020500,4034.05,1784043000,1784043900,1784090700,,,,,,,,,,,,,,,,,,cancelled_no_fvg,1784097000000,0,1.4472,,,0
217,S,1,0,1784101500,4034.35,4030.24,1784101500,1784103300,4028.64,4030.24,1784097000,1784099700,4028.07,1784102400,1784103300,1784104200,,,,,,,,,,,,,,,,,,invalidated_touched,1784106000000,0,0.9834,,,0
216,S,1,0,1784087100,4060.58,4054.19,1784088000,1784089800,4054.69,4055.11,1784081700,1784084400,4046.74,1784089800,1784089800,,,,,,,,,,,,,,,,,,,invalidated_active,1784130300000,0,1.1979,,,0
218,L,1,0,1784127600,4042.56,4035.90,1784128500,1784130300,4040.76,4061.01,1784088000,1784090700,4062.09,1784129400,1784130300,1784139300,,,,,,,,,,,,,,,,,,invalidated_touched,1784143800000,0,1.6199,,,0
214,S,1,0,1784052000,4100.42,4078.74,1784052900,1784054700,4076.49,4082.50,1784049300,1784052000,4070.71,1784054700,1784054700,,,,,,,,,,,,,,,,,,,expired_untouched,1784145600000,0,1.4286,,,0
219,L,1,0,1784148300,4065.99,4060.29,1784148300,1784150100,4065.99,4066.72,1784131200,1784133900,4074.02,1784150100,1784150100,,,,,,,,,,,,,,,,,,,invalidated_active,1784152800000,0,1.1959,,,0
221,L,1,0,1784211300,4028.03,4021.20,1784211300,1784213100,4028.03,4028.74,1784204100,1784206800,4037.66,1784213100,1784213100,1784214000,,,,,,,,,,,,,,,,,,invalidated_touched,1784216700000,0,0.9995,,,0
222,S,1,0,1784230200,3992.55,3986.95,1784231100,1784232900,3988.70,3989.33,1784229300,1784232000,3982.46,1784233800,1784233800,1784234700,,,,,,,,,,,,,,,,,,cancelled_no_fvg,1784241000000,0,1.1314,,,0
220,S,1,0,1784171700,4060.31,4055.02,1784172600,1784174400,4050.51,4054.12,1784154600,1784157300,4047.91,1784173500,1784174400,,,,,,,,,,,,,,,,,,,expired_untouched,1784265300000,0,1.1253,,,0
223,L,1,0,1784254500,3980.57,3977.68,1784255400,1784257200,3981.86,3983.08,1784250000,1784252700,3980.36,1784255400,1784257200,1784263500,,,,,,,,,,,,,,,,,,invalidated_touched,1784267100000,0,0.9583,,,0
224,L,1,0,1784259000,3985.07,3980.62,1784259000,1784260800,3985.07,3987.36,1784236500,1784239200,3990.36,1784259900,1784260800,1784263500,,,,,,,,,,,,,,,,,,invalidated_touched,1784267100000,0,1.1303,,,0
225,L,1,0,1784266200,3984.13,3970.74,1784267100,1784268900,3980.08,3988.54,1784261700,1784264400,3996.12,1784268900,1784268900,1784273400,1784276100,1784277900,3981.64,3981.87,3981.87,3970.64,4004.33,0.07,20,1784278800036,9,,,,,,,expired_unfilled,1784284200003,0,1.1972,1.3141,,1
226,S,1,0,1784299500,3998.73,3991.42,1784300400,1784302200,3988.27,3988.36,1784287800,1784290500,3987.86,1784301300,1784302200,1784305800,,,,,,,,,,,,,,,,,,invalidated_touched,1784311200000,0,0.9678,,,0
229,L,1,0,1784326500,4006.69,4002.29,1784326500,1784328300,4006.69,4009.32,1784322900,1784325600,4016.11,1784331900,1784331900,,,,,,,,,,,,,,,,,,,invalidated_active,1784510100000,0,0.9627,,,0
230,L,1,0,1784330100,4012.55,4008.91,1784330100,1784331900,4012.55,4013.21,1784328300,1784331000,4016.50,1784331900,1784331900,,,,,,,,,,,,,,,,,,,invalidated_active,1784510100000,0,0.4433,,,0
228,L,1,0,1784309400,3999.60,3992.14,1784310300,1784312100,4001.33,4004.59,1784299500,1784302200,3998.73,1784310300,1784312100,1784509200,,,,,,,,,,,,,,,,,,invalidated_touched,1784513700000,0,1.4268,,,0
231,S,1,0,1784331900,4018.40,4013.21,1784331900,1784510100,4000.38,4013.21,1784326500,1784329200,4002.29,1784509200,1784510100,1784520000,1784520000,1784521800,4005.68,4005.73,4005.68,4018.50,3980.04,0.06,20,1784522700005,10,1784523762556,4005.75,10,1784526388635,4018.55,sl,filled,1784523762556,0,,1.4376,,1
232,L,1,0,1784556000,4027.31,4019.80,1784556900,1784558700,4023.93,4025.04,1784546100,1784548800,4030.66,1784557800,1784558700,,,,,,,,,,,,,,,,,,,invalidated_active,1784560500000,0,1.6653,,,0
227,L,1,0,1784304900,3975.05,3967.13,1784304900,1784306700,3975.05,3981.21,1784299500,1784302200,3998.73,1784310300,1784310300,,,,,,,,,,,,,,,,,,,expired_untouched,1784574000000,0,1.7275,,,0
234,S,1,0,1784565000,4017.39,4008.24,1784565000,1784566800,4007.86,4008.24,1784561400,1784564100,4006.55,1784565900,1784566800,1784568600,,,,,,,,,,,,,,,,,,cancelled_no_fvg,1784574900000,0,1.4423,,,0
233,S,1,0,1784557800,4040.71,4021.48,1784558700,1784560500,4014.84,4025.04,1784550600,1784553300,4014.89,1784559600,1784560500,1784604600,,,,,,,,,,,,,,,,,,cancelled_no_fvg,1784610900000,0,1.4477,,,0
236,L,1,0,1784623500,4067.91,4061.24,1784623500,1784625300,4067.91,4068.36,1784163600,1784166300,4066.69,1784624400,1784625300,1784629800,,,,,,,,,,,,,,,,,,cancelled_no_fvg,1784636100000,0,1.1722,,,0
237,S,1,0,1784640600,4070.14,4066.57,1784640600,1784642400,4063.66,4066.57,1784638800,1784641500,4060.97,1784642400,1784642400,1784654100,,,,,,,,,,,,,,,,,,invalidated_touched,1784657700000,0,0.8460,,,0
239,L,1,0,1784655000,4073.74,4062.29,1784655900,1784657700,4070.71,4073.28,1784640600,1784643300,4070.14,1784656800,1784657700,1784659500,,,,,,,,,,,,,,,,,,cancelled_no_fvg,1784665800000,0,1.3664,,,0
235,L,1,0,1784609100,4028.26,4021.43,1784610000,1784611800,4026.63,4028.01,1784607300,1784610000,4035.82,1784612700,1784612700,,,,,,,,,,,,,,,,,,,expired_untouched,1784703600000,0,0.8646,,,0
243,L,1,0,1784696400,4123.25,4118.95,1784697300,1784699100,4125.97,4126.21,1783663200,1783665900,4134.77,1784700000,1784700000,1784708100,,,,,,,,,,,,,,,,,,invalidated_touched,1784712600000,0,1.3489,,,0
244,L,1,0,1784730600,4120.56,4112.54,1784730600,1784732400,4120.56,4121.84,1784726100,1784728800,4121.82,1784731500,1784732400,1784735100,1784736000,1784737800,4125.84,4131.74,4131.74,4112.44,4170.34,0.04,20,1784738700086,12,,,,,,,expired_unfilled,1784744100033,0,0.9968,1.2569,,1
238,L,1,0,1784651400,4057.36,4044.81,1784652300,1784654100,4053.46,4061.07,1784646900,1784649600,4065.70,1784653200,1784654100,,,,,,,,,,,,,,,,,,,expired_untouched,1784745000000,0,1.5434,,,0
240,L,1,0,1784665800,4072.27,4066.81,1784666700,1784668500,4068.65,4071.20,1784658600,1784661300,4083.31,1784668500,1784668500,,,,,,,,,,,,,,,,,,,expired_untouched,1784759400000,0,0.8373,,,0
242,L,1,0,1784691000,4102.33,4089.60,1784691900,1784693700,4099.28,4111.75,1784052000,1784054700,4100.42,1784692800,1784693700,1784768400,,,,,,,,,,,,,,,,,,cancelled_no_fvg,1784774700000,0,1.7857,,,0
245,L,1,0,1784735100,4127.62,4106.69,1784736000,1784737800,4125.84,4131.74,1784710800,1784713500,4135.16,1784737800,1784737800,1784768400,,,,,,,,,,,,,,,,,,cancelled_no_fvg,1784774700000,0,1.2569,,,0
241,L,1,0,1784687400,4082.35,4079.29,1784688300,1784690100,4083.06,4092.17,1784683800,1784686500,4085.00,1784689200,1784690100,,,,,,,,,,,,,,,,,,,expired_untouched,1784781000000,0,1.3708,,,0
246,S,1,0,1784762100,4137.80,4133.87,1784762100,1784763900,4131.10,4133.87,1784760300,1784763000,4128.94,1784768400,1784768400,1784774700,,,,,,,,,,,,,,,,,,cancelled_no_fvg,1784781000000,0,0.5646,,,0
249,S,1,0,1784814300,4095.27,4087.21,1784815200,1784817000,4084.35,4086.97,1784812500,1784815200,4086.08,1784816100,1784817000,1784817900,1784818800,1784820600,4074.97,4081.20,4074.97,4095.37,4034.17,0.03,20,1784821500031,13,,,,,,,expired_unfilled,1784826900061,0,1.0716,1.3400,,1
247,S,1,0,1784780100,4140.99,4133.63,1784780100,1784781900,4123.62,4133.63,1784772000,1784774700,4116.60,1784783700,1784783700,,,,,,,,,,,,,,,,,,,expired_untouched,1784874600000,0,1.4101,,,0
251,S,1,0,1784870100,4048.20,4042.64,1784870100,1784871900,4041.81,4042.64,1784865600,1784868300,4039.97,1784871900,1784871900,1784887200,,,,,,,,,,,,,,,,,,invalidated_touched,1784889000000,0,0.9225,,,0
248,S,1,0,1784801700,4111.95,4105.48,1784801700,1784803500,4096.90,4105.48,1784768400,1784771100,4101.02,1784802600,1784803500,,,,,,,,,,,,,,,,,,,expired_untouched,1784894400000,0,1.1190,,,0
253,L,1,0,1784895300,4056.61,4052.46,1784896200,1784898000,4056.20,4057.76,1784894400,1784897100,4060.73,1784898900,1784898900,1784903400,,,,,,,,,,,,,,,,,,invalidated_touched,1784909700000,0,0.6871,,,0
250,S,1,0,1784817900,4088.91,4077.85,1784818800,1784820600,4074.97,4081.20,1784689200,1784691900,4076.77,1784819700,1784820600,,,,,,,,,,,,,,,,,,,expired_untouched,1784911500000,0,1.3400,,,0
254,S,1,0,1784907900,4056.32,4051.66,1784907900,1784909700,4049.33,4051.66,1784904300,1784907000,4051.43,1784908800,1784909700,1784910600,,,,,,,,,,,,,,,,,,invalidated_touched,1784912400000,0,1.3120,,,0
256,L,1,0,1784914200,4068.03,4059.26,1784915100,1784916900,4066.46,4071.98,1784912400,1784915100,4069.92,1784916000,1784916900,1784921400,,,,,,,,,,,,,,,,,,cancelled_no_fvg,1784927700000,0,1.5739,,,0
255,L,1,0,1784909700,4049.33,4044.87,1784910600,1784912400,4056.64,4057.29,1784899800,1784902500,4063.84,1784911500,1784912400,1784931300,1784931300,1784933100,4052.34,4052.74,4052.74,4044.77,4068.68,0.10,20,1784934000000,14,1784934842500,4052.70,14,1785114060016,4092.06,tp,filled,1784934842500,0,1.6390,1.0978,,1
257,S,1,0,1784924100,4069.83,4063.63,1784925000,1784926800,4064.47,4066.13,1784923200,1784925900,4063.00,1784926800,1784926800,,,,,,,,,,,,,,,,,,,invalidated_active,1785114900000,0,0.8659,,,0
259,L,1,0,1785118500,4086.29,4083.64,1785118500,1785120300,4086.29,4088.20,1785114000,1785116700,4097.40,1785121200,1785121200,1785132900,,,,,,,,,,,,,,,,,,cancelled_no_fvg,1785139200000,0,0.8460,,,0
252,L,1,0,1784882700,4029.22,4021.97,1784882700,1784884500,4029.22,4029.36,1784880000,1784882700,4032.17,1784884500,1784884500,,,,,,,,,,,,,,,,,,,expired_untouched,1785148200000,0,1.0798,,,0
260,L,1,0,1785140100,4094.71,4086.15,1785141000,1785142800,4090.28,4091.62,1785139200,1785141900,4094.74,1785143700,1785143700,1785144600,1785145500,1785147300,4099.02,4099.84,4099.84,4086.05,4127.42,0.06,20,1785148200123,16,1785148703272,4099.79,16,1785165507881,4085.99,sl,filled,1785148703272,0,1.1810,1.1742,,1
258,L,1,0,1784936700,4056.21,4052.11,1784936700,1785114900,4056.21,4083.78,1784932200,1784934900,4057.92,1785114000,1785114900,,,,,,,,,,,,,,,,,,,expired_untouched,1785205800000,0,,,,0
263,S,1,0,1785211200,4060.28,4053.84,1785211200,1785213000,4050.48,4053.84,1784935800,1785114900,4051.64,1785212100,1785213000,1785236400,1785240000,1785241800,4040.32,4040.63,4040.32,4060.38,4000.20,0.04,20,1785242700112,18,,,,,,,expired_unfilled,1785248100009,0,1.3668,0.8065,,1
264,S,1,0,1785239100,4046.11,4041.65,1785240000,1785241800,4040.32,4040.63,1785218400,1785221100,4040.30,1785240900,1785241800,1785263400,1785266100,1785267900,4041.06,4041.99,4041.06,4046.21,4030.76,0.16,20,1785268800017,19,1785270056519,4041.17,19,1785271227448,4030.74,tp,filled,1785270056519,0,0.8065,1.0287,,1
261,S,1,0,1785206700,4073.34,4069.87,1785206700,1785208500,4067.34,4069.87,1785201300,1785204000,4070.89,1785207600,1785208500,,,,,,,,,,,,,,,,,,,expired_untouched,1785299400000,0,1.2215,,,0
265,S,1,0,1785281400,4030.18,4027.28,1785282300,1785287700,4025.16,4026.49,1785275100,1785277800,4021.66,1785287700,1785287700,1785294900,1785296700,1785298500,4020.15,4020.40,4020.15,4030.28,3999.89,0.08,20,1785299400043,21,1785299491852,4020.15,21,1785299970193,4030.39,sl,filled,1785299491852,0,0.3432,1.4264,,1
266,S,1,0,1785295800,4027.67,4021.38,1785296700,1785298500,4020.15,4020.40,1785288600,1785291300,4013.96,1785297600,1785298500,1785299400,,,,,,,,,,,,,,,,,,invalidated_touched,1785302100000,0,1.4264,,,0
262,S,1,0,1785209400,4066.15,4060.42,1785209400,1785211200,4060.28,4060.42,1784935800,1785114900,4051.64,1785212100,1785212100,,,,,,,,,,,,,,,,,,,expired_untouched,1785303000000,0,1.1954,,,0
268,L,1,0,1785300300,4028.22,4021.86,1785301200,1785303000,4029.18,4030.66,1785294900,1785297600,4029.50,1785302100,1785303000,1785304800,,,,,,,,,,,,,,,,,,invalidated_touched,1785309300000,0,1.0075,,,0
267,L,1,0,1785297600,4021.87,4010.31,1785298500,1785300300,4020.15,4021.86,1785294900,1785297600,4029.50,1785302100,1785302100,1785308400,,,,,,,,,,,,,,,,,,cancelled_no_fvg,1785314700000,0,1.4322,,,0
269,S,1,0,1785336300,4036.13,4030.49,1785336300,1785338100,4027.48,4030.49,1785333600,1785336300,4024.94,1785338100,1785338100,1785354300,,,,,,,,,,,,,,,,,,invalidated_touched,1785356100000,0,0.8187,,,0
271,L,1,0,1785359700,4083.73,4063.85,1785360600,1785362400,4086.83,4089.95,1785200400,1785203100,4082.31,1785360600,1785362400,1785363300,,,,,,,,,,,,,,,,,,invalidated_touched,1785366000000,0,1.9029,,,0
270,L,1,0,1785357900,4048.00,4041.41,1785357900,1785359700,4048.00,4063.85,1785355200,1785357900,4050.53,1785358800,1785359700,1785365100,1785366900,1785368700,4057.33,4063.39,4063.39,4041.31,4107.55,0.03,20,1785373260619,23,,,,,,,expired_unfilled,1785378600031,1,2.0198,0.8533,1785373200582,2
274,S,1,0,1785395700,4055.24,4051.05,1785396600,1785398400,4046.08,4047.67,1785393000,1785395700,4050.71,1785396600,1785398400,1785400200,,,,,,,,,,,,,,,,,,cancelled_no_fvg,1785406500000,0,0.8828,,,0
272,S,1,0,1785385800,4089.61,4080.60,1785386700,1785388500,4083.67,4083.78,1785383100,1785385800,4064.93,1785390300,1785390300,1785418200,,,,,,,,,,,,,,,,,,cancelled_no_fvg,1785424500000,0,1.0751,,,0
273,S,1,0,1785388500,4083.67,4079.92,1785388500,1785390300,4077.01,4079.92,1785383100,1785385800,4064.93,1785390300,1785390300,1785418200,,,,,,,,,,,,,,,,,,cancelled_no_fvg,1785424500000,0,1.1890,,,0
278,L,1,0,1785487500,4076.44,4073.31,1785487500,1785489300,4076.44,4081.06,1785484800,1785487500,4083.19,1785489300,1785489300,1785491100,,,,,,,,,,,,,,,,,,invalidated_touched,1785493800000,0,0.9246,,,0
275,L,1,0,1785415500,4073.04,4062.33,1785416400,1785418200,4074.66,4075.25,1785411000,1785413700,4072.88,1785417300,1785418200,1785424500,1785428100,1785429900,4083.95,4085.60,4085.60,4062.23,4132.34,0.03,20,1785430800020,24,1785435146254,4085.54,24,1785496364869,4062.09,sl,filled,1785435146254,0,0.9626,1.5320,,1
277,S,1,0,1785474000,4090.41,4081.58,1785474900,1785476700,4078.33,4081.53,1785434400,1785437100,4083.11,1785474900,1785476700,1785484800,1785485700,1785487500,4076.44,4079.44,4076.44,4090.51,4048.30,0.05,20,1785488400013,25,1785488642657,4076.48,25,1785511791495,4048.27,tp,filled,1785488642657,0,0.9034,0.9037,,1
280,S,1,0,1785514500,4046.84,4035.53,1785514500,1785516300,4032.13,4035.53,1785400200,1785402900,4028.42,1785515400,1785516300,1785518100,,,,,,,,,,,,,,,,,,invalidated_touched,1785520800000,0,1.7270,,,0
279,S,1,0,1785510000,4059.30,4052.49,1785510000,1785511800,4051.53,4052.49,1785501000,1785503700,4050.28,1785510900,1785511800,1785528900,,,,,,,,,,,,,,,,,,cancelled_no_fvg,1785535200000,0,0.9668,,,0
276,S,1,0,1785465000,4107.25,4102.24,1785465900,1785467700,4103.77,4105.42,1785455100,1785461400,4099.14,1785467700,1785467700,,,,,,,,,,,,,,,,,,,run_end_pending,1785542219981,0,0.9160,,,0
