setup_id,seq,kind,bar_time,tick_msc,price,lo,hi,ref_id,ref_time,detail
719,1,touch,1769994000,1769994002241,4809.61,,,,,
721,2,touch,1769994000,1769994002241,4809.61,,,,,
719,3,break,1769994000,,4770.15,,,,,
721,4,break,1769994000,,4770.15,,,,,
719,5,return,1769994120,1769994172977,4835.77,,,,,
721,6,return,1769994180,1769994180176,4850.50,,,,,
721,7,cancelled_second_break,1769994180,,4845.68,,,,,
719,8,cancelled_second_break,1769994240,,4830.02,,,,,
717,9,touch,1769994660,1769994688900,4751.20,,,,,
717,10,sc_hh,1769996040,,4743.10,,,5127,1769995860,
717,11,fvg_fixed,1769996100,,,4735.40,4743.67,,1769995980,
723,12,touch,1769996220,1769996265756,4766.84,,,,,
717,13,reaction,1769996760,,,,,,,
717,14,entry_attempt,1769996820,1769996820092,4750.04,4749.77,4750.04,,,10009
717,15,fill,1769996820,1769996820092,4750.04,4691.12,4867.88,,,
724,16,touch,1769997300,1769997300079,4751.27,,,,,
723,17,cancelled_opposing_structure,1769997780,,4769.30,,,5134,1769997000,
724,18,cancelled_opposing_structure,1769997780,,4769.30,,,5134,1769997000,
717,19,exit,1769998680,1769998734188,4867.89,,,,,tp
722,20,touch,1769998860,1769998913651,4880.74,,,,,
722,21,sc_hh,1769999520,,4827.58,,,5137,1769999100,
722,22,fvg_fixed,1769999580,,,4835.07,4843.69,,1769999340,
726,23,touch,1769999760,1769999780107,4842.06,,,,,
722,24,hl,1769999940,,4844.61,,,5139,,
722,25,reaction,1770000000,,,,,,,
722,26,entry_attempt,1770000060,1770000060002,4829.19,4829.19,4829.46,,,10009
722,27,fill,1770000060,1770000060002,4829.19,4889.68,4708.21,,,
726,28,sc_hh,1770000180,,4823.30,,,5140,1770000000,
726,29,fvg_fixed,1770000240,,,4818.62,4825.85,,1770000120,
726,30,hl,1770000900,,4799.27,,,5143,,
725,31,touch,1770000960,1770001011715,4760.29,,,,,
726,32,sc_superseded,1770000960,,,,,5142,,
726,33,sc_hh,1770000960,,4777.73,,,5142,1770000720,
726,34,fvg_fixed,1770001020,,,4775.17,4779.74,,1770000900,
726,35,fvg_lapsed,1770001080,,4781.32,,,,,
726,36,sc_hh,1770001200,,4759.90,,,5144,1770001140,
725,37,break,1770001200,,4738.59,,,,,
725,38,return,1770001260,1770001263805,4743.59,,,,,
726,39,fvg_fixed,1770001260,,,4760.62,4763.89,,1770001140,
726,40,fvg_lapsed,1770001320,,4779.37,,,,,
725,41,cancelled_opposing_structure,1770001440,,4755.94,,,5145,1770000960,
722,42,exit,1770001620,1770001673617,4708.04,,,,,tp
726,43,sc_hh,1770001620,,4731.71,,,5146,1770001380,
726,44,fvg_fixed,1770001680,,,4714.22,4729.70,,1770001560,
383,45,touch,1770001740,1770001791624,4672.89,,,,,
378,46,touch,1770001740,1770001792614,4657.01,,,,,
382,47,touch,1770001740,1770001792614,4657.01,,,,,
383,48,break,1770001740,,4656.70,,,,,
378,49,break,1770001740,,4656.70,,,,,
382,50,break,1770001740,,4656.70,,,,,
346,51,touch,1770001920,1770001978357,4592.53,,,,,
378,52,return,1770002100,1770002130366,4661.51,,,,,
382,53,return,1770002100,1770002134725,4667.51,,,,,
383,54,return,1770002100,1770002152542,4672.82,,,,,
383,55,cancelled_second_break,1770002100,,4670.73,,,,,
726,56,hl,1770002580,,4710.02,,,5149,,
378,57,cancelled_second_break,1770002580,,4650.72,,,,,
382,58,cancelled_second_break,1770002580,,4650.72,,,,,
346,59,sc_hh,1770003180,,4706.96,,,5151,1770003000,
346,60,fvg_none,1770003240,,,,,,,
726,61,cancelled_opposing_structure,1770003300,,4725.14,,,5152,1770002880,
346,62,sc_hh,1770004260,,4730.86,,,5155,1770004200,
346,63,fvg_fixed,1770004320,,,4730.62,4734.83,,1770004200,
346,64,reaction,1770004380,,,,,,,
346,65,skipped_volume,1770004440,1770004440049,4737.80,4591.50,,,,0.00
346,66,reaction,1770004620,,,,,,,
346,67,skipped_volume,1770004680,1770004680089,4738.91,4591.50,,,,0.00
346,68,hl,1770004740,,4722.36,,,5158,,
346,69,reaction,1770004740,,,,,,,
346,70,skipped_volume,1770004800,1770004800085,4737.93,4591.50,,,,0.00
346,71,reaction,1770004800,,,,,,,
346,72,skipped_volume,1770004860,1770004860039,4738.55,4591.50,,,,0.00
346,73,fvg_lapsed,1770004860,,4730.19,,,,,
346,74,cancelled_opposing_structure,1770005100,,4710.33,,,5159,1770004560,
728,75,touch,1770007680,1770007692199,4739.38,,,,,
728,76,break,1770008220,,4704.09,,,,,
728,77,return,1770008400,1770008423145,4715.51,,,,,
728,78,cancelled_opposing_structure,1770008460,,4716.72,,,5170,1770007860,
730,79,touch,1770010500,1770010500010,4673.03,,,,,
730,80,sc_hh,1770010500,,4664.63,,,5176,1770009720,
730,81,fvg_fixed,1770010560,,,4662.93,4672.77,,1770010440,
730,82,reaction,1770010680,,,,,,,
730,83,entry_attempt,1770010740,1770010740007,4649.53,4649.53,4649.75,,,10009
730,84,fill,1770010740,1770010740007,4649.53,4729.78,4489.03,,,
731,85,touch,1770014400,1770014435676,4658.28,,,,,
731,86,sc_hh,1770014760,,4699.62,,,5187,1770014400,
731,87,fvg_fixed,1770014820,,,4699.34,4701.15,,1770014700,
731,88,fvg_lapsed,1770014880,,4688.53,,,,,
731,89,cancelled_opposing_structure,1770016260,,4666.79,,,5193,1770015600,
337,90,touch,1770018300,1770018319726,4571.83,,,,,
337,91,break,1770018420,,4556.40,,,,,
337,92,return,1770018600,1770018606800,4560.58,,,,,
337,93,cancelled_second_break,1770018600,,4554.33,,,,,
166,94,touch,1770018780,1770018784101,4510.68,,,,,
167,95,touch,1770018780,1770018787735,4509.81,,,,,
165,96,touch,1770018780,1770018793923,4507.75,,,,,
163,97,touch,1770018780,1770018802246,4503.83,,,,,
162,98,touch,1770018780,1770018812780,4501.38,,,,,
166,99,break,1770020400,,4507.18,,,,,
166,100,cancelled_opposing_structure,1770020400,,4507.18,,,5205,1770019680,
167,101,break,1770020400,,4507.18,,,,,
167,102,cancelled_opposing_structure,1770020400,,4507.18,,,5205,1770019680,
165,103,cancelled_opposing_structure,1770020400,,4507.18,,,5205,1770019680,
163,104,cancelled_opposing_structure,1770020400,,4507.18,,,5205,1770019680,
162,105,cancelled_opposing_structure,1770020400,,4507.18,,,5205,1770019680,
730,106,exit,1770020460,1770020500818,4488.90,,,,,tp
126,107,touch,1770020820,1770020849070,4436.98,,,,,
126,108,break,1770021420,,4428.81,,,,,
126,109,cancelled_opposing_structure,1770021420,,4428.81,,,5207,1770020820,
733,110,touch,1770021900,1770021900082,4452.16,,,,,
733,111,cancelled_opposing_structure,1770022380,,4475.52,,,5210,1770021960,
735,112,touch,1770026520,1770026530553,4563.65,,,,,
735,113,sc_hh,1770026940,,4611.48,,,5224,1770026520,
735,114,fvg_fixed,1770027000,,,4605.37,4615.63,,1770026880,
735,115,fvg_lapsed,1770027300,,4603.71,,,,,
735,116,sc_hh,1770027540,,4628.24,,,5227,1770027420,
735,117,fvg_fixed,1770027600,,,4622.74,4629.78,,1770027480,
737,118,touch,1770027900,1770027958490,4628.23,,,,,
735,119,reaction,1770028080,,,,,,,
735,120,skipped_volume,1770028140,1770028140081,4639.45,4524.69,,,,0.00
732,121,touch,1770028200,1770028230295,4649.78,,,,,
735,122,hl,1770028200,,4619.96,,,5230,,
735,123,fvg_lapsed,1770028560,,4621.79,,,,,
732,124,sc_hh,1770028620,,4619.96,,,5230,1770028200,
732,125,fvg_fixed,1770028680,,,4629.66,4632.60,,1770028380,
732,126,fvg_lapsed,1770028920,,4644.73,,,,,
738,127,touch,1770029520,1770029520936,4631.83,,,,,
732,128,sc_hh,1770030120,,4627.57,,,5237,1770030000,
732,129,fvg_fixed,1770030180,,,4620.86,4628.64,,1770030060,
732,130,fvg_lapsed,1770030300,,4634.65,,,,,
735,131,cancelled_opposing_structure,1770030420,,4626.73,,,5238,1770029880,
737,132,cancelled_opposing_structure,1770030420,,4626.73,,,5238,1770029880,
738,133,cancelled_opposing_structure,1770030420,,4626.73,,,5238,1770029880,
732,134,cancelled_opposing_structure,1770030780,,4642.08,,,5241,1770030360,
740,135,touch,1770037200,1770037204806,4712.33,,,,,
740,136,cancelled_opposing_structure,1770037500,,4715.68,,,5263,1770036900,
729,137,touch,1770038040,1770038073595,4745.63,,,,,
729,138,cancelled_opposing_structure,1770039300,,4763.52,,,5266,1770038580,
742,139,touch,1770040320,1770040362048,4763.65,,,,,
742,140,sc_hh,1770040800,,4773.78,,,5272,1770040800,
742,141,fvg_none,1770040860,,,,,,,
742,142,cancelled_opposing_structure,1770041040,,4756.24,,,5273,1770040380,
743,143,touch,1770045900,1770045900088,4738.73,,,,,
743,144,sc_hh,1770046200,,4732.06,,,5290,1770045720,
743,145,fvg_fixed,1770046260,,,4733.46,4734.12,,1770046140,
741,146,touch,1770046560,1770046593281,4698.05,,,,,
743,147,hl,1770047340,,4708.11,,,5294,,
741,148,sc_hh,1770047580,,4708.11,,,5294,1770047220,
741,149,fvg_fixed,1770047640,,,4701.99,4709.05,,1770047520,
741,150,reaction,1770047820,,,,,,,
741,151,entry_attempt,1770047880,1770047880018,4709.83,4709.63,4709.83,,,10009
741,152,fill,1770047880,1770047880018,4709.83,4669.51,4790.47,,,
744,153,touch,1770048000,1770048050694,4728.46,,,,,
743,154,cancelled_opposing_structure,1770048600,,4723.85,,,5296,1770047580,
744,155,sc_hh,1770049140,,4708.06,,,5300,1770048780,
745,156,touch,1770049200,1770049203249,4693.19,,,,,
744,157,fvg_fixed,1770049200,,,4698.52,4716.22,,1770049080,
744,158,reaction,1770049260,,,,,,,
744,159,entry_attempt,1770049320,1770049320129,4694.74,4694.74,4694.94,,,10009
744,160,fill,1770049320,1770049320129,4694.74,4753.58,4577.06,,,
746,161,touch,1770049620,1770049638242,4708.62,,,,,
745,162,sc_hh,1770049980,,4738.67,,,5301,1770049380,
746,163,break,1770049980,,4747.79,,,,,
744,164,exit,1770050040,1770050052626,4753.59,,,,,sl
745,165,fvg_fixed,1770050040,,,4732.59,4746.83,,1770049920,
741,166,exit,1770050280,1770050319600,4790.49,,,,,tp
746,167,return,1770050700,1770050749243,4738.30,,,,,
746,168,cancelled_second_break,1770050700,,4746.79,,,,,
745,169,reaction,1770050760,,,,,,,
745,170,entry_attempt,1770050820,1770050820009,4754.16,4753.96,4754.16,,,10009
745,171,fill,1770050820,1770050820009,4754.16,4669.51,4923.46,,,
747,172,touch,1770050940,1770050961020,4729.78,,,,,
747,173,sc_hh,1770051840,,4730.96,,,5306,1770051660,
747,174,fvg_fixed,1770051900,,,4728.91,4731.21,,1770051780,
747,175,reaction,1770051960,,,,,,,
747,176,entry_attempt,1770052020,1770052020003,4736.22,4736.02,4736.22,,,10009
747,177,fill,1770052020,1770052020003,4736.22,4690.42,4827.82,,,
747,178,exit,1770053040,1770053051297,4690.25,,,,,sl
745,179,exit,1770053400,1770053408305,4669.44,,,,,sl
739,180,touch,1770053520,1770053532801,4649.15,,,,,
739,181,cancelled_opposing_structure,1770054780,,4640.68,,,5315,1770053520,
749,182,touch,1770055740,1770055759709,4675.76,,,,,
749,183,break,1770056460,,4704.52,,,,,
749,184,cancelled_opposing_structure,1770056460,,4704.52,,,5320,1770056040,
751,185,touch,1770057600,1770057611398,4683.65,,,,,
752,186,touch,1770058500,1770058500092,4666.12,,,,,
752,187,break,1770059100,,4679.00,,,,,
752,188,return,1770059160,1770059160046,4678.62,,,,,
751,189,cancelled_opposing_structure,1770059160,,4697.17,,,5324,1770057780,
752,190,cancelled_second_break,1770059160,,4697.17,,,,,
753,191,touch,1770059880,1770059909163,4676.77,,,,,
754,192,touch,1770060300,1770060300010,4672.95,,,,,
754,193,sc_hh,1770060300,,4668.17,,,5329,1770060060,
754,194,fvg_none,1770060360,,,,,,,
753,195,sc_hh,1770061740,,4677.47,,,5333,1770061380,
754,196,cancelled_opposing_structure,1770061740,,4680.09,,,5334,1770061260,
753,197,fvg_fixed,1770061800,,,4673.99,4674.80,,1770061680,
753,198,reaction,1770061860,,,,,,,
753,199,entry_attempt,1770061920,1770061920031,4676.59,4676.39,4676.59,,,10009
753,200,fill,1770061920,1770061920031,4676.59,4658.31,4713.15,,,
753,201,exit,1770062460,1770062464921,4658.27,,,,,sl
750,202,touch,1770063240,1770063241507,4642.93,,,,,
756,203,touch,1770064260,1770064266494,4648.98,,,,,
750,204,sc_hh,1770064260,,4646.90,,,5341,1770064140,
750,205,fvg_fixed,1770064320,,,4636.60,4645.55,,1770064140,
750,206,reaction,1770064380,,,,,,,
750,207,entry_attempt,1770064440,1770064440108,4648.50,4648.30,4648.50,,,10009
750,208,fill,1770064440,1770064440108,4648.50,4617.08,4711.34,,,
756,209,break,1770064560,,4669.16,,,,,
755,210,touch,1770064620,1770064656230,4673.66,,,,,
756,211,return,1770064680,1770064688540,4663.98,,,,,
756,212,cancelled_second_break,1770064920,,4668.17,,,,,
755,213,sc_hh,1770065100,,4655.64,,,5344,1770064980,
755,214,fvg_fixed,1770065160,,,4657.20,4664.01,,1770064980,
755,215,fvg_lapsed,1770065220,,4665.10,,,,,
757,216,touch,1770066060,1770066064448,4643.41,,,,,
755,217,sc_hh,1770066060,,4644.74,,,5348,1770065940,
755,218,fvg_fixed,1770066120,,,4646.35,4647.54,,1770066000,
755,219,reaction,1770066180,,,,,,,
755,220,entry_attempt,1770066240,1770066240114,4642.96,4642.96,4643.16,,,10009
755,221,fill,1770066240,1770066240114,4642.96,4688.56,4551.76,,,
757,222,sc_hh,1770066660,,4650.69,,,5351,1770066540,
757,223,fvg_fixed,1770066720,,,4653.03,4658.26,,1770066600,
757,224,fvg_lapsed,1770066780,,4650.59,,,,,
757,225,sc_hh,1770068100,,4654.32,,,5355,1770067860,
757,226,fvg_fixed,1770068160,,,4652.71,4653.40,,1770068040,
755,227,exit,1770068520,1770068557162,4688.64,,,,,sl
750,228,exit,1770069060,1770069080521,4711.61,,,,,tp
757,229,hl,1770069540,,4676.93,,,5359,,
757,230,cancelled_opposing_structure,1770070020,,4669.63,,,5361,1770069600,
759,231,touch,1770070140,1770070149411,4695.00,,,,,
759,232,sc_hh,1770070860,,4669.02,,,5362,1770070260,
759,233,fvg_fixed,1770070920,,,4663.95,4672.27,,1770070800,
758,234,touch,1770070980,1770070982315,4653.99,,,,,
760,235,touch,1770071160,1770071203168,4669.46,,,,,
759,236,reaction,1770071400,,,,,,,
759,237,entry_attempt,1770071460,1770071460003,4661.55,4661.55,4661.75,,,10009
759,238,fill,1770071460,1770071460003,4661.55,4710.27,4564.11,,,
758,239,sc_hh,1770072060,,4672.66,,,5365,1770071640,
760,240,cancelled_opposing_structure,1770072060,,4682.10,,,5366,1770071340,
758,241,fvg_fixed,1770072120,,,4670.54,4681.07,,1770072000,
758,242,fvg_lapsed,1770072420,,4668.37,,,,,
758,243,cancelled_opposing_structure,1770073140,,4652.51,,,5370,1770072780,
761,244,touch,1770080400,1770080401918,4670.46,,,,,
761,245,break,1770080460,,4689.63,,,,,
759,246,exit,1770080640,1770080663436,4711.10,,,,,sl
761,247,cancelled_opposing_structure,1770081000,,4720.76,,,5383,1770080640,
748,248,touch,1770081780,1770081819082,4750.28,,,,,
748,249,cancelled_opposing_structure,1770083340,,4755.63,,,5389,1770082740,
727,250,touch,1770085440,1770085473524,4816.02,,,,,
727,251,cancelled_opposing_structure,1770086220,,4829.25,,,5394,1770085620,
764,252,touch,1770087300,1770087307401,4794.23,,,,,
765,253,touch,1770087840,1770087849422,4815.03,,,,,
764,254,sc_hh,1770087840,,4811.67,,,5401,1770087660,
764,255,fvg_fixed,1770087900,,,4784.33,4800.72,,1770087660,
764,256,reaction,1770088080,,,,,,,
764,257,entry_attempt,1770088140,1770088140109,4803.20,4803.00,4803.20,,,10009
764,258,fill,1770088140,1770088140109,4803.20,4766.29,4877.02,,,
765,259,cancelled_opposing_structure,1770088260,,4818.47,,,5404,1770087840,
766,260,touch,1770091440,1770091480667,4812.13,,,,,
766,261,break,1770092160,,4786.42,,,,,
766,262,return,1770092220,1770092224027,4794.14,,,,,
766,263,cancelled_second_break,1770092220,,4785.44,,,,,
764,264,exit,1770092760,1770092816588,4764.60,,,,,sl
763,265,touch,1770093900,1770093908523,4749.97,,,,,
768,266,touch,1770094320,1770094342370,4764.19,,,,,
763,267,sc_hh,1770094740,,4775.77,,,5424,1770094680,
769,268,touch,1770094800,1770094802370,4782.05,,,,,
763,269,fvg_fixed,1770094800,,,4774.26,4781.17,,1770094680,
768,270,break,1770094800,,4789.94,,,,,
769,271,sc_hh,1770094800,,4775.77,,,5424,1770094680,
768,272,return,1770094860,1770094872388,4787.46,,,,,
769,273,fvg_fixed,1770094860,,,4774.26,4781.17,,1770094680,
763,274,reaction,1770094920,,,,,,,
768,275,cancelled_opposing_structure,1770094920,,4787.24,,,5425,1770094440,
769,276,reaction,1770094920,,,,,,,
763,277,lost_competition,1770094920,,,,,769,,
769,278,entry_attempt,1770094980,1770094980029,4787.46,4787.26,4787.46,,,10009
769,279,fill,1770094980,1770094980029,4787.46,4757.55,4847.28,,,
763,280,fvg_lapsed,1770095280,,4773.75,,,,,
763,281,cancelled_opposing_structure,1770096000,,4761.08,,,5429,1770095520,
769,282,exit,1770096300,1770096354292,4757.37,,,,,sl
770,283,touch,1770096600,1770096635548,4780.81,,,,,
770,284,break,1770097020,,4796.38,,,,,
770,285,return,1770097980,1770097985933,4790.69,,,,,
770,286,sc_hh,1770097980,,4793.55,,,5435,1770097920,
770,287,cancelled_second_break,1770098040,,4798.87,,,,,
772,288,touch,1770099840,1770099858388,4806.25,,,,,
772,289,sc_hh,1770100620,,4819.01,,,5441,1770099840,
772,290,fvg_fixed,1770100680,,,4812.95,4820.13,,1770100560,
772,291,reaction,1770101040,,,,,,,
772,292,entry_attempt,1770101100,1770101100096,4820.87,4820.67,4820.87,,,10009
772,293,fill,1770101100,1770101100096,4820.87,4793.35,4875.91,,,
767,294,touch,1770103380,1770103398265,4828.06,,,,,
767,295,sc_hh,1770104160,,4821.47,,,5455,1770104100,
767,296,fvg_none,1770104220,,,,,,,
767,297,sc_hh,1770104700,,4818.60,,,5457,1770104400,
767,298,fvg_fixed,1770104760,,,4828.70,4829.75,,1770104400,
767,299,reaction,1770104880,,,,,,,
767,300,entry_attempt,1770104940,1770104940037,4826.20,4826.20,4826.42,,,10009
767,301,fill,1770104940,1770104940037,4826.20,4848.04,4782.52,,,
767,302,exit,1770106440,1770106457336,4848.16,,,,,sl
772,303,exit,1770107640,1770107647240,4875.92,,,,,tp
774,304,touch,1770110160,1770110217997,4881.92,,,,,
774,305,sc_hh,1770110700,,4893.47,,,5473,1770110340,
774,306,fvg_fixed,1770110760,,,4892.90,4897.58,,1770110640,
774,307,reaction,1770110940,,,,,,,
774,308,entry_attempt,1770111000,1770111000107,4900.33,4900.13,4900.33,,,10009
774,309,fill,1770111000,1770111000107,4900.33,4871.94,4957.11,,,
718,310,touch,1770111420,1770111468410,4928.67,,,,,
718,311,sc_hh,1770111900,,4920.33,,,5477,1770111660,
718,312,fvg_none,1770111960,,,,,,,
718,313,sc_hh,1770112800,,4913.21,,,5480,1770112500,
718,314,fvg_fixed,1770112860,,,4921.61,4922.92,,1770112500,
718,315,sc_superseded,1770113040,,,,,5482,,
718,316,sc_hh,1770113040,,4909.89,,,5482,1770112800,
718,317,fvg_fixed,1770113100,,,4909.62,4911.38,,1770112980,
718,318,fvg_lapsed,1770113280,,4915.38,,,,,
718,319,cancelled_opposing_structure,1770115320,,4944.86,,,5487,1770114420,
776,320,touch,1770116280,1770116297615,4920.65,,,,,
776,321,cancelled_opposing_structure,1770117480,,4908.06,,,5497,1770117000,
775,322,touch,1770118020,1770118054441,4893.21,,,,,
775,323,sc_hh,1770118560,,4903.12,,,5501,1770118440,
775,324,fvg_fixed,1770118620,,,4902.64,4908.07,,1770118500,
775,325,hl,1770120300,,4914.36,,,5505,,
775,326,sc_superseded,1770120540,,,,,5506,,
775,327,sc_hh,1770120540,,4920.34,,,5506,1770120420,
775,328,fvg_fixed,1770120600,,,4915.21,4922.02,,1770120480,
775,329,reaction,1770120660,,,,,,,
775,330,entry_attempt,1770120720,1770120720127,4927.38,4927.18,4927.38,,,10009
775,331,fill,1770120720,1770120720127,4927.38,4879.60,5022.94,,,
777,332,touch,1770123540,1770123560995,4905.11,,,,,
777,333,break,1770123720,,4889.78,,,,,
777,334,return,1770123780,1770123781973,4891.42,,,,,
778,335,touch,1770124500,1770124500044,4906.54,,,,,
778,336,break,1770124620,,4897.93,,,,,
777,337,cancelled_second_break,1770124980,,4888.88,,,,,
778,338,return,1770125160,1770125183946,4901.77,,,,,
779,339,touch,1770125160,1770125188495,4902.25,,,,,
778,340,cancelled_second_break,1770125340,,4901.13,,,,,
779,341,break,1770125580,,4914.36,,,,,
779,342,return,1770125640,1770125660475,4912.43,,,,,
779,343,cancelled_second_break,1770125640,,4913.89,,,,,
780,344,touch,1770126780,1770126802365,4899.31,,,,,
780,345,sc_hh,1770127200,,4919.32,,,5522,1770126780,
780,346,fvg_fixed,1770127260,,,4916.89,4922.89,,1770127140,
780,347,hl,1770127800,,4925.54,,,5526,,
780,348,fvg_lapsed,1770128280,,4913.57,,,,,
781,349,touch,1770128460,1770128491616,4909.65,,,,,
781,350,break,1770128700,,4895.04,,,,,
781,351,return,1770128760,1770128768425,4898.96,,,,,
781,352,cancelled_second_break,1770128880,,4895.82,,,,,
782,353,touch,1770129600,1770129600069,4911.60,,,,,
780,354,sc_hh,1770131040,,4920.37,,,5533,1770130980,
782,355,sc_hh,1770131040,,4920.37,,,5533,1770130980,
780,356,fvg_fixed,1770131100,,,4915.69,4921.18,,1770130980,
782,357,fvg_fixed,1770131100,,,4915.69,4921.18,,1770130980,
783,358,touch,1770131460,1770131487799,4918.10,,,,,
780,359,reaction,1770131580,,,,,,,
782,360,reaction,1770131580,,,,,,,
780,361,lost_competition,1770131580,,,,,782,,
782,362,entry_attempt,1770131640,1770131640040,4924.80,4924.60,4924.80,,,10009
782,363,fill,1770131640,1770131640040,4924.80,4899.02,4976.36,,,
780,364,hl,1770131700,,4917.09,,,5536,,
780,365,reaction,1770132060,,,,,,,
780,366,skipped_cap,1770132120,1770132120163,,,,,,3
780,367,reaction,1770132180,,,,,,,
780,368,skipped_cap,1770132240,1770132240123,,,,,,3
780,369,sc_superseded,1770132300,,,,,5537,,
780,370,sc_hh,1770132300,,4929.88,,,5537,1770131940,
783,371,sc_hh,1770132300,,4929.88,,,5537,1770131940,
780,372,fvg_fixed,1770132360,,,4924.78,4927.96,,1770132240,
783,373,fvg_fixed,1770132360,,,4924.78,4927.96,,1770132240,
780,374,reaction,1770132420,,,,,,,
783,375,reaction,1770132420,,,,,,,
780,376,lost_competition,1770132420,,,,,783,,
783,377,skipped_cap,1770132480,1770132480148,,,,,,3
784,378,touch,1770132900,1770132931186,4929.88,,,,,
780,379,hl,1770133080,,4929.88,,,5540,,
783,380,hl,1770133080,,4929.88,,,5540,,
780,381,sc_superseded,1770133320,,,,,5541,,
780,382,sc_hh,1770133320,,4938.89,,,5541,1770133140,
783,383,sc_superseded,1770133320,,,,,5541,,
783,384,sc_hh,1770133320,,4938.89,,,5541,1770133140,
784,385,sc_hh,1770133320,,4938.89,,,5541,1770133140,
780,386,fvg_fixed,1770133380,,,4936.50,4938.00,,1770133200,
783,387,fvg_fixed,1770133380,,,4936.50,4938.00,,1770133200,
784,388,fvg_fixed,1770133380,,,4936.50,4938.00,,1770133200,
785,389,touch,1770133800,1770133859893,4938.78,,,,,
780,390,fvg_lapsed,1770133860,,4933.35,,,,,
783,391,fvg_lapsed,1770133860,,4933.35,,,,,
784,392,fvg_lapsed,1770133860,,4933.35,,,,,
785,393,break,1770133980,,4926.90,,,,,
785,394,return,1770134160,1770134188365,4928.70,,,,,
785,395,cancelled_second_break,1770134400,,4920.09,,,,,
780,396,cancelled_opposing_structure,1770135300,,4915.15,,,5548,1770134400,
783,397,cancelled_opposing_structure,1770135300,,4915.15,,,5548,1770134400,
784,398,break,1770135300,,4915.15,,,,,
784,399,cancelled_opposing_structure,1770135300,,4915.15,,,5548,1770134400,
782,400,exit,1770135420,1770135428148,4897.72,,,,,sl
787,401,touch,1770136080,1770136114876,4919.35,,,,,
787,402,cancelled_opposing_structure,1770137520,,4925.69,,,5555,1770136860,
786,403,touch,1770138600,1770138623981,4941.81,,,,,
788,404,touch,1770139140,1770139189835,4929.02,,,,,
786,405,sc_hh,1770139140,,4932.62,,,5559,1770138960,
786,406,fvg_fixed,1770139200,,,4927.97,4933.83,,1770139080,
788,407,break,1770139440,,4913.15,,,,,
788,408,return,1770139500,1770139500049,4913.48,,,,,
789,409,touch,1770139620,1770139637475,4918.93,,,,,
789,410,sc_hh,1770139620,,4932.62,,,5559,1770138960,
789,411,fvg_fixed,1770139680,,,4923.84,4927.49,,1770139140,
786,412,reaction,1770139800,,,,,,,
789,413,reaction,1770139800,,,,,,,
786,414,lost_competition,1770139800,,,,,789,,
789,415,entry_attempt,1770139860,1770139860026,4920.73,4920.73,4920.93,,,10009
789,416,fill,1770139860,1770139860026,4920.73,4949.00,4864.19,,,
786,417,hl,1770139980,,4928.73,,,5561,,
786,418,sc_superseded,1770140100,,,,,5560,,
786,419,sc_hh,1770140100,,4908.35,,,5560,1770139800,
788,420,cancelled_second_break,1770140100,,4908.28,,,,,
786,421,fvg_none,1770140160,,,,,,,
786,422,cancelled_opposing_structure,1770142320,,4945.17,,,5567,1770141720,
789,423,exit,1770142560,1770142574583,4949.05,,,,,sl
774,424,exit,1770142560,1770142582278,4958.30,,,,,tp
714,425,touch,1770142620,1770142645271,4970.93,,,,,
714,426,cancelled_opposing_structure,1770143760,,4985.37,,,5569,1770143220,
790,427,touch,1770145680,1770145702989,4941.98,,,,,
790,428,break,1770145860,,4926.72,,,,,
790,429,return,1770145920,1770145925410,4931.85,,,,,
790,430,sc_hh,1770146280,,4962.42,,,5576,1770145860,
790,431,fvg_fixed,1770146340,,,4957.91,4961.72,,1770146220,
790,432,fvg_lapsed,1770146520,,4954.95,,,,,
792,433,touch,1770146700,1770146700077,4953.61,,,,,
790,434,cancelled_opposing_structure,1770147600,,4936.87,,,5581,1770146940,
792,435,break,1770147600,,4936.87,,,,,
792,436,cancelled_opposing_structure,1770147600,,4936.87,,,5581,1770146940,
793,437,touch,1770149220,1770149250920,4948.44,,,,,
793,438,sc_hh,1770150060,,4938.89,,,5588,1770149580,
793,439,fvg_none,1770150120,,,,,,,
793,440,sc_hh,1770150540,,4918.08,,,5590,1770150420,
793,441,fvg_fixed,1770150600,,,4917.01,4924.80,,1770150480,
793,442,reaction,1770150660,,,,,,,
793,443,entry_attempt,1770150720,1770150720056,4911.11,4911.11,4911.31,,,10009
793,444,fill,1770150720,1770150720056,4911.11,4965.16,4803.01,,,
795,445,touch,1770153060,1770153066428,4891.84,,,,,
795,446,break,1770153240,,4915.89,,,,,
795,447,sc_hh,1770153960,,4919.45,,,5600,1770153780,
795,448,fvg_none,1770154020,,,,,,,
795,449,cancelled_opposing_structure,1770154560,,4935.18,,,5604,1770154140,
794,450,touch,1770154680,1770154681969,4939.20,,,,,
797,451,touch,1770155280,1770155295212,4931.02,,,,,
794,452,sc_hh,1770155700,,4922.34,,,5604,1770154920,
797,453,break,1770155700,,4921.82,,,,,
797,454,return,1770155760,1770155761906,4922.59,,,,,
794,455,fvg_fixed,1770155760,,,4924.62,4927.37,,1770155460,
794,456,fvg_lapsed,1770155880,,4927.56,,,,,
797,457,cancelled_second_break,1770156000,,4921.99,,,,,
794,458,sc_hh,1770156180,,4916.39,,,5607,1770155880,
794,459,fvg_fixed,1770156240,,,4911.89,4913.11,,1770156120,
794,460,fvg_lapsed,1770156480,,4915.83,,,,,
799,461,touch,1770156840,1770156851234,4919.85,,,,,
799,462,break,1770157080,,4929.25,,,,,
799,463,return,1770157320,1770157352698,4928.67,,,,,
799,464,cancelled_second_break,1770157320,,4929.97,,,,,
798,465,touch,1770157620,1770157648464,4938.55,,,,,
794,466,cancelled_opposing_structure,1770157620,,4941.75,,,5613,1770157200,
798,467,break,1770158040,,4955.75,,,,,
798,468,return,1770158640,1770158649111,4948.84,,,,,
798,469,cancelled_second_break,1770158640,,4951.11,,,,,
800,470,touch,1770166800,1770166818938,4951.75,,,,,
793,471,exit,1770166860,1770166860226,4966.05,,,,,sl
800,472,break,1770166800,,4966.25,,,,,
800,473,return,1770166860,1770166873875,4957.27,,,,,
800,474,cancelled_second_break,1770166860,,4961.22,,,,,
801,475,touch,1770167220,1770167229590,4940.43,,,,,
801,476,break,1770167220,,4911.11,,,,,
801,477,return,1770167520,1770167564418,4935.01,,,,,
801,478,cancelled_second_break,1770167520,,4932.53,,,,,
802,479,touch,1770169260,1770169279577,4945.85,,,,,
802,480,cancelled_opposing_structure,1770170520,,4956.19,,,5637,1770169560,
791,481,touch,1770171180,1770171196605,4975.39,,,,,
791,482,break,1770171420,,4994.03,,,,,
791,483,return,1770171540,1770171558669,4993.81,,,,,
791,484,cancelled_second_break,1770171540,,4994.77,,,,,
803,485,touch,1770172500,1770172512934,4984.82,,,,,
803,486,break,1770173220,,4999.02,,,,,
803,487,cancelled_opposing_structure,1770173220,,4999.02,,,5645,1770172620,
775,488,exit,1770174360,1770174366828,5023.19,,,,,tp
712,489,touch,1770174600,1770174608166,5040.89,,,,,
712,490,sc_hh,1770175800,,5033.41,,,5652,1770175380,
712,491,fvg_fixed,1770175860,,,5031.14,5031.30,,1770175740,
712,492,reaction,1770175980,,,,,,,
712,493,entry_attempt,1770176040,1770176040052,5030.94,5030.94,5031.14,,,10009
712,494,fill,1770176040,1770176040052,5030.94,5057.53,4977.76,,,
804,495,touch,1770176280,1770176282836,5017.32,,,,,
804,496,sc_hh,1770177600,,5050.21,,,5657,1770177300,
804,497,fvg_fixed,1770177660,,,5047.47,5050.19,,1770177540,
712,498,exit,1770177720,1770177730429,5057.88,,,,,sl
804,499,sc_superseded,1770178020,,,,,5659,,
804,500,sc_hh,1770178020,,5063.69,,,5659,1770177960,
804,501,fvg_none,1770178080,,,,,,,
805,502,touch,1770179460,1770179508448,5049.96,,,,,
804,503,cancelled_opposing_structure,1770179460,,5049.72,,,5667,1770179040,
806,504,touch,1770180120,1770180173107,5056.22,,,,,
805,505,cancelled_opposing_structure,1770180960,,5037.87,,,5669,1770179880,
806,506,sc_hh,1770180960,,5039.29,,,5668,1770180180,
806,507,fvg_fixed,1770181020,,,5043.48,5048.21,,1770180660,
806,508,reaction,1770181080,,,,,,,
806,509,entry_attempt,1770181140,1770181140100,5039.58,5039.58,5039.78,,,10009
806,510,fill,1770181140,1770181140100,5039.58,5063.34,4992.06,,,
807,511,touch,1770181200,1770181226427,5042.22,,,,,
807,512,cancelled_opposing_structure,1770181860,,5055.98,,,5672,1770181080,
806,513,exit,1770183300,1770183308645,5063.51,,,,,sl
809,514,touch,1770186660,1770186704145,5064.75,,,,,
809,515,break,1770187560,,5074.52,,,,,
809,516,return,1770187680,1770187710707,5073.94,,,,,
809,517,cancelled_second_break,1770187680,,5074.47,,,,,
811,518,touch,1770189600,1770189636645,5080.85,,,,,
811,519,break,1770190380,,5076.71,,,,,
811,520,return,1770190440,1770190445347,5076.98,,,,,
811,521,cancelled_second_break,1770190440,,5075.73,,,,,
812,522,touch,1770190800,1770190812482,5078.85,,,,,
812,523,break,1770190860,,5085.07,,,,,
812,524,return,1770191040,1770191060732,5081.68,,,,,
812,525,cancelled_second_break,1770191100,,5085.96,,,,,
813,526,touch,1770191580,1770191635099,5085.07,,,,,
813,527,sc_hh,1770191580,,5085.17,,,5700,1770190620,
813,528,fvg_fixed,1770191640,,,5084.63,5084.87,,1770191040,
813,529,reaction,1770191640,,,,,,,
813,530,entry_attempt,1770191700,1770191700052,5087.26,5087.06,5087.26,,,10009
813,531,fill,1770191700,1770191700052,5087.26,5069.17,5123.44,,,
813,532,exit,1770192360,1770192410059,5069.00,,,,,sl
810,533,touch,1770192360,1770192413296,5064.68,,,,,
810,534,break,1770192480,,5058.24,,,,,
810,535,return,1770192540,1770192563674,5058.99,,,,,
810,536,cancelled_second_break,1770192900,,5053.38,,,,,
815,537,touch,1770194820,1770194829631,5075.27,,,,,
814,538,touch,1770195600,1770195612938,5081.40,,,,,
815,539,sc_hh,1770195660,,5072.07,,,5713,1770195600,
814,540,sc_hh,1770195660,,5072.07,,,5713,1770195600,
815,541,fvg_fixed,1770195720,,,5072.85,5076.50,,1770195600,
814,542,fvg_fixed,1770195720,,,5072.85,5076.50,,1770195600,
815,543,sc_superseded,1770196440,,,,,5716,,
815,544,sc_hh,1770196440,,5064.03,,,5716,1770195960,
814,545,sc_superseded,1770196440,,,,,5716,,
814,546,sc_hh,1770196440,,5064.03,,,5716,1770195960,
815,547,fvg_none,1770196500,,,,,,,
814,548,fvg_none,1770196500,,,,,,,
816,549,touch,1770196860,1770196909750,5073.48,,,,,
816,550,break,1770197040,,5081.38,,,,,
815,551,break,1770197160,,5086.63,,,,,
814,552,break,1770197340,,5089.45,,,,,
814,553,return,1770197400,1770197407063,5089.12,,,,,
815,554,return,1770197580,1770197635214,5082.55,,,,,
816,555,return,1770197640,1770197661969,5077.87,,,,,
817,556,touch,1770197760,1770197806774,5067.89,,,,,
818,557,touch,1770198120,1770198155080,5080.45,,,,,
816,558,cancelled_second_break,1770198120,,5081.11,,,,,
815,559,cancelled_second_break,1770198300,,5083.50,,,,,
814,560,cancelled_second_break,1770198780,,5090.28,,,,,
817,561,sc_hh,1770198780,,5087.13,,,5721,1770198660,
818,562,break,1770198780,,5090.28,,,,,
818,563,return,1770198840,1770198866310,5089.54,,,,,
817,564,fvg_fixed,1770198840,,,5086.85,5087.37,,1770198720,
818,565,cancelled_second_break,1770198900,,5090.35,,,,,
817,566,reaction,1770199080,,,,,,,
817,567,entry_attempt,1770199140,1770199140159,5088.78,5088.58,5088.78,,,10009
817,568,fill,1770199140,1770199140159,5088.78,5062.93,5140.48,,,
819,569,touch,1770201060,1770201064198,5074.34,,,,,
820,570,touch,1770201780,1770201797920,5081.78,,,,,
819,571,sc_hh,1770202620,,5082.99,,,5734,1770202380,
820,572,cancelled_opposing_structure,1770202620,,5085.02,,,5733,1770201780,
819,573,fvg_fixed,1770202680,,,5081.12,5083.83,,1770202560,
819,574,reaction,1770202800,,,,,,,
819,575,entry_attempt,1770202860,1770202860035,5085.00,5084.80,5085.00,,,10009
819,576,fill,1770202860,1770202860035,5085.00,5066.85,5121.30,,,
819,577,exit,1770203700,1770203742130,5066.50,,,,,sl
817,578,exit,1770203760,1770203779826,5062.93,,,,,sl
808,579,touch,1770204720,1770204759288,5047.69,,,,,
821,580,touch,1770207000,1770207025983,5055.64,,,,,
808,581,cancelled_opposing_structure,1770207840,,5042.73,,,5747,1770206760,
821,582,sc_hh,1770207840,,5047.32,,,5748,1770207720,
821,583,fvg_fixed,1770207900,,,5046.52,5048.66,,1770207780,
821,584,reaction,1770208020,,,,,,,
821,585,entry_attempt,1770208080,1770208080038,5044.76,5044.76,5044.96,,,10009
821,586,fill,1770208080,1770208080038,5044.76,5064.72,5004.84,,,
823,587,touch,1770212580,1770212623580,5032.24,,,,,
823,588,sc_hh,1770213000,,5039.98,,,5764,1770212640,
823,589,fvg_fixed,1770213060,,,5038.97,5039.25,,1770212940,
822,590,touch,1770213360,1770213377260,5047.51,,,,,
823,591,hl,1770214020,,5047.00,,,5768,,
822,592,sc_hh,1770214080,,5047.00,,,5768,1770213960,
822,593,fvg_fixed,1770214140,,,5046.41,5047.48,,1770214020,
824,594,touch,1770214200,1770214213369,5038.97,,,,,
825,595,touch,1770214500,1770214502297,5047.35,,,,,
822,596,fvg_lapsed,1770214500,,5048.39,,,,,
823,597,sc_superseded,1770215460,,,,,5770,,
823,598,sc_hh,1770215460,,5049.77,,,5770,1770214860,
822,599,cancelled_opposing_structure,1770215460,,5052.68,,,5771,1770214500,
824,600,sc_hh,1770215460,,5049.77,,,5770,1770214860,
825,601,cancelled_opposing_structure,1770215460,,5052.68,,,5771,1770214500,
823,602,fvg_fixed,1770215520,,,5049.26,5051.87,,1770215400,
824,603,fvg_fixed,1770215520,,,5049.26,5051.87,,1770215400,
823,604,reaction,1770216000,,,,,,,
824,605,reaction,1770216000,,,,,,,
823,606,lost_competition,1770216000,,,,,824,,
824,607,entry_attempt,1770216060,1770216060128,5052.33,5052.13,5052.33,,,10009
824,608,fill,1770216060,1770216060128,5052.33,5029.93,5097.13,,,
823,609,reaction,1770216060,,,,,,,
823,610,entry_attempt,1770216120,1770216120162,5052.48,5052.28,5052.48,,,10009
823,611,fill,1770216120,1770216120162,5052.48,5019.53,5118.38,,,
826,612,touch,1770216420,1770216459750,5049.95,,,,,
826,613,break,1770216780,,5045.02,,,,,
826,614,return,1770216840,1770216857567,5046.13,,,,,
826,615,cancelled_second_break,1770216900,,5045.24,,,,,
824,616,exit,1770217740,1770217799710,5029.91,,,,,sl
827,617,touch,1770218760,1770218760315,5052.16,,,,,
827,618,break,1770219240,,5057.18,,,,,
827,619,cancelled_opposing_structure,1770219240,,5057.18,,,5781,1770218760,
828,620,touch,1770219840,1770219848774,5034.34,,,,,
828,621,sc_hh,1770220440,,5058.82,,,5782,1770219840,
828,622,fvg_fixed,1770220500,,,5055.96,5059.02,,1770220380,
828,623,fvg_lapsed,1770220740,,5053.94,,,,,
829,624,touch,1770220860,1770220874690,5050.79,,,,,
828,625,cancelled_opposing_structure,1770222540,,5030.98,,,5788,1770221880,
829,626,break,1770222540,,5030.98,,,,,
829,627,cancelled_opposing_structure,1770222540,,5030.98,,,5788,1770221880,
823,628,exit,1770222720,1770222741633,5019.50,,,,,sl
821,629,exit,1770222720,1770222770881,5004.69,,,,,tp
796,630,touch,1770226560,1770226571871,4893.37,,,,,
796,631,sc_hh,1770227280,,4947.81,,,5799,1770227160,
796,632,fvg_none,1770227340,,,,,,,
830,633,touch,1770227820,1770227823956,4927.49,,,,,
831,634,touch,1770228660,1770228692399,4930.74,,,,,
796,635,sc_hh,1770228660,,4925.18,,,5804,1770228480,
830,636,sc_hh,1770228660,,4925.18,,,5804,1770228480,
796,637,fvg_fixed,1770228720,,,4923.22,4924.28,,1770228600,
830,638,fvg_fixed,1770228720,,,4923.22,4924.28,,1770228600,
796,639,fvg_lapsed,1770228960,,4921.34,,,,,
830,640,fvg_lapsed,1770228960,,4921.34,,,,,
796,641,cancelled_opposing_structure,1770229260,,4892.68,,,5805,1770228180,
830,642,cancelled_opposing_structure,1770229260,,4892.68,,,5805,1770228180,
831,643,sc_hh,1770229260,,4895.48,,,5803,1770228780,
831,644,fvg_fixed,1770229320,,,4902.38,4907.69,,1770229200,
831,645,reaction,1770229380,,,,,,,
831,646,entry_attempt,1770229440,1770229440119,4893.48,4893.48,4893.68,,,10009
831,647,fill,1770229440,1770229440119,4893.48,4946.61,4787.22,,,
832,648,touch,1770229620,1770229629514,4915.84,,,,,
832,649,sc_hh,1770230760,,4890.43,,,5806,1770230040,
832,650,fvg_fixed,1770230820,,,4888.89,4892.67,,1770230700,
832,651,fvg_lapsed,1770231120,,4896.12,,,,,
833,652,touch,1770231840,1770231896414,4914.82,,,,,
832,653,cancelled_opposing_structure,1770232260,,4915.28,,,5812,1770231540,
833,654,sc_hh,1770234300,,4904.29,,,5818,1770234000,
833,655,fvg_fixed,1770234360,,,4901.85,4904.04,,1770234240,
833,656,reaction,1770234480,,,,,,,
833,657,entry_attempt,1770234540,1770234540158,4896.72,4896.72,4896.92,,,10009
833,658,fill,1770234540,1770234540158,4896.72,4935.03,4820.10,,,
834,659,touch,1770236400,1770236443108,4900.61,,,,,
834,660,sc_hh,1770236700,,4918.91,,,5826,1770236460,
834,661,fvg_fixed,1770236760,,,4908.04,4918.43,,1770236640,
833,662,exit,1770236880,1770236938852,4935.29,,,,,sl
834,663,hl,1770237180,,4919.82,,,5829,,
835,664,touch,1770237360,1770237384930,4918.50,,,,,
834,665,reaction,1770237420,,,,,,,
834,666,entry_attempt,1770237480,1770237480048,4920.72,4920.52,4920.72,,,10009
834,667,fill,1770237480,1770237480048,4920.72,4872.86,5016.44,,,
835,668,sc_hh,1770238500,,4921.36,,,5833,1770238260,
835,669,fvg_fixed,1770238560,,,4920.08,4925.60,,1770238440,
835,670,fvg_lapsed,1770239040,,4915.26,,,,,
835,671,sc_hh,1770239280,,4933.43,,,5836,1770239100,
835,672,fvg_fixed,1770239340,,,4933.55,4937.23,,1770239220,
831,673,exit,1770239640,1770239688786,4946.69,,,,,sl
836,674,touch,1770240060,1770240070058,4930.35,,,,,
835,675,fvg_lapsed,1770240060,,4928.76,,,,,
835,676,sc_hh,1770241080,,4939.88,,,5840,1770240660,
836,677,sc_hh,1770241080,,4939.88,,,5840,1770240660,
835,678,fvg_fixed,1770241140,,,4935.29,4935.72,,1770240900,
836,679,fvg_fixed,1770241140,,,4935.29,4935.72,,1770240900,
835,680,sc_superseded,1770241560,,,,,5842,,
835,681,sc_hh,1770241560,,4945.05,,,5842,1770241380,
836,682,sc_superseded,1770241560,,,,,5842,,
836,683,sc_hh,1770241560,,4945.05,,,5842,1770241380,
835,684,fvg_fixed,1770241620,,,4944.97,4947.38,,1770241500,
836,685,fvg_fixed,1770241620,,,4944.97,4947.38,,1770241500,
835,686,fvg_lapsed,1770241680,,4937.53,,,,,
836,687,fvg_lapsed,1770241680,,4937.53,,,,,
835,688,sc_hh,1770241920,,4950.64,,,5843,1770241680,
836,689,sc_hh,1770241920,,4950.64,,,5843,1770241680,
835,690,fvg_fixed,1770241980,,,4945.76,4949.50,,1770241860,
836,691,fvg_fixed,1770241980,,,4945.76,4949.50,,1770241860,
835,692,fvg_lapsed,1770242040,,4937.19,,,,,
836,693,fvg_lapsed,1770242040,,4937.19,,,,,
835,694,cancelled_opposing_structure,1770243060,,4924.66,,,5848,1770242100,
836,695,cancelled_opposing_structure,1770243060,,4924.66,,,5848,1770242100,
838,696,touch,1770248760,1770248764513,4958.95,,,,,
838,697,sc_hh,1770253200,,4970.92,,,5870,1770249300,
838,698,fvg_fixed,1770253260,,,4966.33,4967.84,,1770249420,
838,699,sc_superseded,1770253980,,,,,5872,,
838,700,sc_hh,1770253980,,4999.11,,,5872,1770253560,
838,701,fvg_fixed,1770254040,,,4995.62,5000.48,,1770253920,
834,702,exit,1770254580,1770254596386,5016.53,,,,,tp
838,703,sc_superseded,1770254580,,,,,5873,,
838,704,sc_hh,1770254580,,5016.07,,,5873,1770254460,
838,705,fvg_fixed,1770254640,,,5011.84,5012.43,,1770254520,
838,706,reaction,1770254820,,,,,,,
838,707,entry_attempt,1770254880,1770254880142,5012.95,5012.75,5012.95,,,10009
838,708,fill,1770254880,1770254880142,5012.95,4952.40,5134.05,,,
839,709,touch,1770261240,1770261294979,4969.98,,,,,
838,710,exit,1770261300,1770261343933,4952.34,,,,,sl
839,711,break,1770261300,,4955.59,,,,,
839,712,return,1770262200,1770262223551,4962.77,,,,,
839,713,sc_hh,1770262200,,4960.68,,,5900,1770261960,
839,714,fvg_fixed,1770262260,,,4956.99,4962.57,,1770262140,
839,715,hl,1770263040,,4965.95,,,5903,,
839,716,sc_superseded,1770263460,,,,,5904,,
839,717,sc_hh,1770263460,,4983.41,,,5904,1770263220,
839,718,fvg_none,1770263520,,,,,,,
839,719,cancelled_second_break,1770263880,,4962.59,,,,,
837,720,touch,1770264660,1770264682162,4930.21,,,,,
837,721,break,1770264840,,4915.07,,,,,
837,722,return,1770265320,1770265322314,4921.89,,,,,
842,723,touch,1770265920,1770265972124,4920.63,,,,,
837,724,cancelled_second_break,1770265920,,4921.28,,,,,
842,725,break,1770266700,,4875.94,,,,,
773,726,touch,1770267060,1770267084137,4828.06,,,,,
773,727,break,1770267060,,4815.52,,,,,
773,728,return,1770267120,1770267121730,4816.62,,,,,
773,729,cancelled_second_break,1770267120,,4816.25,,,,,
842,730,cancelled_opposing_structure,1770267600,,4794.23,,,5914,1770267120,
843,731,touch,1770268500,1770268500028,4847.30,,,,,
843,732,sc_hh,1770268740,,4858.21,,,5917,1770268560,
843,733,fvg_none,1770268800,,,,,,,
843,734,sc_hh,1770270120,,4870.29,,,5922,1770269760,
843,735,fvg_fixed,1770270180,,,4862.21,4865.34,,1770270000,
843,736,reaction,1770270360,,,,,,,
843,737,entry_attempt,1770270420,1770270420207,4869.19,4868.99,4869.19,,,10009
843,738,fill,1770270420,1770270420207,4869.19,4807.26,4993.05,,,
846,739,touch,1770282600,1770282617826,4926.03,,,,,
846,740,cancelled_opposing_structure,1770283260,,4912.20,,,5968,1770282900,
845,741,touch,1770284520,1770284558930,4896.54,,,,,
847,742,touch,1770285780,1770285813202,4925.08,,,,,
845,743,sc_hh,1770285780,,4920.10,,,5974,1770285300,
845,744,fvg_fixed,1770285840,,,4919.29,4920.01,,1770285720,
845,745,reaction,1770285900,,,,,,,
845,746,entry_attempt,1770285960,1770285960050,4920.23,4920.03,4920.23,,,10009
845,747,fill,1770285960,1770285960050,4920.23,4878.09,5004.51,,,
847,748,sc_hh,1770287100,,4931.56,,,5980,1770286920,
847,749,fvg_fixed,1770287160,,,4931.61,4933.01,,1770287040,
847,750,hl,1770287820,,4929.75,,,5983,,
847,751,sc_superseded,1770288300,,,,,5985,,
847,752,sc_hh,1770288300,,4917.84,,,5985,1770288060,
847,753,fvg_none,1770288360,,,,,,,
847,754,sc_hh,1770288840,,4908.11,,,5987,1770288780,
847,755,fvg_none,1770288900,,,,,,,
847,756,sc_hh,1770289260,,4901.24,,,5989,1770289080,
847,757,fvg_fixed,1770289320,,,4899.51,4901.52,,1770289200,
845,758,exit,1770289500,1770289550988,4877.39,,,,,sl
844,759,touch,1770289860,1770289884181,4868.38,,,,,
847,760,sc_superseded,1770290400,,,,,5991,,
847,761,sc_hh,1770290400,,4862.69,,,5991,1770290160,
847,762,fvg_fixed,1770290460,,,4862.57,4864.56,,1770290340,
847,763,fvg_lapsed,1770290520,,4876.18,,,,,
847,764,cancelled_opposing_structure,1770291540,,4886.89,,,5994,1770290760,
844,765,sc_hh,1770291540,,4885.36,,,5995,1770291060,
844,766,fvg_fixed,1770291600,,,4879.85,4881.18,,1770291360,
844,767,reaction,1770291660,,,,,,,
844,768,entry_attempt,1770291720,1770291720034,4882.12,4881.92,4882.12,,,10009
844,769,fill,1770291720,1770291720034,4882.12,4826.59,4993.18,,,
852,770,touch,1770294000,1770294028593,4862.45,,,,,
852,771,sc_hh,1770294840,,4861.88,,,6007,1770294660,
852,772,fvg_fixed,1770294900,,,4859.83,4861.20,,1770294780,
852,773,reaction,1770295140,,,,,,,
852,774,entry_attempt,1770295200,1770295200145,4865.87,4865.67,4865.87,,,10009
852,775,fill,1770295200,1770295200145,4865.87,4847.99,4901.63,,,
851,776,touch,1770295380,1770295418290,4878.67,,,,,
851,777,cancelled_opposing_structure,1770297240,,4887.20,,,6014,1770296520,
853,778,touch,1770299460,1770299469619,4866.16,,,,,
853,779,cancelled_opposing_structure,1770300240,,4863.44,,,6027,1770299520,
852,780,exit,1770300600,1770300623480,4847.17,,,,,sl
844,781,exit,1770301140,1770301176299,4826.21,,,,,sl
855,782,touch,1770302100,1770302125804,4866.23,,,,,
856,783,touch,1770302640,1770302678692,4844.91,,,,,
855,784,sc_hh,1770303660,,4844.22,,,6036,1770302820,
856,785,cancelled_opposing_structure,1770303660,,4825.59,,,6037,1770302640,
855,786,fvg_fixed,1770303720,,,4854.28,4855.85,,1770303480,
843,787,exit,1770303960,1770303995974,4806.93,,,,,sl
855,788,hl,1770304440,,4840.38,,,6040,,
855,789,cancelled_opposing_structure,1770304680,,4841.07,,,6041,1770304260,
857,790,touch,1770304860,1770304909964,4849.02,,,,,
857,791,sc_hh,1770305940,,4841.75,,,6044,1770305520,
857,792,fvg_fixed,1770306000,,,4846.15,4847.41,,1770305880,
858,793,touch,1770306720,1770306762760,4841.76,,,,,
857,794,hl,1770307020,,4846.63,,,6049,,
857,795,reaction,1770307020,,,,,,,
857,796,entry_attempt,1770307080,1770307080037,4835.76,4835.76,4835.96,,,10009
857,797,fill,1770307080,1770307080037,4835.76,4868.48,4770.32,,,
858,798,sc_hh,1770307260,,4820.72,,,6047,1770306840,
858,799,fvg_fixed,1770307320,,,4835.77,4838.82,,1770306960,
858,800,reaction,1770307380,,,,,,,
858,801,entry_attempt,1770307440,1770307440112,4825.95,4825.95,4826.15,,,10009
858,802,fill,1770307440,1770307440112,4825.95,4868.15,4741.55,,,
859,803,touch,1770309000,1770309000088,4835.29,,,,,
859,804,sc_hh,1770309480,,4838.11,,,6054,1770309180,
859,805,fvg_fixed,1770309540,,,4833.75,4840.78,,1770309420,
859,806,reaction,1770310140,,,,,,,
859,807,entry_attempt,1770310200,1770310200069,4850.37,4850.17,4850.37,,,10009
859,808,fill,1770310200,1770310200069,4850.37,4805.79,4939.53,,,
858,809,exit,1770310260,1770310288399,4868.30,,,,,sl
857,810,exit,1770310260,1770310289906,4868.50,,,,,sl
860,811,touch,1770310860,1770310915777,4835.42,,,,,
860,812,cancelled_opposing_structure,1770312420,,4817.33,,,6064,1770311700,
861,813,touch,1770312960,1770312986880,4823.56,,,,,
859,814,exit,1770313560,1770313563347,4805.65,,,,,sl
861,815,sc_hh,1770313560,,4810.39,,,6068,1770313140,
861,816,fvg_fixed,1770313620,,,4807.17,4810.10,,1770313500,
861,817,fvg_lapsed,1770313740,,4815.36,,,,,
861,818,cancelled_opposing_structure,1770314460,,4827.04,,,6072,1770313920,
854,819,touch,1770317400,1770317401898,4887.66,,,,,
854,820,break,1770317400,,4899.30,,,,,
850,821,touch,1770317640,1770317666886,4903.56,,,,,
854,822,return,1770317700,1770317719972,4893.27,,,,,
854,823,sc_hh,1770318720,,4870.03,,,6086,1770318600,
850,824,sc_hh,1770318720,,4870.03,,,6086,1770318600,
854,825,fvg_fixed,1770318780,,,4872.84,4874.31,,1770318600,
850,826,fvg_fixed,1770318780,,,4872.84,4874.31,,1770318600,
854,827,fvg_lapsed,1770318840,,4875.57,,,,,
850,828,fvg_lapsed,1770318840,,4875.57,,,,,
854,829,sc_hh,1770319260,,4866.05,,,6088,1770319080,
850,830,sc_hh,1770319260,,4866.05,,,6088,1770319080,
854,831,fvg_fixed,1770319320,,,4870.16,4871.35,,1770319140,
854,832,reaction,1770319320,,,,,,,
850,833,fvg_fixed,1770319320,,,4870.16,4871.35,,1770319140,
850,834,reaction,1770319320,,,,,,,
854,835,lost_competition,1770319320,,,,,850,,
850,836,entry_attempt,1770319380,1770319380017,4863.47,4863.47,4863.67,,,10009
850,837,fill,1770319380,1770319380017,4863.47,4918.79,4752.83,,,
854,838,fvg_lapsed,1770319440,,4874.25,,,,,
854,839,cancelled_opposing_structure,1770320400,,4875.70,,,6093,1770319560,
863,840,touch,1770320760,1770320811141,4884.09,,,,,
863,841,sc_hh,1770321360,,4871.96,,,6097,1770321180,
863,842,fvg_fixed,1770321420,,,4870.38,4873.72,,1770321300,
863,843,reaction,1770321660,,,,,,,
863,844,entry_attempt,1770321720,1770321720024,4869.40,4869.40,4869.60,,,10009
863,845,fill,1770321720,1770321720024,4869.40,4907.19,4793.82,,,
864,846,touch,1770325200,1770325200112,4858.21,,,,,
864,847,sc_hh,1770325500,,4851.28,,,6109,1770325320,
864,848,fvg_none,1770325560,,,,,,,
864,849,cancelled_opposing_structure,1770326760,,4858.05,,,6115,1770326460,
862,850,touch,1770327000,1770327009813,4840.11,,,,,
862,851,sc_hh,1770328140,,4841.66,,,6121,1770327780,
862,852,fvg_none,1770328200,,,,,,,
862,853,break,1770328800,,4816.42,,,,,
862,854,return,1770328860,1770328876164,4820.41,,,,,
862,855,cancelled_opposing_structure,1770328920,,4822.69,,,6124,1770328380,
865,856,touch,1770329340,1770329374660,4836.84,,,,,
865,857,sc_hh,1770329940,,4827.74,,,6128,1770329640,
865,858,fvg_fixed,1770330000,,,4824.81,4827.78,,1770329880,
866,859,touch,1770330300,1770330300056,4820.79,,,,,
866,860,sc_hh,1770330300,,4827.74,,,6128,1770329640,
866,861,fvg_fixed,1770330360,,,4824.81,4827.78,,1770329880,
865,862,fvg_lapsed,1770330600,,4828.40,,,,,
866,863,fvg_lapsed,1770330600,,4828.40,,,,,
865,864,sc_hh,1770331020,,4816.12,,,6131,1770330900,
866,865,sc_hh,1770331020,,4816.12,,,6131,1770330900,
865,866,fvg_fixed,1770331080,,,4813.82,4818.65,,1770330960,
866,867,fvg_fixed,1770331080,,,4813.82,4818.65,,1770330960,
865,868,reaction,1770331320,,,,,,,
866,869,reaction,1770331320,,,,,,,
865,870,lost_competition,1770331320,,,,,866,,
866,871,entry_attempt,1770331380,1770331380020,4809.67,4809.67,4809.87,,,10009
866,872,fill,1770331380,1770331380020,4809.67,4837.39,4754.23,,,
865,873,hl,1770331440,,4816.55,,,6132,,
865,874,reaction,1770331560,,,,,,,
865,875,skipped_cap,1770331620,1770331620045,,,,,,3
865,876,sc_superseded,1770331680,,,,,6133,,
865,877,sc_hh,1770331680,,4806.94,,,6133,1770331500,
865,878,fvg_fixed,1770331740,,,4806.20,4808.22,,1770331620,
865,879,reaction,1770331980,,,,,,,
865,880,skipped_cap,1770332040,1770332040119,,,,,,3
865,881,reaction,1770332040,,,,,,,
865,882,skipped_cap,1770332100,1770332100065,,,,,,3
863,883,exit,1770332100,1770332105741,4793.25,,,,,tp
865,884,fvg_lapsed,1770332220,,4812.07,,,,,
867,885,touch,1770333000,1770333040631,4807.35,,,,,
865,886,sc_hh,1770333360,,4804.68,,,6138,1770333300,
865,887,fvg_fixed,1770333420,,,4802.49,4806.09,,1770333300,
867,888,cancelled_opposing_structure,1770333540,,4804.28,,,6139,1770333120,
865,889,fvg_lapsed,1770333600,,4807.13,,,,,
865,890,sc_hh,1770334380,,4795.42,,,6142,1770334080,
771,891,touch,1770334440,1770334466406,4771.48,,,,,
865,892,fvg_fixed,1770334440,,,4788.53,4794.34,,1770334320,
865,893,sc_superseded,1770334800,,,,,6144,,
865,894,sc_hh,1770334800,,4762.43,,,6144,1770334440,
865,895,fvg_fixed,1770334860,,,4772.30,4772.75,,1770334680,
865,896,fvg_lapsed,1770334920,,4773.42,,,,,
865,897,sc_hh,1770335400,,4762.44,,,6147,1770335160,
865,898,fvg_fixed,1770335460,,,4763.07,4768.12,,1770335340,
865,899,fvg_lapsed,1770335520,,4771.65,,,,,
771,900,sc_hh,1770335580,,4777.29,,,6146,1770335520,
771,901,fvg_fixed,1770335640,,,4772.08,4775.03,,1770335520,
865,902,cancelled_opposing_structure,1770335760,,4777.32,,,6148,1770334920,
869,903,touch,1770339600,1770339643367,4776.67,,,,,
771,904,fvg_lapsed,1770339600,,4762.90,,,,,
771,905,sc_hh,1770340140,,4778.06,,,6151,1770339960,
869,906,sc_hh,1770340140,,4778.06,,,6151,1770339960,
771,907,fvg_fixed,1770340200,,,4777.30,4777.79,,1770340080,
869,908,fvg_fixed,1770340200,,,4777.30,4777.79,,1770340080,
771,909,fvg_lapsed,1770340260,,4775.53,,,,,
869,910,fvg_lapsed,1770340260,,4775.53,,,,,
869,911,break,1770340980,,4759.69,,,,,
869,912,return,1770341040,1770341040370,4759.82,,,,,
771,913,break,1770341040,,4755.65,,,,,
771,914,cancelled_opposing_structure,1770341040,,4755.65,,,6152,1770339660,
869,915,cancelled_second_break,1770341040,,4755.65,,,,,
866,916,exit,1770341160,1770341193685,4754.20,,,,,tp
850,917,exit,1770341160,1770341207648,4751.36,,,,,tp
762,918,touch,1770344220,1770344235287,4664.53,,,,,
872,919,touch,1770344580,1770344603410,4684.89,,,,,
872,920,break,1770344640,,4703.60,,,,,
872,921,return,1770344700,1770344702017,4699.94,,,,,
762,922,sc_hh,1770344760,,4705.83,,,6159,1770344220,
872,923,cancelled_second_break,1770344760,,4714.41,,,,,
762,924,fvg_fixed,1770344820,,,4703.80,4710.44,,1770344700,
762,925,reaction,1770344940,,,,,,,
762,926,entry_attempt,1770345000,1770345000112,4724.06,4723.86,4724.06,,,10009
762,927,fill,1770345000,1770345000112,4724.06,4653.24,4865.70,,,
871,928,touch,1770345300,1770345327774,4738.62,,,,,
871,929,break,1770345720,,4758.24,,,,,
871,930,return,1770345780,1770345792287,4755.06,,,,,
871,931,cancelled_second_break,1770345780,,4757.99,,,,,
874,932,touch,1770348780,1770348800624,4736.16,,,,,
875,933,touch,1770349320,1770349362439,4730.15,,,,,
875,934,sc_hh,1770349560,,4747.04,,,6177,1770349380,
874,935,cancelled_opposing_structure,1770349620,,4749.96,,,6178,1770348960,
875,936,fvg_fixed,1770349620,,,4743.49,4743.60,,1770349500,
870,937,touch,1770350040,1770350058024,4767.74,,,,,
870,938,break,1770350100,,4783.81,,,,,
870,939,return,1770350160,1770350164742,4778.01,,,,,
875,940,hl,1770350460,,4765.11,,,6180,,
875,941,sc_superseded,1770350760,,,,,6181,,
875,942,sc_hh,1770350760,,4780.41,,,6181,1770350640,
870,943,cancelled_second_break,1770350760,,4782.82,,,,,
875,944,fvg_fixed,1770350820,,,4770.85,4777.01,,1770350640,
868,945,touch,1770351000,1770351018719,4795.53,,,,,
875,946,sc_superseded,1770351540,,,,,6183,,
875,947,sc_hh,1770351540,,4796.59,,,6183,1770351360,
875,948,fvg_fixed,1770351600,,,4790.40,4793.96,,1770351360,
868,949,cancelled_opposing_structure,1770351600,,4798.63,,,6184,1770351120,
875,950,reaction,1770351840,,,,,,,
875,951,entry_attempt,1770351900,1770351900076,4795.29,4795.09,4795.29,,,10009
875,952,fill,1770351900,1770351900076,4795.29,4709.68,4966.51,,,
879,953,touch,1770358920,1770358938580,4813.47,,,,,
879,954,sc_hh,1770359220,,4825.98,,,6209,1770358980,
879,955,fvg_fixed,1770359280,,,4822.70,4825.56,,1770359160,
879,956,reaction,1770359400,,,,,,,
879,957,entry_attempt,1770359460,1770359460175,4831.44,4831.24,4831.44,,,10009
879,958,fill,1770359460,1770359460175,4831.44,4800.95,4892.42,,,
880,959,touch,1770360300,1770360336152,4819.78,,,,,
880,960,cancelled_opposing_structure,1770360960,,4814.60,,,6216,1770360300,
762,961,exit,1770363600,1770363627867,4865.72,,,,,tp
879,962,exit,1770364620,1770364652361,4892.44,,,,,tp
883,963,touch,1770367620,1770367626450,4848.65,,,,,
881,964,touch,1770368160,1770368182123,4825.78,,,,,
883,965,sc_hh,1770368160,,4836.73,,,6232,1770367860,
883,966,fvg_fixed,1770368220,,,4833.18,4839.17,,1770368100,
883,967,fvg_lapsed,1770368280,,4840.90,,,,,
883,968,cancelled_opposing_structure,1770369900,,4860.84,,,6238,1770369060,
881,969,sc_hh,1770369900,,4854.59,,,6236,1770369540,
881,970,fvg_fixed,1770369960,,,4851.54,4857.52,,1770369840,
881,971,fvg_lapsed,1770370380,,4849.10,,,,,
881,972,sc_hh,1770370980,,4856.99,,,6241,1770370920,
881,973,fvg_none,1770371040,,,,,,,
881,974,cancelled_opposing_structure,1770371940,,4841.16,,,6246,1770371220,
885,975,touch,1770375600,1770375648828,4867.14,,,,,
885,976,sc_hh,1770375660,,4854.79,,,6255,1770375600,
885,977,fvg_fixed,1770375720,,,4857.22,4860.44,,1770375600,
884,978,touch,1770375780,1770375805373,4844.79,,,,,
885,979,hl,1770376560,,4852.43,,,6259,,
884,980,sc_hh,1770376860,,4852.49,,,6261,1770376740,
886,981,touch,1770376920,1770376951498,4856.27,,,,,
884,982,fvg_fixed,1770376920,,,4850.49,4852.54,,1770376800,
885,983,cancelled_opposing_structure,1770376980,,4860.36,,,6262,1770376620,
886,984,break,1770377340,,4863.77,,,,,
886,985,return,1770377520,1770377578030,4861.43,,,,,
886,986,cancelled_second_break,1770377580,,4865.28,,,,,
884,987,sc_superseded,1770377700,,,,,6263,,
884,988,sc_hh,1770377700,,4867.01,,,6263,1770377160,
884,989,fvg_fixed,1770377760,,,4859.76,4861.54,,1770377220,
884,990,reaction,1770378180,,,,,,,
884,991,entry_attempt,1770378240,1770378240152,4863.27,4863.07,4863.27,,,10009
884,992,fill,1770378240,1770378240152,4863.27,4829.50,4930.81,,,
888,993,touch,1770380100,1770380100369,4870.60,,,,,
888,994,break,1770380460,,4862.17,,,,,
888,995,return,1770380520,1770380521140,4863.03,,,,,
888,996,cancelled_second_break,1770380520,,4857.01,,,,,
887,997,touch,1770380880,1770380900244,4852.34,,,,,
889,998,touch,1770381300,1770381351056,4870.47,,,,,
887,999,sc_hh,1770381540,,4870.73,,,6275,1770381420,
887,1000,fvg_fixed,1770381600,,,4869.19,4872.98,,1770381480,
887,1001,reaction,1770381660,,,,,,,
889,1002,cancelled_opposing_structure,1770381660,,4874.39,,,6276,1770381300,
887,1003,entry_attempt,1770381720,1770381720119,4874.63,4874.43,4874.63,,,10009
887,1004,fill,1770381720,1770381720119,4874.63,4839.79,4944.31,,,
882,1005,touch,1770382860,1770382907817,4884.96,,,,,
882,1006,sc_hh,1770383100,,4872.19,,,6280,1770382860,
882,1007,fvg_fixed,1770383160,,,4871.51,4872.93,,1770383040,
882,1008,fvg_lapsed,1770383220,,4873.94,,,,,
882,1009,cancelled_opposing_structure,1770384300,,4889.51,,,6285,1770383880,
891,1010,touch,1770388140,1770388148220,4872.36,,,,,
892,1011,touch,1770388680,1770388731685,4889.47,,,,,
891,1012,sc_hh,1770388680,,4885.90,,,6297,1770388380,
891,1013,fvg_fixed,1770388740,,,4884.79,4887.98,,1770388620,
891,1014,reaction,1770388920,,,,,,,
891,1015,skipped_cap,1770388980,1770388980036,,,,,,3
891,1016,sc_superseded,1770388980,,,,,6299,,
891,1017,sc_hh,1770388980,,4893.29,,,6299,1770388860,
891,1018,fvg_fixed,1770389040,,,4889.09,4892.07,,1770388920,
891,1019,hl,1770389640,,4896.63,,,6300,,
892,1020,cancelled_opposing_structure,1770389700,,4899.26,,,6300,1770388740,
891,1021,sc_superseded,1770390000,,,,,6301,,
891,1022,sc_hh,1770390000,,4903.11,,,6301,1770389880,
849,1023,touch,1770390060,1770390096969,4919.51,,,,,
891,1024,fvg_fixed,1770390060,,,4902.00,4905.56,,1770389940,
849,1025,break,1770390240,,4925.55,,,,,
849,1026,return,1770390300,1770390309779,4924.54,,,,,
891,1027,hl,1770390780,,4906.02,,,6305,,
849,1028,cancelled_second_break,1770391380,,4925.37,,,,,
891,1029,sc_superseded,1770391440,,,,,6304,,
891,1030,sc_hh,1770391440,,4926.90,,,6304,1770390600,
891,1031,fvg_fixed,1770391500,,,4917.52,4920.65,,1770391200,
891,1032,fvg_lapsed,1770391560,,4911.59,,,,,
884,1033,exit,1770392280,1770392319797,4931.26,,,,,tp
848,1034,touch,1770392280,1770392320067,4932.15,,,,,
891,1035,sc_hh,1770392280,,4928.53,,,6309,1770392040,
891,1036,fvg_fixed,1770392340,,,4926.24,4929.63,,1770392220,
894,1037,touch,1770392700,1770392718727,4928.42,,,,,
891,1038,fvg_lapsed,1770393000,,4925.11,,,,,
891,1039,cancelled_opposing_structure,1770394020,,4918.25,,,6313,1770393420,
848,1040,sc_hh,1770394020,,4921.88,,,6314,1770393900,
894,1041,cancelled_opposing_structure,1770394020,,4918.25,,,6313,1770393420,
848,1042,fvg_fixed,1770394080,,,4919.37,4924.28,,1770393960,
848,1043,reaction,1770394200,,,,,,,
848,1044,entry_attempt,1770394260,1770394260073,4916.02,4916.02,4916.22,,,10009
848,1045,fill,1770394260,1770394260073,4916.02,4941.71,4864.64,,,
848,1046,exit,1770395820,1770395844851,4941.78,,,,,sl
887,1047,exit,1770395820,1770395848545,4944.37,,,,,tp
895,1048,touch,1770402360,1770402368463,4922.48,,,,,
895,1049,sc_hh,1770403140,,4940.75,,,6344,1770403020,
895,1050,fvg_fixed,1770403200,,,4938.23,4941.22,,1770403080,
895,1051,fvg_lapsed,1770403380,,4936.17,,,,,
895,1052,sc_hh,1770404160,,4948.04,,,6349,1770404100,
895,1053,fvg_fixed,1770404220,,,4946.92,4947.90,,1770404100,
895,1054,sc_superseded,1770404940,,,,,6351,,
895,1055,sc_hh,1770404940,,4959.04,,,6351,1770404820,
895,1056,fvg_fixed,1770405000,,,4956.50,4958.65,,1770404880,
895,1057,reaction,1770405180,,,,,,,
895,1058,entry_attempt,1770405240,1770405240038,4959.49,4959.29,4959.49,,,10009
895,1059,fill,1770405240,1770405240038,4959.49,4902.40,5073.67,,,
875,1060,exit,1770406200,1770406236218,4966.56,,,,,tp
897,1061,touch,1770407700,1770407700107,4957.97,,,,,
897,1062,sc_hh,1770407760,,4961.67,,,6360,1770407700,
897,1063,fvg_fixed,1770407820,,,4961.09,4961.77,,1770407700,
897,1064,fvg_lapsed,1770407940,,4960.51,,,,,
897,1065,sc_hh,1770408300,,4964.21,,,6362,1770408060,
897,1066,fvg_fixed,1770408360,,,4961.72,4962.59,,1770408180,
897,1067,reaction,1770408540,,,,,,,
897,1068,entry_attempt,1770408600,1770408600163,4964.77,4964.57,4964.77,,,10009
897,1069,fill,1770408600,1770408600163,4964.77,4948.16,4997.99,,,
841,1070,touch,1770408660,1770408676987,4968.95,,,,,
841,1071,sc_hh,1770409320,,4962.24,,,6365,1770408720,
841,1072,fvg_fixed,1770409380,,,4959.44,4961.15,,1770409260,
897,1073,exit,1770409440,1770409473712,4948.14,,,,,sl
896,1074,touch,1770409440,1770409474029,4948.00,,,,,
841,1075,fvg_lapsed,1770410220,,4962.70,,,,,
898,1076,touch,1770410280,1770410281412,4963.61,,,,,
899,1077,touch,1770410400,1770410413680,4963.59,,,,,
841,1078,cancelled_opposing_structure,1770410940,,4966.69,,,6369,1770410280,
896,1079,sc_hh,1770410940,,4965.64,,,6368,1770410400,
898,1080,cancelled_opposing_structure,1770410940,,4966.69,,,6369,1770410280,
899,1081,sc_hh,1770410940,,4965.64,,,6368,1770410400,
896,1082,fvg_fixed,1770411000,,,4964.56,4964.71,,1770410640,
899,1083,fvg_fixed,1770411000,,,4964.56,4964.71,,1770410640,
896,1084,reaction,1770411180,,,,,,,
899,1085,reaction,1770411180,,,,,,,
896,1086,lost_competition,1770411180,,,,,899,,
899,1087,entry_attempt,1770411240,1770411240062,4965.58,4965.38,4965.58,,,10009
899,1088,fill,1770411240,1770411240062,4965.58,4943.71,5009.32,,,
896,1089,hl,1770411360,,4963.58,,,6372,,
896,1090,fvg_lapsed,1770411420,,4962.78,,,,,
896,1091,cancelled_opposing_structure,1770411600,,4962.53,,,6373,1770411180,
901,1092,touch,1770414420,1770414468558,4958.12,,,,,
901,1093,break,1770414540,,4961.73,,,,,
901,1094,return,1770414600,1770414600585,4960.85,,,,,
900,1095,touch,1770414600,1770414632548,4962.50,,,,,
901,1096,cancelled_second_break,1770414780,,4961.78,,,,,
902,1097,touch,1770415260,1770415299053,4952.80,,,,,
903,1098,touch,1770415500,1770415500173,4955.33,,,,,
900,1099,sc_hh,1770416160,,4951.25,,,6385,1770415560,
902,1100,break,1770416160,,4948.70,,,,,
902,1101,cancelled_opposing_structure,1770416160,,4948.70,,,6386,1770415320,
903,1102,sc_hh,1770416160,,4951.25,,,6385,1770415560,
900,1103,fvg_fixed,1770416220,,,4950.38,4951.66,,1770416100,
903,1104,fvg_fixed,1770416220,,,4950.38,4951.66,,1770416100,
900,1105,fvg_lapsed,1770416340,,4952.57,,,,,
903,1106,fvg_lapsed,1770416340,,4952.57,,,,,
904,1107,touch,1770416400,1770416426722,4955.85,,,,,
900,1108,sc_hh,1770417000,,4950.59,,,6390,1770416760,
903,1109,sc_hh,1770417000,,4950.59,,,6390,1770416760,
904,1110,sc_hh,1770417000,,4950.59,,,6390,1770416760,
900,1111,fvg_fixed,1770417060,,,4950.13,4953.57,,1770416940,
903,1112,fvg_fixed,1770417060,,,4950.13,4953.57,,1770416940,
904,1113,fvg_fixed,1770417060,,,4950.13,4953.57,,1770416940,
899,1114,exit,1770417180,1770417192309,4940.66,,,,,sl
900,1115,hl,1770417900,,4950.70,,,6393,,
903,1116,hl,1770417900,,4950.70,,,6393,,
904,1117,hl,1770417900,,4950.70,,,6393,,
905,1118,touch,1770418320,1770418340549,4952.68,,,,,
900,1119,cancelled_opposing_structure,1770418380,,4952.83,,,6394,1770417720,
903,1120,cancelled_opposing_structure,1770418380,,4952.83,,,6394,1770417720,
904,1121,cancelled_opposing_structure,1770418380,,4952.83,,,6394,1770417720,
905,1122,cancelled_opposing_structure,1770419100,,4954.14,,,6396,1770418380,
907,1123,touch,1770420300,1770420307920,4952.11,,,,,
907,1124,break,1770421020,,4959.87,,,,,
907,1125,cancelled_opposing_structure,1770421140,,4962.24,,,6404,1770420660,
895,1126,exit,1770422160,1770422219954,4965.96,,,,,end
