run_id,setup_id,dir,open_time,exit_kind,net,risk_price,planned_rr,r_net,spread_r,r_levels,mfe_strict,mae_strict,mfe_incl,mae_incl,bars_held
f1_oos_fixed_b,700,S,2026-03-02 04:18:00,sl,-98.98,14.100000000000364,1.9999999999999356,-1.0028368794325984,0.014184397163120203,-1.0,0.2007092198581457,0.9446808510638492,0.2007092198581457,1.1049645390070586,23
f1_oos_fixed_b,730,L,2026-03-03 05:12:00,sl,-75.46,37.39000000000033,1.9999999999999756,-1.0090933404653561,0.005349023803155877,-1.0,0.21182134260497468,0.8820540251404168,0.21182134260497468,1.108585183204075,156
f1_oos_fixed_b,770,S,2026-03-04 08:18:00,sl,-83.8,20.50999999999931,2.000000000000089,-1.0214529497806293,0.009751340809361617,-1.0,0.8488542174549659,0.9912237932715604,0.8488542174549659,1.1857630424183583,44
f1_oos_fixed_b,774,L,2026-03-04 11:35:00,sl,-84.6,16.69000000000051,1.9999999999999456,-1.0137807070101545,0.01198322348711767,-1.0,1.9400838825643572,0.7992810065907573,1.9400838825643572,1.0365488316356892,186
f1_oos_fixed_b,781,S,2026-03-04 17:03:00,tp,190.64000000000001,47.029999999999745,2.0000000000000195,2.026791409738476,0.004252604720391263,2.0000000000000195,1.5804805443334111,0.7584520518817832,2.0452902402721884,0.7584520518817832,1383
f1_oos_fixed_b,800,S,2026-03-05 06:16:00,tp,191.44,11.960000000000036,2.0,2.0008361204013316,0.016722408026755804,2.0,1.7734113712374557,0.24331103678928476,2.084448160535135,0.24331103678928476,95
f1_oos_fixed_b,822,S,2026-03-05 21:26:00,sl,-83.32,20.799999999999272,2.0000000000000875,-1.0014423076923427,0.009615384615384952,-1.0,0.4307692307692913,0.8721153846153872,0.4307692307692913,1.2519230769230751,50
f1_oos_fixed_b,826,L,2026-03-06 04:17:00,sl,-73.28,72.48999999999978,2.0,-1.0108980549041278,0.002759001241550567,-1.0,0.8864670989102001,0.9813767416195412,0.8864670989102001,1.2084425437991533,1282
f1_oos_fixed_b,828,L,2026-03-06 04:21:00,sl,-59.6,58.63999999999942,2.000000000000031,-1.0163710777626296,0.0034106412005457365,-1.0,0.174965893588,0.9459413369713489,0.174965893588,1.0574693042291938,574
f1_oos_fixed_b,842,L,2026-03-06 15:53:00,sl,-96.15,47.210000000000036,2.0,-1.018322389324295,0.004236390595212876,-1.0,1.872272823554337,0.9392077949586976,1.872272823554337,1.3444185553908115,586
f1_oos_fixed_b,867,L,2026-03-09 09:21:00,sl,-87.34,43.67000000000007,2.0,-0.9999999999999983,0.00480879322189145,-1.0,0.08793221891458985,0.9507671170139768,0.08793221891458985,1.0208381039615262,270
f1_oos_fixed_b,871,L,2026-03-09 13:08:00,sl,-93.59,12.829999999999927,2.0,-1.0420888542478624,0.016367887763055432,-1.0,0.24785658612629066,0.7521434138737093,0.24785658612629066,1.1169134840218244,22
f1_oos_fixed_b,875,S,2026-03-09 17:04:00,sl,-84.9,28.229999999999563,2.0000000000000324,-1.0024796315976068,0.0074388947927737595,-1.0,0.7665603967410791,0.8859369465108256,0.7665603967410791,1.145589798087164,40
f1_oos_fixed_b,968,S,2026-03-12 12:00:00,sl,-95.06,6.739999999999782,2.000000000000135,-1.0074183976261453,0.031157270029674597,-1.0,0.520771513353165,0.724035608308645,0.520771513353165,1.06231454005936,31
f1_oos_fixed_b,950,S,2026-03-12 12:04:00,tp,165.6,16.38000000000011,2.0,2.0219780219780086,0.012820512820512735,2.0,1.9053724053723948,0.8766788766788508,2.0463980463980596,0.8766788766788508,329
f1_oos_fixed_b,987,L,2026-03-13 03:28:00,sl,-83.16,27.69000000000051,1.9999999999999671,-1.0010834236186166,0.007222824124232442,-1.0,0.7952329360779747,0.8985193210545197,0.7952329360779747,1.0036114120620965,410
f1_oos_fixed_b,1012,S,2026-03-13 18:52:00,tp,128.42000000000002,63.69999999999982,2.0,2.0160125588697073,0.0031397174254317204,2.0,1.9924646781789708,0.23296703296703591,2.000156985871275,0.23296703296703591,3903
f1_oos_fixed_b,1027,L,2026-03-16 05:15:00,sl,-87.48,43.6899999999996,2.000000000000021,-1.0011444266422616,0.004577706569008968,-1.0,0.4671549553673619,0.9816891737239808,0.4671549553673619,1.0292973220416723,466
f1_oos_fixed_b,1044,L,2026-03-16 15:40:00,sl,-85.35,28.0,2.0,-1.0160714285714285,0.0071428571428571435,-1.0,0.5075000000000013,0.855714285714287,0.5075000000000013,1.022857142857122,127
f1_oos_fixed_b,1048,L,2026-03-16 16:47:00,sl,-82.05,16.19000000000051,1.9999999999999438,-1.0135886349598198,0.012353304508955758,-1.0,0.49536751080909663,0.9413218035824714,0.49536751080909663,1.2433600988264037,43
f1_oos_fixed_b,1063,S,2026-03-17 01:40:00,sl,-77.95,15.410000000000764,1.9999999999998819,-1.0116807268007286,0.012978585334197929,-1.0,0.4192083062945955,0.9707981829980075,0.4192083062945955,1.0999351070732626,176
f1_oos_fixed_b,1062,S,2026-03-17 01:44:00,sl,-76.92,19.18000000000029,1.9999999999999525,-1.0026068821689107,0.0104275286757037,-1.0,0.3571428571428707,0.9426485922836106,0.3571428571428707,1.0156412930135177,185
f1_oos_fixed_b,1074,S,2026-03-17 09:17:00,tp,123.03,30.51000000000022,2.0,2.0162241887905457,0.006555227794165801,2.0,1.971812520485068,0.6860045886594307,2.1019337921992673,0.6860045886594307,1688
f1_oos_fixed_b,1090,S,2026-03-17 18:55:00,tp,146.56,24.210000000000036,2.0,2.017898939832022,0.00826104915324245,2.0,1.8475836431226558,0.8764973151590344,2.011565468814529,0.8764973151590344,1110
f1_oos_fixed_b,1131,L,2026-03-18 20:07:00,sl,-90.37,12.839999999999236,2.0000000000001417,-1.0054517133956984,0.017133956386293853,-1.0,0.8411214953271671,0.8948598130841484,0.8411214953271671,1.1962616822430363,86
f1_oos_fixed_b,1138,S,2026-03-18 23:46:00,sl,-72.17999999999999,37.029999999999745,2.0000000000000244,-0.9746151768836145,0.005941128814474791,-1.0,0.42155009451795245,0.9837969214150835,0.42155009451795245,1.0623818525519961,229
f1_oos_fixed_b,1140,L,2026-03-19 02:03:00,sl,-78.48,25.519999999999527,2.0000000000000355,-1.0250783699059753,0.009012539184953145,-1.0,1.2891849529780661,0.9188871473354331,1.2891849529780661,1.0497648902821497,451
f1_oos_fixed_b,1147,S,2026-03-19 07:23:00,tp,177.36,10.8100000000004,1.9999999999999158,2.0508788159111178,0.021276595744680063,1.9999999999999158,1.894542090656773,0.36910268270116875,2.1063829787233668,0.36910268270116875,93
f1_oos_fixed_b,1154,S,2026-03-19 11:27:00,tp,194.94,15.460000000000036,2.0,2.1015523932729576,0.014877102199223769,2.0,1.9521345407503377,0.06274256144885788,2.4534282018111386,0.15459249676580933,15
f1_oos_fixed_b,1151,S,2026-03-19 11:28:00,tp,122.0,60.68000000000029,1.999999999999985,2.0105471324983424,0.0037903757415952356,1.999999999999985,1.9709953856295286,0.054054054054049595,2.0105471324983424,0.05735003295978159,242
f1_oos_fixed_b,1190,L,2026-03-20 06:34:00,sl,-59.25,59.11000000000058,1.9999999999999847,-1.0023684655726512,0.0038910505836575494,-1.0,0.05735070208085577,0.9296227372694853,0.06344104212485134,1.0465234308915576,184
f1_oos_fixed_b,1188,L,2026-03-20 06:40:00,sl,-60.46,60.399999999999636,2.000000000000015,-1.0009933774834496,0.0038079470198675728,-1.0,0.043874172185424706,0.9220198675496678,0.043874172185424706,1.036423841059615,178
f1_oos_fixed_b,1186,L,2026-03-20 06:41:00,sl,-87.38,87.36999999999989,2.0,-1.000114455762849,0.0026324825454961693,-1.0,0.00606615543092304,0.9837472816756315,0.00606615543092304,1.0084697264507243,400
f1_oos_fixed_b,1251,L,2026-03-23 17:12:00,sl,-58.6,58.460000000000036,2.0,-1.0023947998631537,0.004105371193978786,-1.0,0.8479302086896968,0.9822100581594259,0.8479302086896968,1.0251453985631245,93
f1_oos_fixed_b,1278,L,2026-03-24 07:52:00,sl,-87.4,17.43000000000029,1.9999999999999478,-1.002868617326432,0.013769363166953298,-1.0,0.06310958118189015,0.8818129661502946,0.06310958118189015,1.025817555938027,11
f1_oos_fixed_b,1280,L,2026-03-24 08:54:00,tp,159.58,39.710000000000036,2.0,2.0093175522538385,0.006043817678166703,2.0,1.9463611181062677,0.41349785948124046,2.046335935532615,0.41349785948124046,303
f1_oos_fixed_b,1310,L,2026-03-25 01:20:00,tp,143.68,35.89000000000033,1.9999999999999747,2.001671774867633,0.006408470325996041,1.9999999999999747,1.9966564502646753,0.7723599888548343,2.039565338534387,0.7723599888548343,127
f1_oos_fixed_b,1317,S,2026-03-25 06:13:00,tp,154.5,25.75,2.0,2.0,0.008932038834951457,2.0,1.8547572815534066,0.3852427184466048,2.07611650485437,0.3852427184466048,558
f1_oos_fixed_b,1329,L,2026-03-25 14:44:00,sl,-67.44,32.529999999999745,2.000000000000028,-1.03658161696896,0.007070396557024341,-1.0,-0.003996311097423937,0.9757147248693523,0.001844451275757782,1.2732861973562708,44
f1_oos_fixed_b,1328,L,2026-03-25 14:47:00,sl,-58.14,54.98999999999978,2.0000000000000164,-1.0572831423895295,0.004182578650663774,-1.0,0.021458446990367263,0.7968721585742841,0.021458446990367263,1.1000181851245685,44
f1_oos_fixed_b,1332,S,2026-03-25 15:45:00,tp,153.36,37.81999999999971,2.000000000000024,2.0274986779481914,0.006081438392385029,2.000000000000024,1.9574299312533374,0.8484928609201344,2.0943945002644515,0.8484928609201344,960
f1_oos_fixed_b,1347,S,2026-03-26 02:57:00,sl,-82.04,20.029999999999745,2.0000000000000453,-1.0239640539191344,0.01198202695956081,-1.0,-0.09935097353968082,0.9385921118322272,-0.008487269096313801,1.0564153769346043,8
f1_oos_fixed_b,1356,S,2026-03-26 15:17:00,sl,-95.8,19.029999999999745,2.000000000000048,-1.0068313189700606,0.012611665790856711,-1.0,1.05780346820816,0.7036258539148501,1.05780346820816,1.0541250656857466,88
f1_oos_fixed_b,1388,S,2026-03-27 10:01:00,tp,186.66,15.509999999999309,2.0000000000001172,2.005802707930457,0.014829142488717618,2.0000000000001172,1.957446808510763,-0.0702772404900776,2.0664087685365904,0.052869116698828884,113
f1_oos_fixed_b,1389,S,2026-03-27 10:22:00,tp,186.18,15.509999999999309,2.0000000000001172,2.0006447453256855,0.014829142488717618,2.0000000000001172,1.976144422953057,0.25918762088972963,2.079303675048507,0.25918762088972963,108
f1_oos_fixed_b,1391,S,2026-03-27 11:45:00,sl,-89.96,22.31999999999971,2.000000000000041,-1.0076164874552103,0.01030465949820802,-1.0,1.3606630824373296,0.46818996415770403,1.3606630824373296,1.0385304659498067,318
f1_oos_fixed_b,1394,L,2026-03-27 14:53:00,tp,190.61,13.609999999999673,2.0000000000000666,2.000734753857506,0.016899338721528694,2.0000000000000666,1.7626745040412395,0.624540778839104,2.698016164584948,0.624540778839104,130
f1_oos_fixed_b,1407,S,2026-03-27 23:16:00,tp,202.82,14.269999999999527,2.000000000000064,2.030433476824574,0.016117729502453233,2.000000000000064,2.887175893482978,0.27259985984579865,2.887175893482978,0.27259985984579865,42
f1_oos_fixed_b,1412,L,2026-03-30 04:53:00,tp,192.92,48.219999999999345,2.0000000000000377,2.0004147656574305,0.004355039402737512,2.0000000000000377,1.7268768145997837,0.18851099128990792,2.035047698050631,0.18851099128990792,591
f1_oos_fixed_b,1415,L,2026-03-30 05:59:00,tp,151.02,37.530000000000655,1.9999999999999516,2.0119904076738258,0.005595523581134994,1.9999999999999516,1.8238742339461398,0.10791366906475117,2.2198241406873978,0.10791366906475117,525
f1_oos_fixed_b,1433,S,2026-03-30 16:21:00,tp,193.13,13.780000000000655,1.999999999999868,2.0021770682147086,0.015239477503627722,1.999999999999868,1.9158200290274587,0.6966618287372938,2.1255442670535976,0.6966618287372938,27
f1_oos_fixed_b,1443,S,2026-03-30 23:35:00,sl,-105.81,14.970000000000255,1.9999999999999392,-1.00973375322071,0.01402805611222421,-1.0,0.1990647962591525,0.9372077488310231,0.1990647962591525,1.2839011356045376,26
f1_oos_fixed_b,1457,L,2026-03-31 07:16:00,sl,-99.99,9.069999999999709,2.0000000000001004,-1.0022050716648612,0.023153252480706366,-1.0,1.2194046306505795,0.7673649393605578,1.2194046306505795,1.3186328555678524,57
f1_oos_fixed_b,1475,L,2026-03-31 21:33:00,end,5.07,55.399999999999636,2.0000000000000164,0.09151624548736523,0.003790613718411577,0.09151624548736523,0.4344765342960429,0.054512635379053195,0.4344765342960429,0.054512635379053195,143
f2_oos_fixed_b,790,S,2026-04-01 06:47:00,sl,-99.04,12.239999999999782,2.0,-1.0114379084967502,0.01879084967320295,-1.0,1.5147058823529653,0.7965686274509945,1.5147058823529653,1.051470588235304,110
f2_oos_fixed_b,831,L,2026-04-02 08:16:00,sl,-95.06,13.470000000000255,1.9999999999999325,-1.0081662954713988,0.017074981440237242,-1.0,0.6607275426874141,0.4996288047513249,0.6607275426874141,2.0007423904974178,17
f2_oos_fixed_b,835,L,2026-04-02 11:01:00,sl,-66.66,65.84000000000015,2.0,-1.0124544349939224,0.003493317132442277,-1.0,-0.019896719319554796,0.830194410692584,0.02035236938031808,1.0124544349939202,299
f2_oos_fixed_b,861,S,2026-04-06 04:59:00,sl,-90.5,18.06999999999971,2.0,-1.0016602102933199,0.01272827891532948,-1.0,0.07138904261206333,0.8439402324294547,0.07138904261206333,1.2014388489208847,17
f2_oos_fixed_b,883,L,2026-04-06 19:24:00,sl,-103.62,16.86999999999989,2.0,-1.0237107291049268,0.013633669235329075,-1.0,0.14463544753998908,0.8132780082987755,0.14463544753998908,1.047421458209851,48
f2_oos_fixed_b,888,L,2026-04-06 22:59:00,sl,-159.88,9.099999999999454,2.0000000000002,-1.597202797202893,0.02527472527472679,-1.0,1.36813186813203,0.6945054945055041,1.36813186813203,3.035164835165005,239
f2_oos_fixed_b,900,L,2026-04-07 09:05:00,tp,194.9,19.410000000000764,1.9999999999999063,2.0082431736217656,0.011849562081400873,1.9999999999999063,1.9629057187015948,0.4770736733642377,2.1081916537866285,0.4770736733642377,137
f2_oos_fixed_b,912,L,2026-04-07 14:54:00,sl,-92.76,30.890000000000327,1.9999999999999705,-1.0009711880867491,0.007445775331822517,-1.0,0.36743282615731093,0.9556490773713215,0.36743282615731093,1.0424085464551465,129
f2_oos_fixed_b,942,S,2026-04-08 11:57:00,tp,157.74,26.140000000000327,1.9999999999999651,2.011476664116272,0.008798775822494153,1.9999999999999651,1.9219586840091838,0.4571537872991457,2.4127773527161374,0.4571537872991457,359
f2_oos_fixed_b,929,L,2026-04-08 13:10:00,sl,-94.3,18.38000000000011,2.0,-1.0261153427638676,0.012513601741022777,-1.0,1.0364526659412443,0.9227421109902032,1.0364526659412443,1.079434167573451,132
f2_oos_fixed_b,952,S,2026-04-08 16:52:00,tp,182.4,30.38000000000011,2.0,2.0013166556945285,0.007570770243581277,2.0,1.9545753785385087,0.5125082290980795,2.0394996708360704,0.5125082290980795,286
f2_oos_fixed_b,960,S,2026-04-09 14:15:00,sl,-91.2,14.989999999999782,2.0,-1.0140093395597212,0.016010673782521915,-1.0,-0.030020013342216455,0.8265510340227157,0.015343562374948385,1.1060707138092174,30
f2_oos_fixed_b,1003,S,2026-04-09 22:44:00,tp,198.64,9.710000000000036,2.0,2.0457260556127626,0.024716786817713603,2.0,1.969104016477933,0.8063851699278989,2.208032955715801,0.8063851699278989,201
f2_oos_fixed_b,999,L,2026-04-10 01:13:00,sl,-96.48,10.6899999999996,2.0000000000000853,-1.0028063610851639,0.022450888681011128,-1.0,-0.08512628624882025,0.8811973807296937,-0.019644527595888143,1.0056127221702902,22
f2_oos_fixed_b,1009,L,2026-04-10 04:15:00,sl,-104.7,10.220000000000255,1.999999999999911,-1.0244618395303071,0.023483365949118786,-1.0,1.578277886497036,0.7769080234833964,1.578277886497036,1.092954990215244,58
f2_oos_fixed_b,1012,S,2026-04-10 08:12:00,sl,-91.9,18.359999999999673,2.0000000000000497,-1.0010893246187542,0.013071895424836834,-1.0,1.5266884531591043,0.6704793028322282,1.5266884531591043,1.0016339869280908,438
f2_oos_fixed_b,1023,L,2026-04-10 12:42:00,tp,209.1,17.109999999999673,2.0000000000000533,2.0368205727645043,0.014026884862653686,2.0000000000000533,1.8983050847457734,0.44184687317361454,2.1361776738749785,0.44184687317361454,273
f2_oos_fixed_b,1047,S,2026-04-13 01:20:00,sl,-85.97999999999999,86.15000000000055,1.999999999999979,-0.9980266976204231,0.0027858386535113,-1.0,0.28055716773070133,1.0139291932675545,0.28055716773070133,1.0139291932675545,1410
f2_oos_fixed_b,1074,S,2026-04-13 18:20:00,sl,-98.34,16.359999999999673,2.0000000000000555,-1.001833740831316,0.014669926650367041,-1.0,0.25366748166263015,0.9798288508557498,0.25366748166263015,1.125916870415675,57
f2_oos_fixed_b,1082,L,2026-04-13 22:48:00,tp,189.85000000000002,9.75,2.0,1.9471794871794872,0.024615384615384615,2.0,1.9189743589743626,0.2728205128204979,2.2235897435897733,0.2728205128204979,130
f2_oos_fixed_b,1092,L,2026-04-14 06:03:00,sl,-103.95,11.510000000000218,2.0,-1.0034752389226569,0.020851433536055206,-1.0,0.3197219808862051,0.940052128583797,0.3197219808862051,1.0034752389226727,144
f2_oos_fixed_b,1130,S,2026-04-15 09:18:00,tp,192.69,10.539999999999964,2.0,2.0313092979127205,0.022770398481973514,2.0,1.2817836812144463,0.43263757115744844,2.3500948766603913,0.43263757115744844,173
f2_oos_fixed_b,1132,S,2026-04-15 11:36:00,sl,-101.16,8.409999999999854,2.0,-1.002378121284203,0.028537455410226415,-1.0,-0.03448275862068593,0.8953626634958235,0.02972651605231918,1.0107015457788522,20
f2_oos_fixed_b,1131,S,2026-04-15 11:38:00,sl,-96.46,13.770000000000437,1.999999999999934,-1.000726216412459,0.01742919389978158,-1.0,1.6107480029048358,0.9898329702251036,1.6107480029048358,1.2062454611473599,300
f2_oos_fixed_b,1154,L,2026-04-16 07:35:00,sl,-100.76,8.949999999999818,2.0,-1.023463687150859,0.026815642458101103,-1.0,1.1664804469273533,0.8424581005586723,1.1664804469273533,1.061452513966502,106
f2_oos_fixed_b,1155,L,2026-04-16 07:52:00,sl,-98.98,6.930000000000291,1.9999999999998688,-1.0202020202019775,0.034632034632033175,-1.0,1.1875901875900747,0.9451659451659317,1.1875901875900747,1.0562770562771011,66
f2_oos_fixed_b,1165,S,2026-04-16 17:51:00,sl,-90.7,18.110000000000582,1.9999999999999498,-1.0016565433461855,0.013252346769740048,-1.0,0.10049696300384597,0.9166206515737068,0.10049696300384597,1.040309221424602,15
f2_oos_fixed_b,1188,S,2026-04-17 11:27:00,sl,-94.56,11.779999999999745,2.0000000000000773,-1.0033955857385617,0.020373514431239827,-1.0,-0.04244482173174965,0.8837011884550152,-0.014431239388801056,1.0636672325976244,16
f2_oos_fixed_b,1200,L,2026-04-17 19:27:00,sl,-84.6,16.710000000000036,2.0,-1.0125673249551141,0.014362657091561907,-1.0,0.09036505086775673,0.8156792339916266,0.09036505086775673,1.0538599640933355,57
f2_oos_fixed_b,1223,L,2026-04-20 09:40:00,tp,182.48,11.280000000000655,1.9999999999998388,2.0221631205672583,0.021276595744679615,1.9999999999998388,1.9822695035459552,0.638297872340453,2.0221631205672135,0.638297872340453,337
f2_oos_fixed_b,1274,S,2026-04-22 01:31:00,sl,-90.8,17.889999999999418,2.0000000000001017,-1.0150922302962877,0.013415315818893672,-1.0,0.04918949133594957,0.9636668529905167,0.04918949133594957,1.0642817216322293,74
f2_oos_fixed_b,1293,S,2026-04-22 11:33:00,tp,181.96,17.67999999999938,2.000000000000103,2.058371040724054,0.013574660633484637,2.000000000000103,1.9451357466064214,0.4309954751131311,2.0356334841630064,0.4309954751131311,872
f2_oos_fixed_b,1301,S,2026-04-22 15:59:00,sl,-101.82,16.18000000000029,1.9999999999999438,-1.0488257107539984,0.014833127317675877,-1.0,0.4579728059332337,0.9221260815821881,0.4579728059332337,1.0494437577255413,47
f2_oos_fixed_b,1302,L,2026-04-22 16:57:00,sl,-95.76,13.549999999999272,2.000000000000134,-1.0095940959410135,0.017712177121772168,-1.0,0.26568265682660935,0.8428044280443311,0.26568265682660935,1.0590405904059206,33
f2_oos_fixed_b,1284,L,2026-04-22 17:01:00,sl,-93.9,17.960000000000036,2.0,-1.0456570155901983,0.013363028953229371,-1.0,-0.1269487750557155,0.8390868596882287,0.016146993318483464,1.1453229398664018,31
f2_oos_fixed_b,1326,S,2026-04-23 13:42:00,sl,-85.02,14.170000000000073,2.0,-0.999999999999995,0.016937191249117765,-1.0,0.2152434721242178,0.9738884968242845,0.2152434721242178,1.105151729004924,64
f2_oos_fixed_b,1331,S,2026-04-23 17:20:00,tp,201.1,19.420000000000073,1.9999999999999531,2.071060762100919,0.012358393408856801,1.9999999999999531,1.8187435633367444,0.8815653964984462,2.2389289392378684,0.8815653964984462,202
f2_oos_fixed_b,1341,S,2026-04-23 23:26:00,sl,-94.21,12.05999999999949,2.0000000000000755,-0.9764718076285652,0.01990049751243865,-1.0,0.2827529021559625,1.0588723051409674,0.2827529021559625,1.2006633499170958,179
f2_oos_fixed_b,1353,L,2026-04-24 12:03:00,sl,-95.88,7.9399999999996,2.0000000000001146,-1.0062972292191943,0.03022670025189069,-1.0,0.7141057934509267,0.6032745591939804,0.7141057934509267,1.0982367758186127,22
f2_oos_fixed_b,1362,S,2026-04-24 16:10:00,sl,-86.2,17.13000000000011,1.999999999999947,-1.0064214827787443,0.014010507880910593,-1.0,0.6036193812025732,0.6053706946876722,0.6036193812025732,1.0070052539404488,38
f2_oos_fixed_b,1388,S,2026-04-27 12:28:00,tp,195.66,16.100000000000364,1.9999999999999436,2.025465838509271,0.014906832298136309,1.9999999999999436,1.7378881987576975,0.5745341614906703,2.129813664596223,0.5745341614906703,334
f2_oos_fixed_b,1404,S,2026-04-27 18:19:00,sl,-80.26,20.340000000000146,2.0,-0.9864798426745259,0.01179941002949844,-1.0,0.44886922320550854,0.9916420845624351,0.44886922320550854,1.0068829891838456,462
f2_oos_fixed_b,1413,S,2026-04-27 22:51:00,sl,-89.65,3.930000000000291,1.9999999999997686,-0.9124681933841564,0.06106870229007181,-1.0,0.7048346055977919,1.7073791348599336,0.7048346055977919,1.7073791348599336,68
f2_oos_fixed_b,755,L,2026-04-29 17:32:00,tp,170.39,29.579999999999927,2.0,1.9201036736533739,0.008113590263691703,2.0,1.9908722109533628,0.5990534144692461,2.009803921568626,0.5990534144692461,936
f2_oos_fixed_b,1482,L,2026-04-29 19:14:00,sl,-90.65,17.539999999999964,2.0,-1.0336374002280524,0.013683010262257725,-1.0,0.30786773090077807,0.9834663625997739,0.30786773090077807,1.15108323831246,106
f2_oos_fixed_b,1508,L,2026-04-30 21:33:00,end,-1.41,24.670000000000073,2.0,-0.019051479529793212,0.009728415079043344,-0.019051479529793212,0.2545601945682905,0.26347790839075724,0.2545601945682905,0.26347790839075724,143
f2_oos_fixed_b,1517,L,2026-04-30 21:39:00,end,-5.67,12.930000000000291,1.9999999999999296,-0.06264501160092667,0.018561484918793086,-0.06264501160092667,0.4593967517400979,0.5290023201856142,0.4593967517400979,0.5290023201856142,137
f3_oos_fixed_b,760,S,2026-05-01 14:11:00,sl,-93.84,5.489999999999782,2.0,-1.005464480874357,0.043715846994537254,-1.0,0.2714025500910457,0.7978142076503248,0.5318761384335499,1.0910746812386194,7
f3_oos_fixed_b,753,S,2026-05-01 15:52:00,sl,-83.28,20.82000000000062,1.9999999999999127,-0.9999999999999704,0.01152737752161349,-1.0,0.3073967339096756,0.9039385206531773,0.3073967339096756,1.083093179634943,61
f3_oos_fixed_b,754,S,2026-05-01 15:55:00,sl,-94.26,15.199999999999818,2.0,-1.0335526315789598,0.015789473684210714,-1.0,0.41381578947368675,0.9585526315789397,0.41381578947368675,1.0618421052631324,46
f3_oos_fixed_b,650,S,2026-05-01 17:58:00,tp,164.44,26.909999999999854,2.0000000000000338,2.036913167347961,0.008918617614269837,2.0000000000000338,1.9442586399108472,0.6387959866220622,2.0371609067261582,0.6387959866220622,958
f3_oos_fixed_b,771,S,2026-05-01 23:04:00,tp,158.92,26.269999999999527,2.0000000000000346,2.016495368608081,0.009135896459840287,2.0000000000000346,1.6440807004187776,1.1008755234107572,2.0095165588123685,1.1008755234107572,776
f3_oos_fixed_b,708,L,2026-05-04 14:01:00,sl,-93.32,46.159999999999854,2.0000000000000195,-1.010831889081459,0.005199306759098803,-1.0,0.3630849220104045,0.7497833622183662,0.3630849220104045,1.1089688041594403,260
f3_oos_fixed_b,810,L,2026-05-04 21:58:00,tp,177.26,7.200000000000728,1.9999999999997473,1.8938034188032273,0.03333333333332996,1.9999999999997473,1.9583333333330597,0.41805555555554363,2.0999999999997727,0.41805555555554363,294
f3_oos_fixed_b,831,L,2026-05-05 10:24:00,sl,-93.45,6.229999999999563,2.000000000000146,-1.0000000000000702,0.038523274478333355,-1.0,0.81701444622801,0.749598715890915,0.81701444622801,1.0,22
f3_oos_fixed_b,852,L,2026-05-05 20:48:00,sl,-96.46,7.410000000000764,1.9999999999997544,-1.0013495276652138,0.032388663967608,-1.0,0.6950067476382058,0.9082321187584047,0.6950067476382058,1.1079622132252618,128
f3_oos_fixed_b,865,L,2026-05-06 04:43:00,tp,166.68,13.890000000000327,1.9999999999999345,1.9999999999999534,0.017278617710582745,1.9999999999999345,1.9510439164865958,0.05183585313176657,2.0107991360690227,0.10223182145428648,97
f3_oos_fixed_b,883,S,2026-05-06 19:25:00,sl,-88.89,18.340000000000146,2.0,-0.9693565976008646,0.013086150490730539,-1.0,0.22573609596511965,0.9885496183206088,0.22573609596511965,1.2137404580152695,463
f3_oos_fixed_b,887,L,2026-05-06 22:30:00,tp,157.68,16.920000000000073,2.0,1.8638297872340346,0.014184397163120506,2.0,1.9988179669030475,0.7931442080378259,2.0809692671394733,0.7931442080378259,602
f3_oos_fixed_b,911,L,2026-05-07 13:57:00,tp,194.72,12.069999999999709,2.0000000000000755,2.016570008285053,0.01988400994200545,2.0000000000000755,1.9975144987573457,0.8632974316486673,2.111847555923886,0.8632974316486673,240
f3_oos_fixed_b,909,L,2026-05-07 14:01:00,sl,-89.16,14.840000000000146,2.0,-1.0013477088948688,0.016172506738544316,-1.0,1.9002695417789448,0.9535040431266508,1.9002695417789448,1.1677897574123826,306
f3_oos_fixed_b,926,L,2026-05-07 21:43:00,sl,-93.06,8.390000000000327,1.9999999999998916,-1.0083432657925708,0.02860548271751974,-1.0,,,0.008343265792575235,1.36948748510134,1
f3_oos_fixed_b,939,L,2026-05-08 06:01:00,tp,191.2,9.5,2.0,2.012631578947368,0.02526315789473684,2.0,1.7736842105262582,0.5736842105262966,2.06210526315791,0.5736842105262966,207
f3_oos_fixed_b,962,S,2026-05-08 18:31:00,sl,-88.0,17.350000000000364,1.9999999999999476,-1.014409221901996,0.01383285302593631,-1.0,0.34063400576367325,0.8524495677233229,0.34063400576367325,1.0397694524495438,149
f3_oos_fixed_b,958,L,2026-05-08 19:43:00,sl,-151.33,10.1899999999996,2.0000000000000893,-1.6500926834587935,0.023552502453386595,-1.0,1.3827281648675858,3.4023552502454795,1.3827281648675858,3.4023552502454795,255
f3_oos_fixed_b,973,S,2026-05-11 05:14:00,tp,183.4,18.340000000000146,1.9999999999999505,1.9999999999999838,0.013086150490730539,1.9999999999999505,1.881679389312974,0.7001090512540918,2.126499454743713,0.7001090512540918,221
f3_oos_fixed_b,980,L,2026-05-11 10:02:00,sl,-93.24,15.530000000000655,1.999999999999883,-1.0006439150031774,0.015453960077269149,-1.0,-0.059240180296203086,0.9954925949774234,0.007726980038627547,1.0199613650997732,51
f3_oos_fixed_b,872,L,2026-05-11 10:05:00,tp,181.35,30.06999999999971,2.00000000000003,2.010309278350535,0.00798137678749592,2.00000000000003,1.9886930495510728,0.951446624542732,2.0219487861656393,0.951446624542732,393
f3_oos_fixed_b,986,L,2026-05-11 14:14:00,tp,189.75,8.509999999999309,2.0000000000002136,2.0270270270271915,0.02820211515863919,2.0000000000002136,1.5193889541717205,0.13043478260866778,2.0705052878967476,0.13043478260866778,68
f3_oos_fixed_b,985,L,2026-05-11 14:15:00,tp,192.55,19.23999999999978,2.000000000000047,2.001559251559274,0.012474012474012615,2.000000000000047,1.9890852390852845,0.11226611226610597,2.096673596673628,0.11226611226610597,109
f3_oos_fixed_b,1001,L,2026-05-12 01:24:00,tp,219.36,6.579999999999927,2.0,2.083586626139841,0.036474164133739,2.0,0.8009118541034187,0.13373860182372627,2.3039513677811585,0.13373860182372627,22
f3_oos_fixed_b,1009,L,2026-05-12 07:38:00,sl,-102.48,7.319999999999709,2.0000000000001243,-1.0000000000000397,0.03278688524590294,-1.0,-0.04918032786880969,0.7513661202186092,0.0027322404372182177,1.0669398907103553,10
f3_oos_fixed_b,1017,L,2026-05-12 11:55:00,sl,-105.3,6.8100000000004,1.9999999999998666,-1.0308370044052257,0.03524229074889661,-1.0,0.2232011747429424,0.9383259911894203,0.2232011747429424,1.3671071953010063,49
f3_oos_fixed_b,1038,S,2026-05-13 05:18:00,sl,-104.3,10.38000000000011,1.9999999999999123,-1.0048169556839972,0.02312138728323675,-1.0,1.2447013487475855,0.9489402697495434,1.2447013487475855,1.019267822736013,230
f3_oos_fixed_b,1049,L,2026-05-13 14:52:00,sl,-99.66,16.399999999999636,2.0000000000000555,-1.0128048780488028,0.014634146341463738,-1.0,-0.039024390243867814,0.9250000000000249,0.0,1.057317073170764,30
f3_oos_fixed_b,1055,S,2026-05-13 18:04:00,sl,-101.3,10.080000000000837,1.9999999999998195,-1.004960317460234,0.02380952380952183,-1.0,0.27480158730151755,0.8908730158729888,0.27480158730151755,1.0962301587300858,30
f3_oos_fixed_b,1065,L,2026-05-14 02:01:00,sl,-93.94,13.13000000000011,2.0,-1.0220868240670136,0.018278750952018127,-1.0,0.47067783701448895,0.9291698400609076,0.47067783701448895,1.048743335872004,126
f3_oos_fixed_b,1063,L,2026-05-14 02:22:00,sl,-93.18,15.399999999999636,2.000000000000059,-1.0084415584415822,0.015584415584415952,-1.0,0.3753246753247267,0.9506493506493353,0.3753246753247267,1.09610389610387,111
f3_oos_fixed_b,1076,S,2026-05-14 08:42:00,sl,-98.4,7.940000000000509,1.9999999999998854,-1.0327455919394806,0.03022670025188723,-1.0,1.5037783375314537,0.945843828715332,1.5037783375314537,1.1045340050376529,106
f3_oos_fixed_b,1079,L,2026-05-14 10:02:00,sl,-109.2,14.220000000000255,1.999999999999936,-1.0970464135020899,0.016877637130801385,-1.0,1.3129395218002629,0.8558368495077254,1.3129395218002629,1.1849507735583729,388
f3_oos_fixed_b,1092,S,2026-05-14 19:23:00,tp,180.56,11.220000000000255,1.999999999999919,2.0115864527628777,0.021390374331550315,1.999999999999919,1.9670231729054553,0.4750445632798401,2.031194295900129,0.4750445632798401,202
f3_oos_fixed_b,1102,L,2026-05-15 01:39:02,sl,-98.64,15.699999999999818,2.0,-1.0471337579617956,0.015286624203821833,-1.0,0.34840764331212215,0.8222929936305735,0.34840764331212215,1.0917197452229634,82
f3_oos_fixed_b,1110,L,2026-05-15 06:13:00,sl,-93.44,11.429999999999382,2.000000000000159,-1.0218722659668094,0.020997375328085124,-1.0,-0.09886264216974368,0.8451443569554136,0.016622922134778617,1.0586176727909107,21
f3_oos_fixed_b,1126,S,2026-05-15 19:17:00,sl,-67.07000000000001,33.659999999999854,2.0,-0.9962863933452213,0.0071301247771836315,-1.0,1.5347593582887724,0.9664289958407571,1.5347593582887724,1.0392156862745012,1101
f3_oos_fixed_b,1138,L,2026-05-18 01:27:00,sl,-94.36,6.739999999999782,2.000000000000135,-1.0000000000000322,0.0356083086053424,-1.0,1.875370919881415,0.60979228486644,1.875370919881415,1.0712166172106201,63
f3_oos_fixed_b,1180,S,2026-05-19 05:44:00,tp,180.11,12.75,2.0,2.0180392156862745,0.018823529411764704,2.0,1.9725490196078859,0.2525490196077918,2.3443137254902218,0.2525490196077918,479
f3_oos_fixed_b,1184,S,2026-05-19 08:35:00,sl,-91.56,12.900000000000546,1.9999999999999294,-1.01395348837205,0.01860465116278991,-1.0,0.28914728682172985,0.7093023255813371,0.28914728682172985,1.018604651162773,43
f3_oos_fixed_b,1201,L,2026-05-19 23:20:00,sl,-99.03,15.63000000000011,1.9999999999999418,-1.0559820857325581,0.015355086372360736,-1.0,1.4824056301983308,0.8214971209213088,1.4824056301983308,1.026231605886107,248
f3_oos_fixed_b,1223,L,2026-05-20 17:43:00,sl,-63.53,57.45000000000073,1.9999999999999682,-1.1058311575282713,0.004177545691905952,-1.0,1.0692776327240836,0.9810269799825913,1.0692776327240836,1.2208877284595203,6504
f3_oos_fixed_b,1227,L,2026-05-20 17:44:00,sl,-104.21,46.4399999999996,2.0000000000000195,-1.1219853574504832,0.005167958656330794,-1.0,1.3152454780361855,0.9683462532299684,1.3152454780361855,1.0032299741602184,6489
f3_oos_fixed_b,1236,L,2026-05-20 20:27:00,tp,165.88,11.540000000000873,1.9999999999998423,1.796793760831753,0.020797227036393574,1.9999999999998423,1.7954939341419218,0.43327556325819944,2.211438474869809,0.43327556325819944,402
f3_oos_fixed_b,1255,S,2026-05-21 10:48:00,sl,-90.16,22.529999999999745,2.0000000000000404,-1.0004438526409345,0.010652463382157244,-1.0,0.05104305370619435,0.946293830448289,0.05104305370619435,1.043941411451389,85
f3_oos_fixed_b,1270,L,2026-05-21 21:29:00,sl,-89.27000000000001,43.69999999999982,2.000000000000021,-1.0213958810068693,0.005491990846681945,-1.0,-0.012128146453083468,0.9739130434782532,-0.002974828375267739,1.007551487414186,1109
f3_oos_fixed_b,1301,S,2026-05-22 17:38:00,sl,-89.94,14.990000000000691,1.9999999999998788,-0.999999999999954,0.016010673782520943,-1.0,0.21747831887925737,0.946631087391524,0.2948632421614322,1.0380253502334678,48
f3_oos_fixed_b,1321,S,2026-05-25 06:06:00,sl,-87.92,10.990000000000691,1.9999999999998346,-0.9999999999999372,0.021838034576886704,-1.0,0.9663330300272268,0.9972702456778296,0.9663330300272268,1.0373066424020854,425
f3_oos_fixed_b,1342,L,2026-05-26 01:28:00,sl,-84.35,11.930000000000291,1.9999999999999238,-1.0100586756076868,0.02011735121542281,-1.0,0.4476110645430935,0.8868398994132924,0.4476110645430935,1.0729253981558986,65
f3_oos_fixed_b,1358,S,2026-05-26 11:25:00,sl,-88.97,12.710000000000036,2.0,-0.9999999999999971,0.018882769472855963,-1.0,1.1683713611329913,0.9362706530290796,1.1683713611329913,1.067663257277708,145
f3_oos_fixed_b,1376,S,2026-05-27 01:13:00,sl,-83.6,20.800000000000182,2.0,-1.0048076923076834,0.011538461538461437,-1.0,0.30865384615384694,0.9269230769230565,0.30865384615384694,1.084134615384571,91
f3_oos_fixed_b,1400,L,2026-05-27 12:00:00,sl,-79.8,13.260000000000218,1.9999999999999314,-1.003016591251869,0.018099547511311917,-1.0,-0.07013574660635563,0.9826546003016924,-0.017345399698376257,1.0361990950226596,74
f3_oos_fixed_b,1428,S,2026-05-28 02:30:00,tp,162.19,11.579999999999927,2.0,2.0008635578583887,0.0207253886010364,2.0,1.8031088082901763,0.7305699481864577,2.027633851468102,0.7305699481864577,113
f3_oos_fixed_b,1454,L,2026-05-28 20:43:00,sl,-88.44,8.0,2.0,-1.005,0.03,-1.0,1.365000000000009,0.9875000000000682,1.365000000000009,1.0550000000000637,135
f3_oos_fixed_b,1457,S,2026-05-29 01:18:00,sl,-92.16,7.5,2.0,-1.024,0.032,-1.0,0.5866666666667394,0.9479999999999563,0.5866666666667394,1.1026666666666036,162
f3_oos_fixed_b,1463,L,2026-05-29 04:37:00,tp,149.85,14.970000000000255,2.0,2.0020040080159975,0.01603206412825624,2.0,1.8076152304609179,0.8029392117568018,2.0534402137608057,0.8029392117568018,489
f3_oos_fixed_b,1462,L,2026-05-29 04:40:00,tp,146.08,18.23999999999978,2.0,2.0021929824561644,0.013157894736842262,2.0,1.978070175438616,0.6732456140350818,2.0964912280701884,0.6732456140350818,741
f3_oos_fixed_b,1470,L,2026-05-29 09:31:00,tp,172.5,17.100000000000364,1.9999999999999467,2.01754385964908,0.014035087719297946,1.9999999999999467,1.978947368421019,0.512865497076038,2.515204678362532,0.512865497076038,501
f4_oos_fixed_b,729,S,2026-06-01 05:41:00,tp,182.8,9.11999999999989,2.0,2.004385964912305,0.026315789473684525,2.0,1.8486842105264016,0.051535087719326786,2.180921052631641,0.07675438596489326,221
f4_oos_fixed_b,781,S,2026-06-02 17:13:00,tp,186.85999999999999,23.019999999999527,2.0000000000000395,2.0293223284101196,0.010425716768028016,2.0000000000000395,1.9674196350999915,0.179409209383114,2.0360556038228395,0.179409209383114,883
f4_oos_fixed_b,791,S,2026-06-02 22:57:00,sl,-97.61,2.2299999999995634,2.0000000000004077,-1.017937219731141,0.1076233183856713,-1.0,0.37668161434991476,0.9955156950671659,0.37668161434991476,1.0538116591927866,15
f4_oos_fixed_b,789,S,2026-06-02 23:02:00,sl,-111.44999999999999,5.049999999999272,2.00000000000036,-1.1615424700366446,0.04752475247525437,-1.0,-0.09900990098993318,1.3603960396039547,-0.04554455445536566,1.3603960396039547,57
f4_oos_fixed_b,790,L,2026-06-02 23:26:00,sl,-96.52,11.260000000000218,2.0,-1.0714920071047749,0.021314387211367258,-1.0,0.3063943161633882,0.8046181172291496,0.3063943161633882,1.2984014209591126,102
f4_oos_fixed_b,792,L,2026-06-03 01:21:00,sl,-97.85,4.869999999999891,2.0,-1.0574948665297979,0.04928131416837893,-1.0,0.057494866529723125,0.7577002053389306,0.2648870636550293,1.3798767967146623,24
f4_oos_fixed_b,802,S,2026-06-03 10:40:00,tp,181.86,12.930000000000291,1.9999999999999296,2.0092807424593517,0.018561484918793086,1.9999999999999296,1.9040989945861824,0.7641144624903238,2.3967517401391403,0.7641144624903238,364
f4_oos_fixed_b,805,S,2026-06-03 12:41:00,sl,-88.62,12.590000000000146,1.9999999999999278,-1.0055599682287413,0.019062748212867135,-1.0,0.4400317712470135,0.49245432883238655,0.4400317712470135,1.0397140587768066,25
f4_oos_fixed_b,836,L,2026-06-04 16:02:00,sl,-77.91,25.76000000000022,1.9999999999999647,-1.0081521739130348,0.009316770186335324,-1.0,0.20496894409936725,0.9972826086956635,0.20496894409936725,1.0139751552794902,87
f4_oos_fixed_b,823,L,2026-06-05 10:00:00,sl,-89.34,29.329999999999927,2.0,-1.0153426525741587,0.00818274803954997,-1.0,0.7722468462325159,0.8810092055915516,0.7722468462325159,1.0937606546198433,352
f4_oos_fixed_b,863,S,2026-06-05 13:11:00,sl,-94.88,5.8100000000004,1.9999999999998435,-1.02065404475036,0.041308089500857736,-1.0,0.8089500860584328,0.7590361445782359,0.8089500860584328,1.910499139414733,100
f4_oos_fixed_b,911,S,2026-06-09 05:26:00,sl,-95.0,4.8200000000006185,1.9999999999996225,-1.0373443983401158,0.049792531120325556,-1.0,0.26348547717848,0.543568464730198,0.2738589211617302,1.290456431535157,5
f4_oos_fixed_b,928,S,2026-06-09 12:07:00,sl,-87.78,12.300000000000182,2.0,-1.019512195121936,0.01951219512195093,-1.0,0.32113821138216825,0.832520325203222,0.32113821138216825,1.0219512195121563,112
f4_oos_fixed_b,973,S,2026-06-10 14:36:00,sl,-82.95,15.930000000000291,1.999999999999943,-1.0414312617702257,0.01506591337099784,-1.0,1.999372253609528,0.9937225360953947,1.999372253609528,1.4193345888260678,129
f4_oos_fixed_b,996,L,2026-06-11 07:07:00,tp,171.42,14.230000000000018,2.000000000000032,2.007730147575542,0.016865776528460975,2.000000000000032,1.7891777933942699,0.10751932536892082,2.0245959241039992,0.10751932536892082,100
f4_oos_fixed_b,1003,L,2026-06-11 10:03:00,sl,-83.15,16.63000000000011,2.0,-0.9999999999999936,0.014431749849669178,-1.0,1.043896572459384,0.9843656043295392,1.043896572459384,1.0661455201443115,147
f4_oos_fixed_b,1000,L,2026-06-11 10:08:00,sl,-91.28,22.76000000000022,1.99999999999996,-1.0026362038664227,0.010544815465729248,-1.0,0.7649384885764362,0.9723198594024559,0.7649384885764362,1.0826010544815305,312
f4_oos_fixed_b,1035,L,2026-06-12 12:21:00,tp,109.42999999999999,55.10999999999967,2.0000000000000164,1.985665033569237,0.004354926510615159,2.0000000000000164,1.9865723099256236,0.8706223915804726,2.0016330974414998,0.8706223915804726,986
f4_oos_fixed_b,1092,L,2026-06-16 10:16:00,tp,171.88,17.539999999999964,2.000000000000052,1.9598631698973814,0.013683010262257725,2.000000000000052,1.5883694412771174,0.7839224629418489,2.005131128848355,0.7839224629418489,1806
f4_oos_fixed_b,1128,L,2026-06-17 08:47:00,sl,-89.64,9.840000000000146,2.0,-1.0121951219512046,0.024390243902438664,-1.0,0.31707317073169156,0.9065040650406444,0.31707317073169156,1.0701219512194704,35
f4_oos_fixed_b,1131,S,2026-06-17 09:36:00,sl,-81.99,9.039999999999964,2.0,-1.0077433628318624,0.02654867256637179,-1.0,0.8396017699115239,0.8805309734512344,0.8396017699115239,1.1393805309733753,174
f4_oos_fixed_b,1138,L,2026-06-17 16:56:00,tp,151.84,18.86999999999989,2.0,2.0116587175410823,0.012718600953895145,2.0,1.2564917859035598,0.5394806571277345,2.095919448860647,0.5394806571277345,217
f4_oos_fixed_b,1107,S,2026-06-17 17:57:00,sl,-86.31,9.570000000000618,1.99999999999981,-1.002089864158765,0.02507836990595449,-1.0,0.2121212121211718,0.9258098223614525,0.2121212121211718,1.1536050156739028,23
f4_oos_fixed_b,1152,L,2026-06-18 02:44:00,tp,168.24,10.510000000000218,2.0,2.0009514747858765,0.02283539486203568,2.0,1.878211227402414,0.170313986679346,2.3196955280684683,0.170313986679346,22
f4_oos_fixed_b,1165,L,2026-06-18 10:24:00,sl,-91.62,10.1200000000008,1.9999999999998204,-1.0059288537548612,0.02371541501976097,-1.0,-0.1452569169960611,0.8537549407114273,-0.017786561264849485,1.330039525691598,9
f4_oos_fixed_b,1203,L,2026-06-19 15:20:00,tp,177.03,12.609999999999673,2.000000000000072,2.0055511498810987,0.019032513877875197,2.000000000000072,1.924662965900164,0.6605868358445792,2.0452022204600024,0.6605868358445792,40
f4_oos_fixed_b,1240,L,2026-06-22 21:42:00,sl,-87.21,13.670000000000073,2.0,-1.0632772494513476,0.017556693489392736,-1.0,0.6744696415508563,0.9875640087783415,0.6744696415508563,1.0614484272128186,334
f4_oos_fixed_b,1239,S,2026-06-23 05:06:00,tp,179.47,44.63000000000011,2.0,2.0106430652027734,0.005377548734035389,2.0,1.9607887071476586,0.20053775487339898,2.041003809097018,0.20053775487339898,1403
f4_oos_fixed_b,1256,S,2026-06-23 05:50:00,tp,170.19,9.350000000000364,1.9999999999999027,2.02245989304805,0.025668449197859964,1.9999999999999027,1.665240641711134,0.2224598930481119,2.096256684491936,0.2224598930481119,28
f4_oos_fixed_b,1265,L,2026-06-23 12:33:00,sl,-94.94000000000001,22.940000000000055,2.0,-1.0346556233652984,0.010462074978203985,-1.0,1.3265039232781264,0.9921534437663542,1.3265039232781264,1.3374019180470889,783
f4_oos_fixed_b,1270,S,2026-06-23 14:59:00,sl,-86.76,9.61999999999989,2.0000000000000946,-1.0020790020790136,0.02494802494802523,-1.0,1.8056133056134094,0.840956340956271,1.8056133056134094,1.2619542619542157,109
f4_oos_fixed_b,1283,S,2026-06-23 23:13:00,tp,178.4,14.529999999999745,2.0000000000000626,2.046340903877072,0.016517549896765602,2.0000000000000626,1.8774948382657353,0.2539573296627436,2.0812112869925135,0.2539573296627436,144
f4_oos_fixed_b,1320,L,2026-06-24 23:47:00,tp,154.92,40.159999999999854,2.000000000000011,1.9287848605577758,0.005976095617529902,2.000000000000011,1.997011952191249,0.885707171314737,2.025149402390444,0.885707171314737,2359
f4_oos_fixed_b,1327,L,2026-06-25 01:11:00,sl,-96.32,11.959999999999582,2.000000000000076,-1.0066889632107374,0.020066889632107725,-1.0,0.22575250836123473,0.9899665551839553,0.22575250836123473,1.0969899665552132,55
f4_oos_fixed_b,1319,S,2026-06-25 03:08:00,tp,173.68,10.829999999999927,2.0,2.0046168051708353,0.022160664819944748,2.0,1.700831024930766,0.44321329639886975,2.0941828254848054,0.44321329639886975,24
f4_oos_fixed_b,1352,L,2026-06-25 15:42:00,tp,159.72,19.960000000000036,1.9999999999999771,2.0005010020040044,0.012024048096192362,1.9999999999999771,1.8892785571142268,-0.1432865731462759,2.2209418837675274,0.027555110220449944,160
f4_oos_fixed_b,1364,L,2026-06-25 22:24:00,sl,-94.5,9.399999999999636,2.000000000000097,-1.0053191489362092,0.02553191489361801,-1.0,0.18829787234043088,0.7478723404255337,0.18829787234043088,1.1265957446808619,21
f4_oos_fixed_b,1382,L,2026-06-26 07:31:00,tp,189.9,10.539999999999964,2.000000000000043,2.0018975332068383,0.022770398481973514,2.000000000000043,1.9772296015180473,0.5730550284629966,2.260910815939323,0.5730550284629966,146
f4_oos_fixed_b,1354,L,2026-06-26 07:32:00,tp,175.5,29.199999999999818,2.0000000000000155,2.003424657534259,0.008219178082191832,2.0000000000000155,1.9873287671233069,0.214726027397261,2.0544520547945413,0.214726027397261,558
f4_oos_fixed_b,1400,L,2026-06-26 16:33:00,tp,180.65,17.960000000000036,2.0,2.0116926503340715,0.013363028953229371,2.0,1.870824053452107,0.47884187082407276,2.197104677060131,0.47884187082407276,43
f4_oos_fixed_b,1411,S,2026-06-26 22:17:00,sl,-96.57,10.61999999999989,2.0000000000000426,-1.0103578154425716,0.022598870056497408,-1.0,0.3578154425612261,0.8587570621468484,0.3578154425612261,1.0564971751412349,96
f4_oos_fixed_b,1409,S,2026-06-26 22:20:00,sl,-102.0,20.389999999999873,2.000000000000022,-1.000490436488481,0.011770475723393894,-1.0,0.16380578715057217,0.8621873467385769,0.16380578715057217,0.9985286905345659,96
f4_oos_fixed_b,1402,L,2026-06-29 06:02:00,sl,-87.6,21.840000000000146,2.0,-1.002747252747246,0.010989010989010915,-1.0,0.41666666666665975,0.8846153846153862,0.41666666666665975,1.1794871794871815,148
f4_oos_fixed_b,1484,L,2026-06-30 18:55:00,sl,-100.21,9.059999999999945,2.00000000000005,-1.0055187637969154,0.026490066225165722,-1.0,-0.0022075055187618024,0.965783664459167,0.025386313465785824,1.0761589403973575,66
f4_oos_fixed_b,1487,S,2026-06-30 19:22:00,tp,200.33,7.5900000000001455,1.99999999999994,2.030303030302991,0.03162055335968319,1.99999999999994,1.960474308300372,0.5507246376811273,2.0816864295125006,0.5507246376811273,218
f5_oos_fixed_b,782,S,2026-07-01 03:39:00,tp,196.98,16.329999999999927,2.0,2.0104102878138486,0.014696876913655912,2.0,1.9840783833435538,-0.05817513778323803,2.304960195958389,0.034905082669914975,328
f5_oos_fixed_b,815,S,2026-07-01 18:34:00,tp,200.7,16.63000000000011,1.9999999999999727,2.011425135297642,0.014431749849669178,1.9999999999999727,1.9669272399278306,0.5917017438364177,2.3866506313890437,0.5917017438364177,258
f5_oos_fixed_b,828,L,2026-07-02 05:32:00,tp,193.52,12.039999999999964,2.0,2.009136212624591,0.01993355481727581,2.0,1.9568106312292373,0.041528239202657934,2.0099667774086667,0.041528239202657934,84
f5_oos_fixed_b,854,S,2026-07-02 19:59:00,sl,-91.43,18.51000000000022,1.999999999999951,-0.9878984332792969,0.012965964343597902,-1.0,0.6509994597514879,0.9303079416531632,0.6509994597514879,1.0297136682874217,373
f5_oos_fixed_b,903,S,2026-07-06 22:26:00,sl,-129.81,3.839999999999236,2.000000000000474,-1.207310267857383,0.06250000000001243,-1.0,0.47395833333358867,1.3281250000001221,0.47395833333358867,1.4973958333333943,93
f5_oos_fixed_b,928,L,2026-07-07 06:14:00,sl,-101.44,12.270000000000437,1.9999999999999258,-1.0334148329257984,0.0195599022004883,-1.0,-0.01385493072535181,0.9959250203748834,-0.0024449877750402833,1.0961695191523504,34
f5_oos_fixed_b,966,L,2026-07-08 05:19:00,sl,-94.75,18.6299999999992,2.0000000000000977,-1.0171765968867854,0.012882447665056914,-1.0,0.9645732689211501,0.6146001073537471,0.9645732689211501,1.52495974235108,358
f5_oos_fixed_b,978,S,2026-07-08 12:17:00,sl,-70.87,71.76999999999998,2.000000000000006,-0.9874599414797273,0.0033440156054061593,-1.0,0.47108819841159827,0.9974919882959413,0.47108819841159827,1.024940783056987,1635
f5_oos_fixed_b,813,L,2026-07-08 19:27:00,tp,165.14,28.65000000000009,1.9999999999999842,1.9213496218731758,0.008376963350785313,1.9999999999999842,1.7521815008726043,0.06422338568935915,2.0352530541012133,0.06422338568935915,751
f5_oos_fixed_b,995,S,2026-07-09 03:42:00,sl,-102.48,12.680000000000291,1.9999999999999283,-1.0102523659305762,0.018927444794952245,-1.0,1.7894321766561148,0.5741324921135315,1.7894321766561148,1.790220820189219,318
f5_oos_fixed_b,979,S,2026-07-09 11:58:00,sl,-105.28,12.5600000000004,1.9999999999999276,-1.0477707006369092,0.019108280254776462,-1.0,1.1401273885350085,0.9514331210190635,1.1401273885350085,1.080414012738796,220
f5_oos_fixed_b,1035,L,2026-07-10 02:16:00,sl,-101.75,4.050000000000182,1.9999999999997755,-1.0049382716048931,0.0592592592592566,-1.0,0.17283950617278682,0.9753086419754445,0.17283950617278682,1.1407407407406625,46
f5_oos_fixed_b,1046,S,2026-07-10 09:56:00,tp,196.92,8.199999999999818,2.0000000000000555,2.001219512195166,0.029268292682927476,2.0000000000000555,1.8256097560976325,0.39512195121949434,2.107317073170803,0.39512195121949434,113
f5_oos_fixed_b,1060,S,2026-07-10 22:01:00,sl,-101.88,5.600000000000364,1.9999999999998377,-1.01071428571422,0.04285714285714007,-1.0,0.3446428571428867,0.9928571428569875,0.3446428571428867,1.012499999999947,51
f5_oos_fixed_b,1072,L,2026-07-13 04:45:00,sl,-97.6,19.5,2.0,-1.0010256410256408,0.012307692307692308,-1.0,0.16871794871794685,0.9338461538461557,0.16871794871794685,1.0256410256410255,45
f5_oos_fixed_b,1121,S,2026-07-14 22:05:00,tp,197.68,10.800000000000182,1.9999999999999578,2.0337448559670444,0.02222222222222185,1.9999999999999578,1.9425925925925616,0.8601851851851673,2.1527777777777417,0.8601851851851673,371
f5_oos_fixed_b,1127,L,2026-07-14 23:06:00,sl,-108.53999999999999,8.230000000000018,2.0,-1.099027946537057,0.029161603888213785,-1.0,-0.009720534629395755,0.8821385176184936,-0.009720534629395755,1.046172539489685,122
f5_oos_fixed_b,1138,S,2026-07-15 08:22:00,sl,-100.92,8.329999999999927,2.0,-1.0096038415366235,0.028811524609844187,-1.0,0.5750300120048571,0.7406962785113652,0.5750300120048571,1.1476590636254536,20
f5_oos_fixed_b,1147,S,2026-07-15 16:38:00,tp,200.06,14.230000000000018,2.0,2.008432888264228,0.016865776528460975,2.0,1.9501054111033005,0.5361911454673295,2.194659170765986,0.5361911454673295,177
f5_oos_fixed_b,1155,L,2026-07-15 20:58:00,sl,-110.32000000000001,34.38000000000011,2.0,-1.0696141167345323,0.0069808027923210945,-1.0,0.5095986038394393,0.9429901105293766,0.5095986038394393,1.009889470622459,436
f5_oos_fixed_b,1154,L,2026-07-15 21:01:00,sl,-79.91,37.55000000000018,2.0,-1.0640479360852144,0.006391478029294243,-1.0,0.45006657789613874,0.9629826897469954,0.45006657789613874,1.0165113182423406,456
f5_oos_fixed_b,1178,L,2026-07-16 13:41:00,sl,-100.8,9.889999999999873,2.000000000000046,-1.019211324570286,0.024266936299292524,-1.0,0.18806875631952996,0.8008088978766148,0.18806875631952996,1.1627906976744335,44
f5_oos_fixed_b,1220,S,2026-07-17 20:49:00,tp,203.98999999999998,9.070000000000164,1.9999999999999498,2.0446025859476427,0.026460859977948805,1.9999999999999498,1.9680264608599825,0.787210584343963,2.097023153252491,0.787210584343963,248
f5_oos_fixed_b,1223,S,2026-07-17 21:01:00,sl,-96.85,7.399999999999636,2.000000000000123,-1.006756756756806,0.03243243243243402,-1.0,-0.08513513513509262,0.6554054054053639,-0.031081081081023615,1.0486486486486684,28
f5_oos_fixed_b,1233,L,2026-07-20 05:23:00,tp,197.38,25.050000000000182,1.9999999999999818,1.9698602794411033,0.009580838323353224,1.9999999999999818,1.9516966067864079,0.36886227544910855,2.0107784431137534,0.36886227544910855,1565
f5_oos_fixed_b,1235,L,2026-07-20 11:13:00,tp,189.14,24.039999999999964,2.0,1.9669301164725486,0.009983361064891862,2.0,1.936356073211306,0.9708818635607397,2.039101497504162,0.9708818635607397,1256
f5_oos_fixed_b,1245,S,2026-07-20 12:03:00,sl,-97.68,11.970000000000255,1.999999999999962,-1.0200501253132617,0.02005012531328278,-1.0,0.33333333333334597,0.704260651629044,0.33333333333334597,1.467836257309886,147
f5_oos_fixed_b,1261,L,2026-07-20 23:33:01,sl,-116.10000000000001,5.0,2.0,-1.161,0.048,-1.0,0.32600000000002183,0.9799999999999273,0.32600000000002183,1.2479999999999563,67
f5_oos_fixed_b,1265,L,2026-07-21 04:02:00,tp,191.8,23.949999999999818,2.000000000000019,2.0020876826722493,0.010020876826722414,2.000000000000019,1.9766179540710023,0.10396659707723593,2.0434237995824813,0.10396659707723593,311
f5_oos_fixed_b,1333,S,2026-07-22 20:59:00,tp,194.61999999999998,13.329999999999927,2.0000000000000684,2.0857357196442075,0.018004501125281416,2.0000000000000684,3.095273818454647,0.034508627156723884,3.095273818454647,0.054763690922698234,415
f5_oos_fixed_b,1332,S,2026-07-22 21:00:00,tp,190.53,23.220000000000255,1.9999999999999805,2.0513565891472645,0.010335917312661385,1.9999999999999805,1.8423772609819202,-0.02971576227392342,2.0749354005167855,0.025839793281629962,760
f5_oos_fixed_b,1340,L,2026-07-23 03:36:00,sl,-106.4,14.63000000000011,2.0,-1.038961038961031,0.016404647983595227,-1.0,0.6807928913192045,0.9220779220779003,0.6807928913192045,1.1380724538618943,80
f5_oos_fixed_b,1353,S,2026-07-23 13:09:00,tp,225.68,8.379999999999654,2.0000000000001084,2.0715990453461477,0.028639618138426002,2.0000000000001084,1.9093078758951212,0.7637231503579833,2.2147971360383254,0.7637231503579833,135
f5_oos_fixed_b,1270,L,2026-07-24 06:25:00,tp,209.52,8.730000000000018,1.9999999999999478,1.9999999999999962,0.027491408934707844,1.9999999999999478,1.9942726231385817,0.9805269186712924,2.103092783505113,0.9805269186712924,236
f5_oos_fixed_b,1415,S,2026-07-27 07:28:00,sl,-115.56,6.110000000000127,1.9999999999999256,-1.0507364975449862,0.03927986906710229,-1.0,-0.10965630114567247,0.7905073649754217,-0.0032733224222555473,1.080196399345298,40
f5_oos_fixed_b,1414,S,2026-07-27 08:40:00,sl,-105.96,8.819999999999709,2.0000000000000515,-1.0011337868481056,0.027210884353742394,-1.0,0.42176870748303597,0.950113378684851,0.42176870748303597,1.0623582766440136,55
f5_oos_fixed_b,1423,L,2026-07-27 13:30:00,sl,-110.39,5.7800000000002,1.9999999999999214,-1.0051903114186502,0.04152249134947953,-1.0,1.8633217993078908,0.7993079584775408,1.8633217993078908,1.2041522491349128,103
f5_oos_fixed_b,1428,S,2026-07-27 17:11:00,tp,179.38,29.690000000000055,2.0,2.0139216346693574,0.008083529808016151,2.0,1.9100707308858331,0.6813742000673468,2.040080835298082,0.6813742000673468,1388
f5_oos_fixed_b,1439,L,2026-07-27 22:34:00,sl,-109.84,11.170000000000073,2.0,-1.0926091713916173,0.021486123545210244,-1.0,0.2829006266785885,0.9695613249776465,0.2829006266785885,1.0662488809310862,106
f5_oos_fixed_b,1449,S,2026-07-28 13:10:00,sl,-76.49000000000001,36.76999999999998,2.0,-1.0401142235518093,0.006527060103345121,-1.0,0.700571117759049,0.7837911340766978,0.700571117759049,1.735654065814528,1848
f5_oos_fixed_b,1460,L,2026-07-28 14:36:00,sl,-104.4,8.629999999999654,2.0000000000001052,-1.0081112398609906,0.027809965237544566,-1.0,1.1541135573581038,0.9304750869061491,1.1541135573581038,1.0950173812282962,164
f5_oos_fixed_b,1469,S,2026-07-28 19:37:00,tp,210.8,5.260000000000218,1.9999999999999136,2.003802281368738,0.04562737642585362,1.9999999999999136,1.9239543726234736,0.24714828897340835,2.0532319391634473,0.24714828897340835,62
f5_oos_fixed_b,1483,S,2026-07-29 03:15:00,sl,-117.6,7.139999999999873,2.0000000000000635,-1.0980392156862941,0.033613445378151856,-1.0,-0.28711484593834224,0.8389355742296762,-0.023809523809470736,1.275910364145635,6
f5_oos_fixed_b,1493,L,2026-07-29 09:43:00,sl,-107.44,13.349999999999909,2.0,-1.0059925093633026,0.017977528089887763,-1.0,0.36254681647938003,0.9543071161048932,0.36254681647938003,1.0074906367041472,235
f5_oos_fixed_b,1457,S,2026-07-29 11:40:00,tp,218.72,13.63000000000011,2.0,2.0058694057226547,0.017608217168011597,2.0,1.84005869405724,0.1760821716800893,2.0909757887014107,0.1760821716800893,230
f5_oos_fixed_b,1534,L,2026-07-30 14:06:00,sl,-107.57,20.690000000000055,2.0,-1.0398260028999486,0.011599806669888805,-1.0,1.932334461092289,0.9284678588690182,1.932334461092289,1.0014499758337458,1216
f5_oos_fixed_b,1520,S,2026-07-30 16:04:00,sl,-110.35,21.91000000000031,1.9999999999999585,-1.0073026015517885,0.01095390232770409,-1.0,0.09356458238248073,0.7416704701049645,0.10132359653127446,1.144682793245074,33
f5_oos_fixed_b,1537,S,2026-07-30 18:28:00,sl,-110.04,18.330000000000382,1.9999999999999505,-1.0005455537370223,0.013093289689034096,-1.0,0.11456628477904339,0.9945444626295493,0.11456628477904339,1.0109110747408518,35
f5_oos_fixed_b,1350,S,2026-07-30 18:31:00,tp,178.18,29.520000000000437,1.9999999999999691,2.0119692863595007,0.008130081300812888,1.9999999999999691,1.9725609756097275,0.8882113821138167,2.032181571815696,0.8882113821138167,1262
f5_oos_fixed_b,1550,L,2026-07-30 22:34:00,sl,-102.08,12.760000000000218,1.9999999999999287,-0.9999999999999829,0.018808777429466763,-1.0,0.25862068965518226,0.989811912225697,0.25862068965518226,1.0227272727272694,74
f5_oos_fixed_b,1556,S,2026-07-31 03:12:00,tp,212.19,9.61999999999989,2.000000000000047,2.0051975051975277,0.02494802494802523,2.000000000000047,1.9199584199584683,0.20790020790021027,2.046777546777623,0.20790020790021027,98
f5_oos_fixed_b,1560,S,2026-07-31 11:49:00,end,51.72,28.289999999999964,2.0,0.6094026157652889,0.008483563096500541,0.6094026157652889,1.41392718275009,0.1159420289854984,1.41392718275009,0.1159420289854984,726
