case_id,setup_id,alt_msc,alt_price,alt_kind,run_id
1000763,763,1772586035740,5107.42,sl,f1_oos_procedure
2001004,1004,1775782827553,4777.06,sl,f2_oos_procedure
2001049,1049,1776128412119,4752.35,sl,f2_oos_procedure
2001047,1047,1776128437847,4755.96,sl,f2_oos_procedure
2001275,1275,1776819603785,4723.27,sl,f2_oos_procedure
2001341,1341,1776992404513,4702.8,sl,f2_oos_procedure
2001413,1413,1777338001606,4684.7,sl,f2_oos_procedure
3000771,771,1777856402063,4638.07,sl,f3_oos_procedure
4000786,786,1780448435756,4492.26,sl,f4_oos_procedure
4001048,1048,1781485200815,4268.91,tp,f4_oos_procedure
4001207,1207,1782090001384,4140.29,sl,f4_oos_procedure
5000903,903,1783386000532,4166.59,sl,f5_oos_procedure
5001383,1383,1785114000831,4091.33,tp,f5_oos_procedure
6000763,763,1772586035740,5107.42,sl,f1_oos_fixed_a
7001004,1004,1775782827553,4777.06,sl,f2_oos_fixed_a
7001049,1049,1776128412119,4752.35,sl,f2_oos_fixed_a
7001047,1047,1776128437847,4755.96,sl,f2_oos_fixed_a
7001275,1275,1776819603785,4723.27,sl,f2_oos_fixed_a
7001341,1341,1776992404513,4702.8,sl,f2_oos_fixed_a
7001413,1413,1777338001606,4684.7,sl,f2_oos_fixed_a
8000771,771,1777856402063,4638.07,sl,f3_oos_fixed_a
9000786,786,1780448435756,4492.26,sl,f4_oos_fixed_a
9001048,1048,1781485200815,4268.91,tp,f4_oos_fixed_a
9001207,1207,1782090001384,4140.29,sl,f4_oos_fixed_a
10000903,903,1783386000532,4166.59,sl,f5_oos_fixed_a
10001383,1383,1785114000831,4091.33,tp,f5_oos_fixed_a
12001047,1047,1776128437847,4755.96,sl,f2_oos_fixed_b
12001341,1341,1776992404513,4702.8,sl,f2_oos_fixed_b
12001413,1413,1777338001606,4684.7,sl,f2_oos_fixed_b
13000771,771,1777856402063,4638.07,sl,f3_oos_fixed_b
13000958,958,1778461202399,4683.43,sl,f3_oos_fixed_b
14000789,789,1780448403471,4491.36,sl,f4_oos_fixed_b
15000903,903,1783386000532,4166.59,sl,f5_oos_fixed_b
