position_id,setup_id,dir,fill_price,sl0,r0,tp,activated_msc,activation_bid,activation_ask,best_price,final_sl,requests,accepted,rejected,not_sent,exit_kind,state_roundtrip
2,700,S,5329.48,5343.58,14.10,5301.28,,,,5326.65,5343.58,0,0,0,0,sl,ok
4,730,L,5367.68,5330.29,37.39,5442.46,,,,5375.60,5330.29,0,0,0,0,sl,ok
6,770,S,5146.31,5166.82,20.51,5105.29,,,,5128.90,5166.82,0,0,0,0,sl,ok
8,774,L,5173.67,5156.98,16.69,5207.05,1772626126887,5190.90,5191.10,5202.52,5185.83,86,86,0,0,trail,ok
10,781,S,5159.42,5206.45,47.03,5065.36,1772655627852,5111.79,5111.99,5109.25,5156.28,16,16,0,0,trail,ok
12,800,S,5182.13,5194.09,11.96,5158.21,1772693292508,5169.96,5170.16,5158.33,5170.29,106,106,0,0,tp,ok
14,822,S,5065.10,5085.90,20.80,5023.50,,,,5056.14,5085.90,0,0,0,0,sl,ok
17,828,L,5131.19,5072.55,58.64,5248.47,,,,5141.45,5072.55,0,0,0,0,sl,ok
19,842,L,5109.96,5062.75,47.21,5204.38,1772816572219,5157.20,5157.40,5198.35,5151.14,134,133,1,0,trail,ok
16,826,L,5134.09,5061.60,72.49,5279.07,,,,5198.35,5061.60,0,0,0,0,sl,ok
23,871,L,5107.91,5095.08,12.83,5133.57,,,,5111.09,5095.08,0,0,0,0,sl,ok
22,867,L,5128.75,5085.08,43.67,5216.09,,,,5132.59,5085.08,0,0,0,0,sl,ok
26,875,S,5082.59,5110.82,28.23,5026.13,,,,5060.97,5110.82,0,0,0,0,sl,ok
28,968,S,5178.14,5184.88,6.74,5164.66,,,,5174.63,5184.88,0,0,0,0,sl,ok
29,950,S,5177.55,5193.93,16.38,5144.79,1773332583173,5160.89,5161.13,5146.33,5162.71,127,127,0,0,trail,ok
32,987,L,5106.39,5078.70,27.69,5161.77,,,,5128.41,5078.70,0,0,0,0,sl,ok
34,1012,S,5049.17,5112.87,63.70,4921.77,1773627625043,4983.84,4984.11,4967.95,5031.65,60,60,0,0,trail,ok
35,1027,L,5015.54,4971.85,43.69,5102.92,,,,5035.95,4971.85,0,0,0,0,sl,ok
39,1048,L,5029.89,5013.70,16.19,5062.27,,,,5037.91,5013.70,0,0,0,0,sl,ok
38,1044,L,5023.70,4995.70,28.00,5079.70,,,,5037.91,4995.70,0,0,0,0,sl,ok
42,1063,S,5001.48,5016.89,15.41,4970.66,,,,4995.02,5016.89,0,0,0,0,sl,ok
43,1062,S,5001.87,5021.05,19.18,4963.51,,,,4995.02,5021.05,0,0,0,0,sl,ok
46,1074,S,5010.71,5041.22,30.51,4949.69,1773772821886,4979.69,4979.89,4973.77,5004.28,44,44,0,0,trail,ok
50,1095,S,5000.26,5008.63,8.37,4983.52,,,,4993.54,5008.63,0,0,0,0,sl,ok
47,1090,S,4995.28,5019.49,24.21,4946.86,1773840937619,4970.68,4970.88,4947.05,4971.26,100,100,0,0,tp,ok
48,1089,S,4995.59,5020.61,25.02,4945.55,1773840937720,4969.18,4969.41,4946.44,4971.46,107,107,0,0,tp,ok
54,1131,L,4888.40,4875.56,12.84,4914.08,,,,4899.20,4875.56,0,0,0,0,sl,ok
56,1138,S,4820.39,4857.42,37.03,4746.33,,,,4804.81,4857.42,0,0,0,0,sl,ok
57,1140,L,4834.29,4808.77,25.52,4885.33,1773895122986,4859.90,4860.14,4867.19,4841.67,81,81,0,0,trail,ok
59,1147,S,4850.04,4860.85,10.81,4828.42,1773909443881,4838.78,4838.98,4829.57,4840.38,90,90,0,0,trail,ok
62,1154,S,4725.29,4740.75,15.46,4694.37,1773919988795,4709.56,4709.80,4697.10,4712.56,57,57,0,0,trail,ok
63,1151,S,4722.78,4783.46,60.68,4601.42,1773931362349,4660.53,4660.74,4602.54,4663.22,274,274,0,0,tp,ok
66,1190,L,4731.34,4672.23,59.11,4849.56,,,,4735.09,4672.23,0,0,0,0,sl,ok
67,1188,L,4732.08,4671.68,60.40,4852.88,,,,4734.73,4671.68,0,0,0,0,sl,ok
68,1186,L,4734.20,4646.83,87.37,4908.94,,,,4734.73,4646.83,0,0,0,0,sl,ok
72,1251,L,4463.29,4404.83,58.46,4580.21,,,,4512.86,4404.83,0,0,0,0,sl,ok
74,1278,L,4347.37,4329.94,17.43,4382.23,,,,4348.47,4329.94,0,0,0,0,sl,ok
76,1280,L,4359.37,4319.66,39.71,4438.79,1774346190935,4399.78,4400.03,4432.65,4392.94,196,196,0,0,trail,ok
78,1310,L,4483.75,4447.86,35.89,4555.53,1774406202003,4520.84,4521.08,4555.41,4519.52,140,140,0,0,tp,ok
80,1317,S,4575.69,4601.44,25.75,4524.19,1774427536118,4549.70,4549.94,4533.43,4559.18,155,155,0,0,trail,ok
82,1329,L,4583.94,4551.41,32.53,4649.00,,,,4584.00,4551.41,0,0,0,0,sl,ok
83,1328,L,4582.49,4527.50,54.99,4692.47,,,,4583.67,4527.50,0,0,0,0,sl,ok
86,1332,S,4547.38,4585.20,37.82,4471.74,1774476570946,4508.41,4508.65,4487.12,4524.94,72,72,0,0,trail,ok
88,1347,S,4494.85,4514.88,20.03,4454.79,,,,4494.85,4514.88,0,0,0,0,sl,ok
90,1356,S,4440.60,4459.63,19.03,4402.54,1774540837512,4421.23,4421.46,4420.46,4439.49,7,7,0,0,trail,ok
92,1388,S,4459.52,4475.03,15.51,4428.50,1774608894366,4443.74,4443.97,4428.59,4444.10,236,236,0,0,tp,ok
93,1389,S,4453.39,4468.90,15.51,4422.37,1774610653533,4437.64,4437.84,4422.53,4438.04,204,204,0,0,tp,ok
94,1391,S,4434.96,4457.28,22.32,4390.32,1774619146603,4412.07,4412.30,4404.57,4426.89,89,89,0,0,trail,ok
97,1394,L,4421.19,4407.58,13.61,4448.41,1774625907453,4434.95,4435.15,4445.18,4431.57,100,100,0,0,trail,ok
100,1407,S,4509.09,4523.36,14.27,4480.55,1774655565532,4494.56,4494.80,4467.87,4505.66,53,52,1,1,tp,ok
103,1415,L,4482.93,4445.40,37.53,4557.99,1774860589546,4520.48,4520.68,4557.93,4520.40,433,433,0,0,tp,ok
102,1412,L,4468.11,4419.89,48.22,4564.55,1774851822148,4516.44,4516.68,4564.51,4516.29,488,488,0,0,tp,ok
106,1433,S,4564.53,4578.31,13.78,4536.97,1774888555267,4550.44,4550.65,4537.05,4550.83,86,86,0,0,tp,ok
108,1443,S,4504.24,4519.21,14.97,4474.30,,,,4501.29,4519.21,0,0,0,0,sl,ok
110,1457,L,4559.65,4550.58,9.07,4577.79,1774941611126,4568.94,4569.15,4569.36,4560.29,2,2,0,0,trail,ok
112,1475,L,4663.11,4607.71,55.40,4773.91,,,,4687.18,4607.71,0,0,0,0,end,ok
