setup_id,dir,ob_mode,entry_mode,ob_time,ob_high,ob_low,idfvg_c1_time,idfvg_c3_time,idfvg_low,idfvg_high,bos_pivot_time,bos_pivot_conf_time,bos_level,bos_break_time,activation_time,touch_time,cfvg_c1_time,cfvg_c3_time,cfvg_low,cfvg_high,entry,sl,tp,volume,stops_level_pts,place_time_msc,order_ticket,fill_time_msc,fill_price,position_id,exit_time_msc,exit_price,exit_kind,reason,reason_time_msc,retest_seen_no_fill,idfvg_vol_ratio,cfvg_vol_ratio,market_closed_first_msc,place_attempts
1,S,0,0,1763576400,4091.44,4084.15,1763576400,1763577000,4079.24,4084.15,,,,,1763577000,1763583000,,,,,,,,,,,,,,,,,,cancelled_no_fvg,1763586900000,0,2.0822,,,0
2,S,0,0,1764087600,4143.18,4138.85,1764087900,1764088500,4132.70,4133.51,,,,,1764088500,1764094500,,,,,,,,,,,,,,,,,,invalidated_touched,1764097500000,0,2.1138,,,0
3,L,0,0,1764096900,4137.50,4135.55,1764096900,1764097500,4137.50,4145.05,,,,,1764097500,1764102900,,,,,,,,,,,,,,,,,,invalidated_touched,1764104400000,0,2.2503,,,0
4,L,0,0,1764174300,4147.51,4141.94,1764174300,1764174900,4147.51,4149.70,,,,,1764174900,1764175200,,,,,,,,,,,,,,,,,,cancelled_no_fvg,1764179100000,0,2.1831,,,0
5,L,0,0,1764298500,4182.67,4180.11,1764298500,1764299100,4182.67,4189.12,,,,,1764299100,1764309600,,,,,,,,,,,,,,,,,,invalidated_touched,1764311400000,0,2.4059,,,0
9,S,0,0,1764354300,4210.36,4205.14,1764354600,1764355200,4207.32,4207.46,,,,,1764355200,1764355500,,,,,,,,,,,,,,,,,,invalidated_touched,1764357000000,0,2.4960,,,0
10,L,0,0,1764357900,4208.11,4206.06,1764357900,1764358500,4208.11,4209.78,,,,,1764358500,1764551100,,,,,,,,,,,,,,,,,,cancelled_no_fvg,1764555000000,0,2.4049,,,0
12,S,0,0,1764557400,4233.15,4226.16,1764557700,1764558300,4230.20,4230.37,,,,,1764558300,1764558600,,,,,,,,,,,,,,,,,,invalidated_touched,1764559800000,0,3.0243,,,0
14,L,0,0,1764560700,4243.37,4237.11,1764560700,1764561300,4243.37,4245.08,,,,,1764561300,1764562800,,,,,,,,,,,,,,,,,,invalidated_touched,1764564000000,0,2.3011,,,0
7,L,0,0,1764350100,4189.55,4185.58,1764350400,1764351000,4189.27,4193.37,,,,,1764351000,,,,,,,,,,,,,,,,,,,expired_untouched,1764564600000,0,2.5112,,,0
15,S,0,0,1764561300,4256.33,4245.08,1764561600,1764562200,4250.15,4250.27,,,,,1764562200,1764562500,1764562500,1764563100,4245.87,4246.11,4245.87,4256.43,4224.75,0.09,20,1764563400000,3,,,,,,,expired_unfilled,1764567000000,0,2.3731,2.0056,,1
13,L,0,0,1764558900,4231.29,4224.65,1764559200,1764559800,4232.20,4236.23,,,,,1764559800,1764573000,,,,,,,,,,,,,,,,,,invalidated_touched,1764573900000,0,2.5244,,,0
11,L,0,0,1764555600,4222.60,4218.32,1764555600,1764556200,4222.60,4226.54,,,,,1764556200,1764558300,1764559200,1764559800,4232.20,4236.23,4236.23,4218.22,4272.25,0.05,20,1764560100000,2,1764560101719,4236.21,2,1764573992474,4218.15,sl,filled,1764560101719,0,2.1639,2.5244,,1
16,S,0,0,1764572700,4243.76,4239.61,1764573000,1764573600,4226.97,4229.54,,,,,1764573600,1764578700,,,,,,,,,,,,,,,,,,cancelled_no_fvg,1764582600000,0,2.0288,,,0
17,S,0,0,1767582000,4416.91,4394.39,1767582300,1767582900,4404.61,4404.88,,,,,1767582900,1767583200,,,,,,,,,,,,,,,,,,cancelled_no_fvg,1767587100000,0,2.0008,,,0
18,S,0,0,1767712500,4470.45,4465.24,1767712500,1767713100,4461.47,4465.24,,,,,1767713100,1767714900,,,,,,,,,,,,,,,,,,invalidated_touched,1767715800000,0,2.2728,,,0
22,S,0,0,1767720300,4481.91,4476.20,1767720300,1767720900,4472.55,4476.20,,,,,1767720900,1767721500,,,,,,,,,,,,,,,,,,invalidated_touched,1767723900000,0,2.2966,,,0
20,L,0,0,1767716400,4468.84,4464.48,1767716700,1767717300,4468.49,4476.85,,,,,1767717300,1767720600,,,,,,,,,,,,,,,,,,cancelled_no_fvg,1767724500000,0,2.4106,,,0
19,L,0,0,1767714300,4463.88,4456.81,1767714600,1767715200,4465.15,4467.44,,,,,1767715200,1767720900,,,,,,,,,,,,,,,,,,cancelled_no_fvg,1767724800000,0,2.0076,,,0
21,S,0,0,1767719100,4488.59,4482.27,1767719400,1767720000,4479.05,4479.11,,,,,1767720000,1767722400,,,,,,,,,,,,,,,,,,invalidated_touched,1767726300000,0,2.2188,,,0
23,S,0,0,1767754500,4492.10,4485.25,1767754500,1767755100,4483.57,4485.25,,,,,1767755100,,,,,,,,,,,,,,,,,,,expired_untouched,1767784200000,0,2.0453,,,0
24,S,0,0,1768926300,4750.83,4740.92,1768926300,1768926900,4740.22,4740.92,,,,,1768926900,1768927500,,,,,,,,,,,,,,,,,,cancelled_no_fvg,1768931400000,0,2.1884,,,0
25,S,0,0,1769136900,4965.81,4957.58,1769136900,1769137500,4946.35,4957.58,,,,,1769137500,1769139900,,,,,,,,,,,,,,,,,,cancelled_no_fvg,1769143800000,0,2.0650,,,0
27,S,0,0,1769417100,5110.18,5092.04,1769417400,1769418000,5082.65,5099.13,,,,,1769418000,1769418600,,,,,,,,,,,,,,,,,,cancelled_no_fvg,1769422500000,0,2.1989,,,0
26,L,0,0,1769413200,5063.44,5053.13,1769413200,1769413800,5063.44,5070.53,,,,,1769413800,1769441400,,,,,,,,,,,,,,,,,,cancelled_no_fvg,1769445300000,0,2.2934,,,0
28,L,0,0,1771343700,4916.72,4870.21,1771344000,1771344600,4874.07,4884.82,,,,,1771344600,1771344900,,,,,,,,,,,,,,,,,,invalidated_touched,1771346700000,0,2.0277,,,0
29,S,0,0,1771345500,4900.88,4893.59,1771345800,1771346400,4886.62,4887.39,,,,,1771346400,1771360800,,,,,,,,,,,,,,,,,,cancelled_no_fvg,1771364700000,0,2.1038,,,0
30,S,0,0,1772420100,5355.16,5341.10,1772420100,1772420700,5335.64,5341.10,,,,,1772420700,1772421000,,,,,,,,,,,,,,,,,,cancelled_no_fvg,1772424900000,0,2.1190,,,0
32,L,0,0,1781731800,4313.04,4269.85,1781732100,1781732700,4311.58,4314.53,,,,,1781732700,1781733000,,,,,,,,,,,,,,,,,,invalidated_touched,1781734200000,0,2.4566,,,0
33,S,0,0,1781732400,4327.01,4296.53,1781732700,1781733300,4311.55,4314.53,,,,,1781733300,1781751900,,,,,,,,,,,,,,,,,,cancelled_no_fvg,1781755800000,0,2.2709,,,0
31,S,0,0,1781729700,4381.47,4376.98,1781729700,1781730300,4319.00,4376.98,,,,,1781730300,,,,,,,,,,,,,,,,,,,expired_untouched,1781763000000,0,2.5799,,,0
34,L,0,0,1783005900,4069.63,4062.89,1783005900,1783006500,4069.63,4124.01,,,,,1783006500,,,,,,,,,,,,,,,,,,,expired_untouched,1783035600000,0,2.0268,,,0
35,L,0,0,1785358500,4044.87,4041.41,1785358500,1785359100,4044.87,4066.33,,,,,1785359100,1785365700,,,,,,,,,,,,,,,,,,cancelled_no_fvg,1785369600000,0,2.1397,,,0
