StructureVariant,SwingStrengthM1,StopBufferPoints,profit,trades,eq_dd_pct,recovery_factor,custom,sharpe,run_id,pass,eq_dd_money,eligible,raw_score,smoothed
0,2,10,-4381.62,461,50.2893,-0.839902,-0.2236615670993729,-5.0,nv1_f1_grid_lo,0,5216.822915054375,False,0.0,0.0
0,2,20,-3674.08,465,44.2708,-0.799929,-0.1663719936671367,-3.948721,nv1_f1_grid_lo,6,4593.007629427111,False,0.0,0.0
0,2,40,-3620.55,463,45.2504,-0.771043,-0.1639464157862595,-3.88855,nv1_f1_grid_hi,0,4695.652512246399,False,0.0,0.0
0,3,10,-6054.17,483,63.2627,-0.921235,-0.4363350711363431,-5.0,nv1_f1_grid_lo,2,6571.797641209898,False,0.0,0.0
0,3,20,-5152.93,494,54.577,-0.909133,-0.3098133206189904,-5.0,nv1_f1_grid_lo,8,5667.960573425451,False,0.0,0.0
0,3,40,-5127.97,491,54.411,-0.906192,-0.3078909237808201,-5.0,nv1_f1_grid_hi,2,5658.811819128839,False,0.0,0.0
0,4,10,-4920.99,492,52.2832,-0.913796,-0.2673309870764403,-5.0,nv1_f1_grid_lo,4,5385.217269499975,False,0.0,0.0
0,4,20,-4818.89,490,51.1479,-0.91745,-0.2545748600307873,-5.0,nv1_f1_grid_lo,10,5252.482424110306,False,0.0,0.0
0,4,40,-4638.67,486,49.5734,-0.916579,-0.2349420419533315,-5.0,nv1_f1_grid_hi,4,5060.8512741400355,False,0.0,0.0
1,2,10,-526.85,148,17.9007,-0.286143,-0.0278229731089263,-1.379261,nv1_f1_grid_lo,1,1841.2122610023662,False,0.0,0.0
1,2,20,-457.52,148,16.0325,-0.277475,-0.0250360382349158,-1.156223,nv1_f1_grid_lo,7,1648.8692675015766,False,0.0,0.0
1,2,40,-495.92,148,16.6495,-0.289244,-0.0285249334440531,-1.223883,nv1_f1_grid_hi,1,1714.5385902559776,False,0.0,0.0
1,3,10,-1174.18,111,15.9668,-0.707811,-0.118090374477574,-4.290029,nv1_f1_grid_lo,3,1658.889166740839,False,0.0,0.0
1,3,20,-948.13,111,13.8285,-0.65956,-0.0946483561889574,-3.334555,nv1_f1_grid_lo,9,1437.518952028625,False,0.0,0.0
1,3,40,-1544.83,111,19.4279,-0.764779,-0.1605396765261288,-5.0,nv1_f1_grid_hi,3,2019.96916756344,False,0.0,0.0
1,4,10,869.44,95,12.0845,0.606427,0.0832680768896754,2.544982,nv1_f1_grid_lo,5,1433.7092510722641,False,0.0,0.0
1,4,20,836.19,95,12.2044,0.57738,0.0808280884994469,2.467941,nv1_f1_grid_lo,11,1448.2489868024525,False,0.0,0.0
1,4,40,398.78,95,11.6002,0.305204,0.0431175907758147,1.109155,nv1_f1_grid_hi,5,1306.6014862190534,False,0.0,0.0
