date,bal_open,eq_open,eq_min,eq_max,bal_close,eq_close,spread_median
2026.07.01,10316.00,10316.00,10312.64,10713.68,10713.68,10713.68,0.24
2026.07.02,10713.68,10713.68,10709.68,10967.45,10907.20,10876.35,0.24
2026.07.03,10907.20,10858.62,10815.77,10892.12,10815.77,10815.77,0.24
2026.07.06,10815.77,10815.77,10717.49,10866.73,10815.77,10741.57,0.24
2026.07.07,10815.77,10691.56,10584.52,10745.88,10584.52,10584.52,0.24
2026.07.08,10584.52,10584.52,10458.92,10674.37,10489.77,10576.13,0.24
2026.07.09,10489.77,10571.50,10376.28,10705.33,10376.28,10376.28,0.24
2026.07.10,10376.28,10376.28,10235.77,10506.19,10369.57,10369.57,0.24
2026.07.13,10369.57,10369.57,10271.97,10386.02,10271.97,10271.97,0.24
2026.07.14,10271.97,10271.97,10227.09,10319.04,10271.97,10237.20,0.24
2026.07.15,10271.97,10233.43,10082.92,10546.61,10460.25,10440.61,0.24
2026.07.16,10460.25,10442.39,10169.22,10462.39,10169.22,10169.22,0.24
2026.07.17,10169.22,10169.22,9993.06,10208.71,10072.37,9994.38,0.24
2026.07.20,10072.37,10181.21,10048.36,10405.00,10178.68,10118.80,0.24
2026.07.21,10178.68,10130.14,9937.58,10640.90,10640.90,10640.90,0.24
2026.07.22,10640.90,10640.90,10635.28,10793.68,10640.90,10775.97,0.24
2026.07.23,10640.90,10870.49,10727.82,11145.33,11145.33,11145.33,0.24
2026.07.24,11145.33,11145.33,11042.61,11354.85,11354.85,11354.85,0.24
2026.07.27,11354.85,11354.85,10921.18,11354.85,11022.94,10929.37,0.24
2026.07.28,11022.94,10940.77,10910.23,11198.98,11198.88,11184.92,0.24
2026.07.29,11198.88,11185.49,10958.51,11244.77,11116.07,11116.07,0.24
2026.07.30,11116.07,11116.07,10869.76,11205.62,10793.60,10877.18,0.24
2026.07.31,10793.60,10877.02,10854.21,11196.40,11076.40,11128.12,0.24
