time,ticket,position_id,type,entry,volume,price,profit,commission,swap,magic,comment
2026.02.02 00:00:00,1,0,2,0,0.00,0.00,10000.00,0.00,0.00,0,
2026.02.02 01:47:00,2,2,0,0,0.01,4750.04,0.00,0.00,0.00,770201,OBM1#L#717
2026.02.02 02:18:55,3,2,1,1,0.01,4868.33,118.29,0.00,0.00,770201,tp 4868.28
2026.02.02 02:41:00,4,4,1,0,0.01,4829.19,0.00,0.00,0.00,770201,OBM1#S#722
2026.02.02 03:07:53,5,4,0,1,0.01,4706.43,122.76,0.00,0.00,770201,tp 4707.81
2026.02.02 05:39:00,6,6,1,0,0.01,4649.53,0.00,0.00,0.00,770201,OBM1#S#730
2026.02.02 08:21:41,7,6,0,1,0.01,4488.41,161.12,0.00,0.00,770201,tp 4488.63
2026.02.02 15:58:00,8,8,0,0,0.02,4709.83,0.00,0.00,0.00,770201,OBM1#L#741
2026.02.02 16:22:00,9,9,1,0,0.01,4694.74,0.00,0.00,0.00,770201,OBM1#S#744
2026.02.02 16:34:12,10,9,0,1,0.01,4753.99,-59.25,0.00,0.00,770201,sl 4753.78
2026.02.02 16:38:44,11,8,1,1,0.02,4791.23,162.80,0.00,0.00,770201,tp 4790.87
2026.02.02 16:47:00,12,12,0,0,0.01,4754.16,0.00,0.00,0.00,770201,OBM1#L#745
2026.02.02 17:07:00,13,13,0,0,0.02,4736.22,0.00,0.00,0.00,770201,OBM1#L#747
2026.02.02 17:24:11,14,13,1,1,0.02,4689.83,-92.78,0.00,0.00,770201,sl 4690.22
2026.02.02 17:30:08,15,12,1,1,0.01,4669.15,-85.01,0.00,0.00,770201,sl 4669.31
2026.02.02 19:52:00,16,16,0,0,0.05,4676.59,0.00,0.00,0.00,770201,OBM1#L#753
2026.02.02 20:01:05,17,16,1,1,0.05,4657.76,-94.15,0.00,0.00,770201,sl 4658.11
2026.02.02 20:34:00,18,18,0,0,0.03,4648.50,0.00,0.00,0.00,770201,OBM1#L#750
2026.02.02 21:04:00,19,19,1,0,0.02,4642.96,0.00,0.00,0.00,770201,OBM1#S#755
2026.02.02 21:42:37,20,19,0,1,0.02,4689.01,-92.10,0.00,0.00,770201,sl 4688.76
2026.02.02 21:51:20,21,18,1,1,0.03,4711.86,190.08,0.00,0.00,770201,tp 4711.74
2026.02.02 22:31:00,22,22,1,0,0.02,4661.55,0.00,0.00,0.00,770201,OBM1#S#759
2026.02.03 01:04:23,23,22,0,1,0.02,4711.10,-99.10,0.00,0.69,770201,sl 4710.47
2026.02.03 03:09:00,24,24,0,0,0.02,4803.20,0.00,0.00,0.00,770201,OBM1#L#764
2026.02.03 04:26:56,25,24,1,1,0.02,4764.60,-77.20,0.00,0.00,770201,sl 4766.09
2026.02.03 05:03:00,26,26,0,0,0.03,4787.46,0.00,0.00,0.00,770201,OBM1#L#769
2026.02.03 05:25:54,27,26,1,1,0.03,4757.25,-90.63,0.00,0.00,770201,sl 4757.35
2026.02.03 06:45:00,28,28,0,0,0.03,4820.87,0.00,0.00,0.00,770201,OBM1#L#772
2026.02.03 07:49:00,29,29,1,0,0.04,4826.20,0.00,0.00,0.00,770201,OBM1#S#767
2026.02.03 08:14:17,30,29,0,1,0.04,4848.34,-88.56,0.00,0.00,770201,sl 4848.24
2026.02.03 08:34:12,31,28,1,1,0.03,4876.32,166.35,0.00,0.00,770201,tp 4876.31
2026.02.03 09:30:00,32,32,0,0,0.03,4900.33,0.00,0.00,0.00,770201,OBM1#L#774
2026.02.03 12:12:00,33,33,0,0,0.02,4927.38,0.00,0.00,0.00,770201,OBM1#L#775
2026.02.03 15:14:00,34,34,0,0,0.03,4924.80,0.00,0.00,0.00,770201,OBM1#L#782
2026.02.03 16:17:08,35,34,1,1,0.03,4897.72,-81.24,0.00,0.00,770201,sl 4898.82
2026.02.03 17:31:00,36,36,1,0,0.03,4920.73,0.00,0.00,0.00,770201,OBM1#S#789
2026.02.03 18:16:14,37,36,0,1,0.03,4949.39,-85.98,0.00,0.00,770201,sl 4949.20
2026.02.03 18:16:22,38,32,1,1,0.03,4958.30,173.91,0.00,0.00,770201,tp 4957.51
2026.02.03 20:32:00,39,39,1,0,0.01,4911.11,0.00,0.00,0.00,770201,OBM1#S#793
2026.02.04 01:01:00,40,39,0,1,0.01,4966.05,-54.94,0.00,0.34,770201,sl 4965.36
2026.02.04 03:06:06,41,33,1,1,0.02,5023.36,191.96,0.00,-1.59,770201,tp 5023.34
2026.02.04 03:34:00,42,42,1,0,0.03,5030.94,0.00,0.00,0.00,770201,OBM1#S#712
2026.02.04 04:02:10,43,42,0,1,0.03,5057.88,-80.82,0.00,0.00,770201,sl 5057.73
2026.02.04 04:59:00,44,44,1,0,0.04,5039.58,0.00,0.00,0.00,770201,OBM1#S#806
2026.02.04 05:35:08,45,44,0,1,0.04,5063.63,-96.20,0.00,0.00,770201,sl 5063.54
2026.02.04 07:55:00,46,46,0,0,0.05,5087.26,0.00,0.00,0.00,770201,OBM1#L#813
2026.02.04 08:06:50,47,46,1,1,0.05,5068.28,-94.90,0.00,0.00,770201,sl 5068.97
2026.02.04 09:59:00,48,48,0,0,0.03,5088.78,0.00,0.00,0.00,770201,OBM1#L#817
2026.02.04 11:01:00,49,49,0,0,0.05,5085.00,0.00,0.00,0.00,770201,OBM1#L#819
2026.02.04 11:15:42,50,49,1,1,0.05,5066.50,-92.50,0.00,0.00,770201,sl 5066.65
2026.02.04 11:16:24,51,48,1,1,0.03,5062.67,-78.33,0.00,0.00,770201,sl 5062.73
2026.02.04 12:28:00,52,52,1,0,0.04,5044.76,0.00,0.00,0.00,770201,OBM1#S#821
2026.02.04 14:41:00,53,53,0,0,0.04,5052.33,0.00,0.00,0.00,770201,OBM1#L#824
2026.02.04 14:42:00,54,54,0,0,0.02,5052.48,0.00,0.00,0.00,770201,OBM1#L#823
2026.02.04 15:10:00,55,53,1,1,0.04,5029.65,-90.72,0.00,0.00,770201,sl 5029.73
2026.02.04 16:32:21,56,54,1,1,0.02,5018.98,-67.00,0.00,0.00,770201,sl 5019.33
2026.02.04 16:37:42,57,52,0,1,0.04,5004.43,161.32,0.00,0.00,770201,tp 5004.44
2026.02.04 18:24:00,58,58,1,0,0.01,4893.48,0.00,0.00,0.00,770201,OBM1#S#831
2026.02.04 19:49:00,59,59,1,0,0.02,4896.72,0.00,0.00,0.00,770201,OBM1#S#833
2026.02.04 20:28:58,60,59,0,1,0.02,4935.29,-77.14,0.00,0.00,770201,sl 4935.23
2026.02.04 20:38:00,61,61,0,0,0.02,4920.72,0.00,0.00,0.00,770201,OBM1#L#834
2026.02.04 21:14:48,62,58,0,1,0.01,4946.85,-53.37,0.00,0.00,770201,sl 4946.81
2026.02.05 01:23:16,63,61,1,1,0.02,5016.93,192.42,0.00,-4.77,770201,tp 5016.84
2026.02.05 01:28:00,64,64,0,0,0.01,5012.95,0.00,0.00,0.00,770201,OBM1#L#838
2026.02.05 03:15:44,65,64,1,1,0.01,4951.84,-61.11,0.00,0.00,770201,sl 4952.20
2026.02.05 05:47:00,66,66,0,0,0.01,4869.19,0.00,0.00,0.00,770201,OBM1#L#843
2026.02.05 10:06:00,67,67,0,0,0.02,4920.23,0.00,0.00,0.00,770201,OBM1#L#845
2026.02.05 11:05:50,68,67,1,1,0.02,4877.39,-85.68,0.00,0.00,770201,sl 4877.89
2026.02.05 11:42:00,69,69,0,0,0.01,4882.12,0.00,0.00,0.00,770201,OBM1#L#844
2026.02.05 12:40:00,70,70,0,0,0.05,4865.87,0.00,0.00,0.00,770201,OBM1#L#852
2026.02.05 14:10:23,71,70,1,1,0.05,4847.17,-93.50,0.00,0.00,770201,sl 4847.79
2026.02.05 14:19:36,72,69,1,1,0.01,4826.21,-55.91,0.00,0.00,770201,sl 4826.39
2026.02.05 15:06:35,73,66,1,1,0.01,4806.93,-62.26,0.00,0.00,770201,sl 4807.06
2026.02.05 15:58:00,74,74,1,0,0.02,4835.76,0.00,0.00,0.00,770201,OBM1#S#857
2026.02.05 16:04:00,75,75,1,0,0.02,4825.95,0.00,0.00,0.00,770201,OBM1#S#858
2026.02.05 16:50:00,76,76,0,0,0.02,4850.37,0.00,0.00,0.00,770201,OBM1#L#859
2026.02.05 16:51:28,77,75,0,1,0.02,4868.36,-84.82,0.00,0.00,770201,sl 4868.35
2026.02.05 16:51:30,78,74,0,1,0.02,4868.73,-65.94,0.00,0.00,770201,sl 4868.68
2026.02.05 17:46:03,79,76,1,1,0.02,4805.49,-89.76,0.00,0.00,770201,sl 4805.59
2026.02.05 19:23:00,80,80,1,0,0.01,4863.47,0.00,0.00,0.00,770201,OBM1#S#850
2026.02.05 20:02:00,81,81,1,0,0.02,4869.40,0.00,0.00,0.00,770201,OBM1#S#863
2026.02.05 22:43:00,82,82,1,0,0.03,4809.67,0.00,0.00,0.00,770201,OBM1#S#866
2026.02.05 22:55:05,83,81,0,1,0.02,4793.25,152.30,0.00,0.00,770201,tp 4793.42
2026.02.06 01:26:36,84,82,0,1,0.03,4753.79,167.64,0.00,1.03,770201,tp 4753.83
2026.02.06 01:26:47,85,80,0,1,0.01,4751.36,112.11,0.00,0.34,770201,tp 4752.43
2026.02.06 02:30:00,86,86,0,0,0.01,4724.06,0.00,0.00,0.00,770201,OBM1#L#762
2026.02.06 04:25:00,87,87,0,0,0.01,4795.29,0.00,0.00,0.00,770201,OBM1#L#875
2026.02.06 06:31:00,88,88,0,0,0.03,4831.44,0.00,0.00,0.00,770201,OBM1#L#879
2026.02.06 07:40:29,89,86,1,1,0.01,4866.19,142.13,0.00,0.00,770201,tp 4866.10
2026.02.06 07:57:33,90,88,1,1,0.03,4892.94,184.50,0.00,0.00,770201,tp 4892.82
2026.02.06 11:44:00,91,91,0,0,0.02,4863.27,0.00,0.00,0.00,770201,OBM1#L#884
2026.02.06 12:42:00,92,92,0,0,0.02,4874.63,0.00,0.00,0.00,770201,OBM1#L#887
2026.02.06 15:38:39,93,91,1,1,0.02,4931.26,135.98,0.00,0.00,770201,tp 4931.21
2026.02.06 16:11:00,94,94,1,0,0.03,4916.02,0.00,0.00,0.00,770201,OBM1#S#848
2026.02.06 16:37:24,95,94,0,1,0.03,4941.94,-77.76,0.00,0.00,770201,sl 4941.91
2026.02.06 16:37:28,96,92,1,1,0.02,4944.73,140.20,0.00,0.00,770201,tp 4944.71
2026.02.06 19:14:00,97,97,0,0,0.01,4959.49,0.00,0.00,0.00,770201,OBM1#L#895
2026.02.06 19:30:36,98,87,1,1,0.01,4966.93,171.64,0.00,0.00,770201,tp 4966.91
2026.02.06 20:10:00,99,99,0,0,0.06,4964.77,0.00,0.00,0.00,770201,OBM1#L#897
2026.02.06 20:24:34,100,99,1,1,0.06,4947.41,-104.16,0.00,0.00,770201,sl 4947.96
2026.02.06 20:54:00,101,101,0,0,0.04,4965.58,0.00,0.00,0.00,770201,OBM1#L#899
2026.02.06 22:33:12,102,101,1,1,0.04,4940.66,-99.68,0.00,0.00,770201,sl 4943.51
2026.02.06 23:56:59,103,97,1,1,0.01,4965.96,6.47,0.00,0.00,0,end of test
