probe,tick_msc,bid,ask,gap_s,retcode,price,position
open_first_tick,1764637200000,4231.53,4231.60,3720,10018,0.00,0
next_minute_first_tick,1764637260000,4229.19,4229.26,0,10009,4229.26,2
open_first_tick,1764723600000,4206.69,4206.76,3720,10018,0.00,0
next_minute_first_tick,1764723660000,4207.09,4207.16,0,10009,4207.16,4
open_first_tick,1764810000000,4220.28,4220.35,3720,10018,0.00,0
next_minute_first_tick,1764810060000,4205.70,4205.77,0,10009,4205.77,8
open_first_tick,1764896400000,4207.48,4207.55,3720,10018,0.00,0
next_minute_first_tick,1764896460000,4207.88,4207.95,0,10009,4207.95,12
open_first_tick,1765155600000,4196.01,4197.42,176580,10018,0.00,0
next_minute_first_tick,1765155660000,4195.96,4197.37,0,10009,4197.37,14
open_first_tick,1765242000000,4190.17,4190.24,3720,10018,0.00,0
next_minute_first_tick,1765242060000,4191.61,4191.68,0,10009,4191.68,16
open_first_tick,1765328400000,4207.45,4207.52,3720,10018,0.00,0
next_minute_first_tick,1765328460000,4209.88,4209.95,0,10009,4209.95,20
open_first_tick,1765414800000,4228.20,4228.27,3720,10018,0.00,0
next_minute_first_tick,1765414860000,4230.11,4230.18,0,10009,4230.18,24
open_first_tick,1765501200000,4280.53,4280.60,3720,10018,0.00,0
next_minute_first_tick,1765501260000,4282.16,4282.23,0,10009,4282.23,26
open_first_tick,1765760400000,4299.18,4299.25,176580,10018,0.00,0
next_minute_first_tick,1765760460000,4294.82,4294.89,0,10009,4294.89,28
open_first_tick,1765846800000,4304.33,4304.40,3720,10018,0.00,0
next_minute_first_tick,1765846860000,4307.83,4307.90,0,10009,4307.90,34
open_first_tick,1765933200000,4302.56,4302.63,3720,10018,0.00,0
next_minute_first_tick,1765933260000,4301.71,4301.78,0,10009,4301.78,36
open_first_tick,1766019600000,4337.50,4337.57,3720,10018,0.00,0
next_minute_first_tick,1766019660000,4337.09,4337.22,0,10009,4337.22,38
open_first_tick,1766106000000,4334.29,4334.36,3720,10018,0.00,0
next_minute_first_tick,1766106060000,4334.68,4334.75,0,10009,4334.75,40
open_first_tick,1766365200000,4339.16,4339.24,176580,10018,0.00,0
next_minute_first_tick,1766365260000,4338.92,4339.00,0,10009,4339.00,42
open_first_tick,1766451600000,4447.71,4447.79,3720,10018,0.00,0
next_minute_first_tick,1766451660000,4448.10,4448.18,0,10009,4448.18,44
open_first_tick,1766538000000,4485.59,4485.67,3720,10018,0.00,0
next_minute_first_tick,1766538060000,4487.12,4487.20,0,10009,4487.20,46
open_first_tick,1766710860000,4499.57,4499.65,101761,10009,4499.65,48
next_minute_first_tick,1766710920000,4499.85,4500.02,0,10009,4500.02,50
open_first_tick,1766970000000,4536.39,4536.50,176580,10018,0.00,0
next_minute_first_tick,1766970060000,4549.12,4549.23,0,10009,4549.23,56
open_first_tick,1767056400000,4334.68,4334.85,3720,10018,0.00,0
next_minute_first_tick,1767056460000,4337.17,4337.34,0,10009,4337.34,58
open_first_tick,1767142800000,4338.36,4338.53,3720,10018,0.00,0
next_minute_first_tick,1767142860000,4342.56,4342.73,0,10009,4342.73,60
open_first_tick,1767315600000,4328.21,4328.38,90120,10018,0.00,0
next_minute_first_tick,1767315660000,4329.58,4329.75,0,10009,4329.75,62
open_first_tick,1767324300000,4345.01,4345.15,541,10009,4345.15,64
next_minute_first_tick,1767324360000,4345.31,4345.45,0,10009,4345.45,66
open_first_tick,1767574800000,4357.83,4358.00,176581,10018,0.00,0
next_minute_first_tick,1767574860000,4354.00,4354.17,0,10009,4354.17,68
open_first_tick,1767661200000,4447.11,4447.33,3721,10018,0.00,0
next_minute_first_tick,1767661260000,4449.99,4450.21,0,10009,4450.21,70
open_first_tick,1767747600571,4495.55,4495.79,3721,10018,0.00,0
next_minute_first_tick,1767747660034,4496.77,4496.91,0,10009,4496.91,72
open_first_tick,1767834000879,4458.82,4459.06,3721,10018,0.00,0
next_minute_first_tick,1767834060046,4459.95,4460.09,0,10009,4460.09,74
open_first_tick,1767920400755,4481.24,4481.47,3721,10018,0.00,0
next_minute_first_tick,1767920460061,4483.15,4483.29,0,10009,4483.29,76
open_first_tick,1768179602271,4518.90,4519.04,176582,10018,0.00,0
next_minute_first_tick,1768179660081,4522.81,4522.95,0,10009,4522.95,78
open_first_tick,1768266000542,4597.24,4597.38,3720,10018,0.00,0
next_minute_first_tick,1768266060043,4607.98,4608.12,0,10009,4608.12,80
open_first_tick,1768352400671,4588.36,4588.59,3720,10018,0.00,0
next_minute_first_tick,1768352460035,4591.68,4591.82,0,10009,4591.82,82
open_first_tick,1768438800971,4630.59,4630.83,3721,10018,0.00,0
next_minute_first_tick,1768438860048,4631.22,4631.37,0,10009,4631.37,84
open_first_tick,1768525200588,4616.42,4616.65,3729,10018,0.00,0
next_minute_first_tick,1768525260019,4618.01,4618.16,0,10009,4618.16,86
open_first_tick,1768784403112,4628.17,4628.36,176583,10018,0.00,0
next_minute_first_tick,1768784460012,4636.34,4636.53,0,10009,4636.53,92
open_first_tick,1768870800701,4672.39,4672.58,12600,10018,0.00,0
next_minute_first_tick,1768870860085,4675.18,4675.37,0,10009,4675.37,94
open_first_tick,1768957204737,4764.39,4764.69,3725,10018,0.00,0
next_minute_first_tick,1768957260039,4761.74,4761.95,0,10009,4761.95,96
open_first_tick,1769043604729,4831.05,4833.26,3724,10018,0.00,0
next_minute_first_tick,1769043660034,4832.57,4832.77,0,10009,4832.77,98
open_first_tick,1769130004632,4942.13,4942.43,3725,10018,0.00,0
next_minute_first_tick,1769130060097,4944.89,4945.10,0,10009,4945.10,100
open_first_tick,1769389210864,5006.24,5006.49,176596,10018,0.00,0
next_minute_first_tick,1769389260101,5011.06,5011.27,0,10009,5011.27,106
open_first_tick,1769475600987,5013.36,5013.64,3721,10018,0.00,0
next_minute_first_tick,1769475660022,5021.65,5021.85,0,10009,5021.85,108
open_first_tick,1769562000802,5179.61,5179.89,3720,10018,0.00,0
next_minute_first_tick,1769562060013,5173.07,5173.27,0,10009,5173.27,110
open_first_tick,1769648400532,5415.74,5416.02,3720,10018,0.00,0
next_minute_first_tick,1769648460026,5422.91,5423.11,0,10009,5423.11,112
open_first_tick,1769734802072,5386.94,5387.22,3722,10018,0.00,0
next_minute_first_tick,1769734860006,5398.53,5398.73,0,10009,5398.73,114
open_first_tick,1769994002241,4809.61,4809.81,176582,10018,0.00,0
next_minute_first_tick,1769994060088,4770.16,4770.36,0,10009,4770.36,116
open_first_tick,1770080401918,4670.46,4670.66,3721,10018,0.00,0
next_minute_first_tick,1770080460128,4676.72,4676.92,0,10009,4676.92,118
open_first_tick,1770166802097,4945.80,4946.07,3722,10018,0.00,0
next_minute_first_tick,1770166860226,4965.85,4966.05,0,10009,4966.05,122
open_first_tick,1770253204741,4965.53,4965.81,3725,10018,0.00,0
next_minute_first_tick,1770253260222,4980.78,4980.98,0,10009,4980.98,124
open_first_tick,1770339601907,4789.65,4789.85,3721,10018,0.00,0
next_minute_first_tick,1770339660090,4762.79,4762.99,0,10009,4762.99,126
open_first_tick,1770598802348,4983.74,4983.94,176582,10018,0.00,0
next_minute_first_tick,1770598860160,4990.70,4990.90,0,10009,4990.90,128
open_first_tick,1770685200597,5060.82,5061.10,3721,10018,0.00,0
next_minute_first_tick,1770685260070,5068.81,5069.01,0,10009,5069.01,130
open_first_tick,1770771600622,5027.03,5027.30,3720,10018,0.00,0
next_minute_first_tick,1770771660244,5027.30,5027.50,0,10009,5027.50,132
open_first_tick,1770858000745,5085.09,5085.31,3720,10018,0.00,0
next_minute_first_tick,1770858060190,5096.83,5097.03,0,10009,5097.03,134
open_first_tick,1770944400705,4929.94,4930.16,3723,10018,0.00,0
next_minute_first_tick,1770944460006,4888.94,4889.14,0,10009,4889.14,136
open_first_tick,1771203602248,5037.69,5037.89,176582,10018,0.00,0
next_minute_first_tick,1771203660064,5035.30,5035.50,0,10009,5035.50,138
open_first_tick,1771290000604,4995.36,4995.63,12600,10018,0.00,0
next_minute_first_tick,1771290060214,4992.32,4992.52,0,10009,4992.52,140
open_first_tick,1771376402210,4879.23,4879.43,3722,10018,0.00,0
next_minute_first_tick,1771376460697,4877.52,4877.72,0,10009,4877.72,142
open_first_tick,1771462801126,4976.87,4977.15,3721,10018,0.00,0
next_minute_first_tick,1771462860055,4977.48,4977.68,0,10009,4977.68,144
open_first_tick,1771549200795,4997.13,4997.40,3721,10018,0.00,0
next_minute_first_tick,1771549260142,5003.19,5003.39,0,10009,5003.39,146
open_first_tick,1771808402381,5109.71,5109.91,176582,10018,0.00,0
next_minute_first_tick,1771808460097,5108.45,5108.65,0,10009,5108.65,149
open_first_tick,1771894800680,5227.57,5227.85,3722,10018,0.00,0
next_minute_first_tick,1771894860044,5231.37,5231.57,0,10009,5231.57,152
open_first_tick,1771981200916,5143.77,5144.05,3721,10018,0.00,0
next_minute_first_tick,1771981260045,5141.19,5141.39,0,10009,5141.39,154
open_first_tick,1772067602075,5166.07,5166.34,3722,10018,0.00,0
next_minute_first_tick,1772067660361,5165.16,5165.36,0,10009,5165.36,156
open_first_tick,1772154000668,5184.23,5184.51,3722,10018,0.00,0
next_minute_first_tick,1772154060336,5189.03,5189.23,0,10009,5189.23,158
open_first_tick,1772413200515,5301.63,5301.90,176581,10018,0.00,0
next_minute_first_tick,1772413260039,5317.96,5318.16,0,10009,5318.16,162
open_first_tick,1772499600963,5315.36,5315.63,3722,10018,0.00,0
next_minute_first_tick,1772499660126,5331.37,5331.57,0,10009,5331.57,164
open_first_tick,1772586000557,5101.71,5102.00,3721,10018,0.00,0
next_minute_first_tick,1772586060108,5109.81,5110.01,0,10009,5110.01,168
open_first_tick,1772672401294,5146.27,5146.55,3721,10018,0.00,0
next_minute_first_tick,1772672460149,5150.37,5150.57,0,10009,5150.57,170
open_first_tick,1772758805154,5083.41,5083.61,3725,10018,0.00,0
next_minute_first_tick,1772758860127,5085.65,5085.85,0,10009,5085.85,172
open_first_tick,1773018002148,5180.27,5180.47,176582,10018,0.00,0
next_minute_first_tick,1773018060010,5191.92,5192.17,0,10009,5192.17,174
open_first_tick,1773104400630,5140.05,5140.32,3720,10018,0.00,0
next_minute_first_tick,1773104460104,5148.89,5149.09,0,10009,5149.09,176
open_first_tick,1773190800792,5187.07,5187.34,3720,10018,0.00,0
next_minute_first_tick,1773190860175,5191.09,5191.35,0,10009,5191.35,178
open_first_tick,1773277205243,5178.97,5179.23,3726,10018,0.00,0
next_minute_first_tick,1773277260079,5182.55,5182.75,0,10009,5182.75,180
open_first_tick,1773363600483,5080.37,5080.64,3720,10018,0.00,0
next_minute_first_tick,1773363660028,5076.09,5076.35,0,10009,5076.35,182
open_first_tick,1773622800734,5005.94,5006.20,176581,10018,0.00,0
next_minute_first_tick,1773622860011,5012.15,5012.35,0,10009,5012.35,184
open_first_tick,1773709200796,5007.60,5007.86,3721,10018,0.00,0
next_minute_first_tick,1773709260052,5010.78,5011.02,0,10009,5011.02,186
open_first_tick,1773795600844,5005.86,5006.14,3720,10018,0.00,0
next_minute_first_tick,1773795660031,5005.54,5005.75,0,10009,5005.75,188
open_first_tick,1773882000837,4825.09,4825.36,3720,10018,0.00,0
next_minute_first_tick,1773882060069,4829.01,4829.29,0,10009,4829.29,190
open_first_tick,1773968400578,4651.07,4651.34,3720,10018,0.00,0
next_minute_first_tick,1773968460066,4659.36,4659.60,0,10009,4659.60,192
open_first_tick,1774227603920,4469.01,4469.29,176583,10018,0.00,0
next_minute_first_tick,1774227660064,4488.61,4488.81,0,10009,4488.81,194
open_first_tick,1774314000670,4413.96,4414.23,3720,10018,0.00,0
next_minute_first_tick,1774314060026,4418.55,4418.80,0,10009,4418.80,196
open_first_tick,1774400400573,4472.06,4472.34,3720,10018,0.00,0
next_minute_first_tick,1774400460074,4477.39,4477.60,0,10009,4477.60,198
open_first_tick,1774486802138,4510.74,4511.02,3722,10018,0.00,0
next_minute_first_tick,1774486860039,4517.83,4518.04,0,10009,4518.04,200
open_first_tick,1774573201590,4377.64,4377.89,3721,10018,0.00,0
next_minute_first_tick,1774573260057,4386.26,4386.46,0,10009,4386.46,202
open_first_tick,1774832400646,4493.16,4493.44,176580,10018,0.00,0
next_minute_first_tick,1774832460027,4486.77,4486.97,0,10009,4486.97,204
open_first_tick,1774918801040,4513.49,4513.77,3721,10018,0.00,0
next_minute_first_tick,1774918860018,4514.89,4515.10,0,10009,4515.10,206
open_first_tick,1775005200558,4671.47,4671.74,3721,10018,0.00,0
next_minute_first_tick,1775005260091,4681.95,4682.16,0,10009,4682.16,208
open_first_tick,1775091780465,4757.29,4757.49,3900,10009,4757.49,210
next_minute_first_tick,1775091840093,4759.02,4759.30,0,10009,4759.30,212
open_first_tick,1775437204321,4671.91,4672.14,262924,10018,0.00,0
next_minute_first_tick,1775437260002,4636.27,4636.47,0,10009,4636.47,214
open_first_tick,1775523600601,4651.22,4651.50,3720,10018,0.00,0
next_minute_first_tick,1775523660043,4658.87,4659.08,0,10009,4659.08,216
open_first_tick,1775610001143,4719.60,4719.87,3721,10018,0.00,0
next_minute_first_tick,1775610060037,4747.48,4747.68,0,10009,4747.68,218
open_first_tick,1775696401425,4720.14,4720.41,3721,10018,0.00,0
next_minute_first_tick,1775696460034,4728.64,4728.88,0,10009,4728.88,220
open_first_tick,1775782800817,4766.76,4767.04,3723,10018,0.00,0
next_minute_first_tick,1775782860062,4776.35,4776.59,0,10009,4776.59,223
open_first_tick,1776042016517,4633.43,4633.71,176596,10018,0.00,0
next_minute_first_tick,1776042060089,4675.76,4676.04,0,10009,4676.04,226
open_first_tick,1776128400645,4744.70,4744.98,3720,10018,0.00,0
next_minute_first_tick,1776128460055,4751.75,4752.02,0,10009,4752.02,233
open_first_tick,1776214800660,4840.47,4840.74,3721,10018,0.00,0
next_minute_first_tick,1776214860019,4840.40,4840.64,0,10009,4840.64,236
open_first_tick,1776301201542,4794.47,4794.74,3722,10018,0.00,0
next_minute_first_tick,1776301260027,4798.00,4798.23,0,10009,4798.23,238
open_first_tick,1776387600624,4791.91,4792.14,3720,10018,0.00,0
next_minute_first_tick,1776387660122,4794.62,4794.86,0,10009,4794.86,240
open_first_tick,1776646804725,4767.04,4767.32,176584,10018,0.00,0
next_minute_first_tick,1776646860053,4766.40,4766.63,0,10009,4766.63,242
open_first_tick,1776733201430,4822.25,4822.53,3721,10018,0.00,0
next_minute_first_tick,1776733260027,4824.15,4824.38,0,10009,4824.38,244
open_first_tick,1776819600574,4721.06,4721.34,3720,10018,0.00,0
next_minute_first_tick,1776819660045,4721.83,4722.06,0,10009,4722.06,247
open_first_tick,1776906001091,4742.07,4742.35,3723,10018,0.00,0
next_minute_first_tick,1776906060077,4745.76,4746.00,0,10009,4746.00,250
open_first_tick,1776992401071,4700.96,4701.24,3721,10018,0.00,0
next_minute_first_tick,1776992460060,4700.20,4700.44,0,10009,4700.44,254
open_first_tick,1777251601755,4697.27,4697.58,176582,10018,0.00,0
next_minute_first_tick,1777251660099,4693.17,4693.45,0,10009,4693.45,258
open_first_tick,1777338000650,4683.77,4684.07,3725,10018,0.00,0
next_minute_first_tick,1777338060036,4684.11,4684.39,0,10009,4684.39,262
open_first_tick,1777424400553,4598.38,4598.69,3720,10018,0.00,0
next_minute_first_tick,1777424460048,4599.40,4599.68,0,10009,4599.68,266
open_first_tick,1777510800554,4545.55,4545.86,3720,10018,0.00,0
next_minute_first_tick,1777510860058,4543.00,4543.29,0,10009,4543.29,268
open_first_tick,1777597201683,4626.53,4626.84,3721,10018,0.00,0
next_minute_first_tick,1777597260038,4628.36,4628.64,0,10009,4628.64,271
open_first_tick,1777856400715,4632.83,4633.11,176580,10018,0.00,0
next_minute_first_tick,1777856460086,4620.20,4620.49,0,10009,4620.49,276
open_first_tick,1777942800655,4523.90,4524.20,3720,10018,0.00,0
next_minute_first_tick,1777942860023,4523.13,4523.42,0,10009,4523.42,280
open_first_tick,1778029200641,4560.33,4560.63,3720,10018,0.00,0
next_minute_first_tick,1778029260010,4558.01,4558.29,0,10009,4558.29,282
open_first_tick,1778115600996,4692.86,4693.16,3721,10018,0.00,0
next_minute_first_tick,1778115660010,4695.36,4695.64,0,10009,4695.64,284
open_first_tick,1778202000740,4679.03,4679.34,3720,10018,0.00,0
next_minute_first_tick,1778202060031,4687.18,4687.49,0,10009,4687.49,286
open_first_tick,1778461202399,4683.43,4683.73,176584,10018,0.00,0
next_minute_first_tick,1778461260026,4698.85,4699.15,0,10009,4699.15,290
open_first_tick,1778547600737,4735.82,4736.12,3720,10018,0.00,0
next_minute_first_tick,1778547660046,4740.69,4740.97,0,10009,4740.97,292
open_first_tick,1778634002644,4715.92,4716.22,3722,10018,0.00,0
next_minute_first_tick,1778634060010,4716.93,4717.23,0,10009,4717.23,294
open_first_tick,1778720401027,4691.91,4692.22,3721,10018,0.00,0
next_minute_first_tick,1778720460135,4692.88,4693.18,0,10009,4693.18,296
open_first_tick,1778806803813,4652.82,4653.13,3724,10018,0.00,0
next_minute_first_tick,1778806860033,4649.58,4649.88,0,10009,4649.88,298
open_first_tick,1779066001098,4538.65,4538.96,176581,10018,0.00,0
next_minute_first_tick,1779066060033,4532.05,4532.36,0,10009,4532.36,300
open_first_tick,1779152401308,4567.84,4568.14,3721,10018,0.00,0
next_minute_first_tick,1779152460150,4569.28,4569.58,0,10009,4569.58,302
open_first_tick,1779238801352,4482.91,4483.21,3721,10018,0.00,0
next_minute_first_tick,1779238860095,4481.90,4482.18,0,10009,4482.18,304
open_first_tick,1779325201112,4545.58,4545.89,3721,10018,0.00,0
next_minute_first_tick,1779325260062,4547.18,4547.47,0,10009,4547.47,306
open_first_tick,1779411600906,4544.86,4545.16,3723,10018,0.00,0
next_minute_first_tick,1779411660314,4542.66,4542.97,0,10009,4542.97,308
open_first_tick,1779670800717,4530.85,4531.16,176581,10018,0.00,0
next_minute_first_tick,1779670860020,4543.77,4544.08,0,10009,4544.08,310
open_first_tick,1779757201336,4570.13,4570.44,12601,10018,0.00,0
next_minute_first_tick,1779757260010,4572.21,4572.50,0,10009,4572.50,312
open_first_tick,1779843603574,4537.13,4537.44,3723,10018,0.00,0
next_minute_first_tick,1779843685992,4512.60,4512.88,0,10009,4512.88,317
open_first_tick,1779930000706,4457.42,4457.73,3722,10018,0.00,0
next_minute_first_tick,1779930060075,4463.59,4463.87,0,10009,4463.87,320
open_first_tick,1780016400602,4496.04,4496.34,3720,10018,0.00,0
next_minute_first_tick,1780016460423,4499.36,4499.66,0,10009,4499.66,322
open_first_tick,1780275600908,4539.64,4539.95,176581,10018,0.00,0
next_minute_first_tick,1780275660078,4522.37,4522.68,0,10009,4522.68,324
open_first_tick,1780362000710,4487.27,4487.58,3721,10018,0.00,0
next_minute_first_tick,1780362060162,4486.63,4486.91,0,10009,4486.91,326
open_first_tick,1780448400719,4490.72,4491.03,3720,10018,0.00,0
next_minute_first_tick,1780448460220,4492.23,4492.52,0,10009,4492.52,332
open_first_tick,1780534800566,4436.34,4436.64,3720,10018,0.00,0
next_minute_first_tick,1780534860066,4437.01,4437.30,0,10009,4437.30,334
open_first_tick,1780621200584,4476.82,4477.13,3720,10018,0.00,0
next_minute_first_tick,1780621260040,4474.31,4474.62,0,10009,4474.62,336
open_first_tick,1780880400831,4330.17,4330.47,176580,10018,0.00,0
next_minute_first_tick,1780880460066,4329.60,4329.91,0,10009,4329.91,338
open_first_tick,1780966800663,4332.48,4332.78,3721,10018,0.00,0
next_minute_first_tick,1780966860271,4330.62,4330.92,0,10009,4330.92,340
open_first_tick,1781053200565,4251.78,4252.09,3721,10018,0.00,0
next_minute_first_tick,1781053260011,4255.68,4255.98,0,10009,4255.98,342
open_first_tick,1781139600623,4072.43,4072.73,3720,10018,0.00,0
next_minute_first_tick,1781139660028,4070.06,4070.37,0,10009,4070.37,344
open_first_tick,1781226001182,4213.12,4213.42,3721,10018,0.00,0
next_minute_first_tick,1781226060033,4218.40,4218.71,0,10009,4218.71,346
open_first_tick,1781485200815,4268.91,4269.22,176580,10018,0.00,0
next_minute_first_tick,1781485260016,4269.57,4269.87,0,10009,4269.87,350
open_first_tick,1781571600567,4310.41,4310.71,3720,10018,0.00,0
next_minute_first_tick,1781571660369,4311.21,4311.52,0,10009,4311.52,352
open_first_tick,1781658000445,4332.97,4333.27,3720,10018,0.00,0
next_minute_first_tick,1781658060101,4334.11,4334.41,0,10009,4334.41,354
open_first_tick,1781744400689,4257.54,4257.84,3720,10018,0.00,0
next_minute_first_tick,1781744460098,4256.93,4257.21,0,10009,4257.21,356
open_first_tick,1781830800603,4211.22,4211.52,3722,10018,0.00,0
next_minute_first_tick,1781830860100,4212.29,4212.60,0,10009,4212.60,358
open_first_tick,1782090000843,4151.63,4151.86,190800,10018,0.00,0
next_minute_first_tick,1782090060019,4147.82,4148.12,0,10009,4148.12,361
open_first_tick,1782176400668,4193.92,4194.22,3720,10018,0.00,0
next_minute_first_tick,1782176460015,4192.12,4192.40,0,10009,4192.40,364
open_first_tick,1782262800544,4112.99,4113.29,3722,10018,0.00,0
next_minute_first_tick,1782262860335,4112.94,4113.24,0,10009,4113.24,366
open_first_tick,1782349200628,4003.38,4003.68,3720,10018,0.00,0
next_minute_first_tick,1782349260035,4006.98,4007.28,0,10009,4007.28,368
open_first_tick,1782435610897,4030.28,4030.58,3731,10018,0.00,0
next_minute_first_tick,1782435660143,4028.78,4029.09,0,10009,4029.09,370
open_first_tick,1782694800715,4088.24,4088.54,176580,10018,0.00,0
next_minute_first_tick,1782694860034,4080.08,4080.38,0,10009,4080.38,372
open_first_tick,1782781200571,4018.12,4018.42,3721,10018,0.00,0
next_minute_first_tick,1782781260266,4018.67,4018.96,0,10009,4018.96,374
open_first_tick,1782867600525,4011.60,4011.91,3720,10018,0.00,0
next_minute_first_tick,1782867660173,4011.92,4012.22,0,10009,4012.22,376
open_first_tick,1782954000733,4034.04,4034.33,3722,10018,0.00,0
next_minute_first_tick,1782954060100,4033.96,4034.24,0,10009,4034.24,378
open_first_tick,1783040400563,4127.81,4128.09,3721,10018,0.00,0
next_minute_first_tick,1783040460085,4126.08,4126.39,0,10009,4126.39,380
open_first_tick,1783299600658,4175.60,4175.90,190800,10018,0.00,0
next_minute_first_tick,1783299660022,4178.13,4178.43,0,10009,4178.43,382
open_first_tick,1783386000532,4166.30,4166.59,3721,10018,0.00,0
next_minute_first_tick,1783386060091,4166.50,4166.79,0,10009,4166.79,388
open_first_tick,1783472400665,4097.69,4098.00,3720,10018,0.00,0
next_minute_first_tick,1783472460098,4095.20,4095.50,0,10009,4095.50,390
open_first_tick,1783558800480,4078.15,4078.45,3720,10018,0.00,0
next_minute_first_tick,1783558860092,4077.53,4077.84,0,10009,4077.84,392
open_first_tick,1783645200618,4125.53,4125.84,3720,10018,0.00,0
next_minute_first_tick,1783645260125,4124.76,4125.04,0,10009,4125.04,394
open_first_tick,1783904400675,4100.10,4100.39,176580,10018,0.00,0
next_minute_first_tick,1783904460008,4097.93,4098.23,0,10009,4098.23,396
open_first_tick,1783990800574,4001.05,4001.35,3720,10018,0.00,0
next_minute_first_tick,1783990860067,4005.87,4006.18,0,10009,4006.18,398
open_first_tick,1784077200488,4053.55,4053.86,3724,10018,0.00,0
next_minute_first_tick,1784077260332,4052.01,4052.31,0,10009,4052.31,400
open_first_tick,1784163600522,4062.69,4062.99,3721,10018,0.00,0
next_minute_first_tick,1784163660122,4064.38,4064.69,0,10009,4064.69,402
open_first_tick,1784250000446,3976.01,3976.32,3721,10018,0.00,0
next_minute_first_tick,1784250060118,3977.85,3978.16,0,10009,3978.16,404
open_first_tick,1784509200669,4001.65,4001.95,176580,10018,0.00,0
next_minute_first_tick,1784509260070,4001.68,4001.99,0,10009,4001.99,406
open_first_tick,1784595600499,4009.77,4010.08,3721,10018,0.00,0
next_minute_first_tick,1784595660154,4009.68,4009.98,0,10009,4009.98,408
open_first_tick,1784682000472,4079.86,4080.17,3720,10018,0.00,0
next_minute_first_tick,1784682060036,4079.98,4080.28,0,10009,4080.28,410
open_first_tick,1784768400540,4122.34,4122.63,3720,10018,0.00,0
next_minute_first_tick,1784768460135,4117.25,4117.53,0,10009,4117.53,412
open_first_tick,1784854800478,4049.03,4049.33,3721,10018,0.00,0
next_minute_first_tick,1784854860099,4049.21,4049.52,0,10009,4049.52,414
open_first_tick,1785114000831,4091.33,4091.61,176580,10018,0.00,0
next_minute_first_tick,1785114060016,4092.06,4092.36,0,10009,4092.36,418
open_first_tick,1785200400539,4079.60,4079.90,3721,10018,0.00,0
next_minute_first_tick,1785200460023,4081.85,4082.15,0,10009,4082.15,420
open_first_tick,1785286800723,4028.68,4028.99,3720,10018,0.00,0
next_minute_first_tick,1785286860289,4027.97,4028.27,0,10009,4028.27,422
open_first_tick,1785373200582,4069.30,4069.60,3720,10018,0.00,0
next_minute_first_tick,1785373260137,4071.74,4072.02,0,10009,4072.02,424
open_first_tick,1785459600543,4104.24,4104.53,3720,10018,0.00,0
next_minute_first_tick,1785459660118,4105.76,4106.06,0,10009,4106.06,426
