id,timestamp,purpose,role,expert,period,from,to,deposit,status,net_profit,trades,equity_dd_pct,notes
nv1_smoke_grid_lo,2026-10-04T19:17:20,U5 optimization smoke (lo),train,ob_m1_structure_research.ex5,M1,2026.02.02,2026.02.06,10000,ok,,,,
nv1_smoke_grid_hi,2026-10-04T19:17:30,U5 optimization smoke (hi),train,ob_m1_structure_research.ex5,M1,2026.02.02,2026.02.06,10000,ok,,,,
nv1_smoke_selection,2026-10-04T19:17:30,train-only selection (KTD5),selection,,,,,,no_eligible_pass,,,,"{""params"": {""StructureVariant"": 0, ""SwingStrengthM1"": 3, ""StopBufferPoints"": 20}, ""label"": ""fallback""}"
nv1_behaviour_0_3_20,2026-10-04T19:18:05,U5 behaviour check (KTD11),behaviour,ob_m1_structure_research.ex5,M1,2026.02.02,2026.02.06,10000,ok,245.36,51,11.53,
nv1_behaviour_0_2_20,2026-10-04T19:18:16,U5 behaviour check (KTD11),behaviour,ob_m1_structure_research.ex5,M1,2026.02.02,2026.02.06,10000,ok,1000.96,42,8.51,
nv1_behaviour_0_4_20,2026-10-04T19:18:27,U5 behaviour check (KTD11),behaviour,ob_m1_structure_research.ex5,M1,2026.02.02,2026.02.06,10000,ok,-127.1,54,13.82,
nv1_behaviour_0_3_10,2026-10-04T19:18:38,U5 behaviour check (KTD11),behaviour,ob_m1_structure_research.ex5,M1,2026.02.02,2026.02.06,10000,ok,250.75,51,11.45,
nv1_behaviour_0_3_40,2026-10-04T19:18:49,U5 behaviour check (KTD11),behaviour,ob_m1_structure_research.ex5,M1,2026.02.02,2026.02.06,10000,ok,237.52,51,11.63,
nv1_f1_grid_lo,2026-10-04T19:20:23,fold 1 train grid (lo),train,ob_m1_structure_research.ex5,M1,2025.12.01,2026.02.28,10000,ok,,,,
nv1_f1_grid_hi,2026-10-04T19:20:45,fold 1 train grid (hi),train,ob_m1_structure_research.ex5,M1,2025.12.01,2026.02.28,10000,ok,,,,
nv1_f1_selection,2026-10-04T19:20:45,train-only selection (KTD5),selection,,,,,,no_eligible_pass,,,,"{""params"": {""StructureVariant"": 0, ""SwingStrengthM1"": 3, ""StopBufferPoints"": 20}, ""label"": ""fallback""}"
nv1_f1_oos_procedure,2026-10-04T19:20:59,fold 1 OOS procedure (baseline_a),oos_procedure_fallback,ob_m1_structure_research.ex5,M1,2026.03.01,2026.03.31,10000,ok,1805.7,180,14.46,
nv1_f1_oos_baseline_a,2026-10-04T19:21:16,fold 1 OOS baseline_a (baseline_a),oos_baseline_a,ob_m1_structure_research.ex5,M1,2026.03.01,2026.03.31,10000,ok,1805.7,180,14.46,
nv1_f1_oos_baseline_b,2026-10-04T19:21:30,fold 1 OOS baseline_b (baseline_b),oos_baseline_b,ob_m1_structure_research.ex5,M1,2026.03.01,2026.03.31,10000,ok,657.23,54,10.99,
nv1_f2_grid_lo,2026-10-04T19:22:03,fold 2 train grid (lo),train,ob_m1_structure_research.ex5,M1,2026.01.01,2026.03.31,10000,ok,,,,
nv1_f2_grid_hi,2026-10-04T19:22:27,fold 2 train grid (hi),train,ob_m1_structure_research.ex5,M1,2026.01.01,2026.03.31,10000,ok,,,,
nv1_f2_selection,2026-10-04T19:22:27,train-only selection (KTD5),selection,,,,,,no_eligible_pass,,,,"{""params"": {""StructureVariant"": 0, ""SwingStrengthM1"": 3, ""StopBufferPoints"": 20}, ""label"": ""fallback""}"
nv1_f2_oos_procedure,2026-10-04T19:22:40,fold 2 OOS procedure (baseline_a),oos_procedure_fallback,ob_m1_structure_research.ex5,M1,2026.04.01,2026.04.30,11805,ok,-1608.69,172,26.21,
nv1_f2_oos_baseline_a,2026-10-04T19:22:55,fold 2 OOS baseline_a (baseline_a),oos_baseline_a,ob_m1_structure_research.ex5,M1,2026.04.01,2026.04.30,11805,ok,-1608.69,172,26.21,
nv1_f2_oos_baseline_b,2026-10-04T19:23:08,fold 2 OOS baseline_b (baseline_b),oos_baseline_b,ob_m1_structure_research.ex5,M1,2026.04.01,2026.04.30,10657,ok,-895.91,47,11.53,
nv1_f3_grid_lo,2026-10-04T19:23:44,fold 3 train grid (lo),train,ob_m1_structure_research.ex5,M1,2026.02.01,2026.04.30,10000,ok,,,,
nv1_f3_grid_hi,2026-10-04T19:24:08,fold 3 train grid (hi),train,ob_m1_structure_research.ex5,M1,2026.02.01,2026.04.30,10000,ok,,,,
nv1_f3_selection,2026-10-04T19:24:08,train-only selection (KTD5),selection,,,,,,no_eligible_pass,,,,"{""params"": {""StructureVariant"": 0, ""SwingStrengthM1"": 3, ""StopBufferPoints"": 20}, ""label"": ""fallback""}"
nv1_f3_oos_procedure,2026-10-04T19:24:22,fold 3 OOS procedure (baseline_a),oos_procedure_fallback,ob_m1_structure_research.ex5,M1,2026.05.01,2026.05.31,10196,ok,304.64,138,17.84,
nv1_f3_oos_baseline_a,2026-10-04T19:24:37,fold 3 OOS baseline_a (baseline_a),oos_baseline_a,ob_m1_structure_research.ex5,M1,2026.05.01,2026.05.31,10196,ok,304.64,138,17.84,
nv1_f3_oos_baseline_b,2026-10-04T19:24:51,fold 3 OOS baseline_b (baseline_b),oos_baseline_b,ob_m1_structure_research.ex5,M1,2026.05.01,2026.05.31,9761,ok,-318.02,58,17.76,
nv1_f4_grid_lo,2026-10-04T19:25:32,fold 4 train grid (lo),train,ob_m1_structure_research.ex5,M1,2026.03.01,2026.05.31,10000,ok,,,,
nv1_f4_grid_hi,2026-10-04T19:26:00,fold 4 train grid (hi),train,ob_m1_structure_research.ex5,M1,2026.03.01,2026.05.31,10000,ok,,,,
nv1_f4_selection,2026-10-04T19:26:00,train-only selection (KTD5),selection,,,,,,no_eligible_pass,,,,"{""params"": {""StructureVariant"": 0, ""SwingStrengthM1"": 3, ""StopBufferPoints"": 20}, ""label"": ""fallback""}"
nv1_f4_oos_procedure,2026-10-04T19:26:15,fold 4 OOS procedure (baseline_a),oos_procedure_fallback,ob_m1_structure_research.ex5,M1,2026.06.01,2026.06.30,10500,ok,-757.4,169,19.6,
nv1_f4_oos_baseline_a,2026-10-04T19:26:31,fold 4 OOS baseline_a (baseline_a),oos_baseline_a,ob_m1_structure_research.ex5,M1,2026.06.01,2026.06.30,10500,ok,-757.4,169,19.6,
nv1_f4_oos_baseline_b,2026-10-04T19:26:46,fold 4 OOS baseline_b (baseline_b),oos_baseline_b,ob_m1_structure_research.ex5,M1,2026.06.01,2026.06.30,9442,ok,874.11,45,8.83,
nv1_f5_grid_lo,2026-10-04T19:27:28,fold 5 train grid (lo),train,ob_m1_structure_research.ex5,M1,2026.04.01,2026.06.30,10000,ok,,,,
nv1_f5_grid_hi,2026-10-04T19:27:56,fold 5 train grid (hi),train,ob_m1_structure_research.ex5,M1,2026.04.01,2026.06.30,10000,ok,,,,
nv1_f5_selection,2026-10-04T19:27:56,train-only selection (KTD5),selection,,,,,,no_eligible_pass,,,,"{""params"": {""StructureVariant"": 0, ""SwingStrengthM1"": 3, ""StopBufferPoints"": 20}, ""label"": ""fallback""}"
nv1_f5_oos_procedure,2026-10-04T19:28:12,fold 5 OOS procedure (baseline_a),oos_procedure_fallback,ob_m1_structure_research.ex5,M1,2026.07.01,2026.07.31,9742,ok,-212.76,196,19.39,
nv1_f5_oos_baseline_a,2026-10-04T19:28:29,fold 5 OOS baseline_a (baseline_a),oos_baseline_a,ob_m1_structure_research.ex5,M1,2026.07.01,2026.07.31,9742,ok,-212.76,196,19.39,
nv1_f5_oos_baseline_b,2026-10-04T19:28:45,fold 5 OOS baseline_b (baseline_b),oos_baseline_b,ob_m1_structure_research.ex5,M1,2026.07.01,2026.07.31,10316,ok,812.12,52,9.3,
nv1_final_grid_lo,2026-10-04T19:29:32,final selection (May-July) (lo),train,ob_m1_structure_research.ex5,M1,2026.05.01,2026.07.31,10000,ok,,,,
nv1_final_grid_hi,2026-10-04T19:30:03,final selection (May-July) (hi),train,ob_m1_structure_research.ex5,M1,2026.05.01,2026.07.31,10000,ok,,,,
nv1_final_selection,2026-10-04T19:30:03,train-only selection (KTD5),selection,,,,,,no_eligible_pass,,,,"{""params"": {""StructureVariant"": 0, ""SwingStrengthM1"": 3, ""StopBufferPoints"": 20}, ""label"": ""fallback""}"
