kind,pass,a,b,c,d,e,f,g,h
P,0,-0.23707812,0.00,0.00,0.14,5,PivL=2;SignalTF=15;PivR=3;SweepToSetupBars=24;VolumeMultiplier=1.2;MinVolumeSamples=20;MaxBaseBars=3;ConfirmationBars=6;MaxWaitForRetestBars=0;TargetSafetyPercent=5;EntryMode=0;VolumeSource=0;OppBreakCancel=1;OppBreakCancelBeforeTouch=0;EnableTrading=1;LotMode=1;FixedLots=0.01;RiskPercent=1;MaxOpenPositions=3;MagicNumber=560505;SlippagePoints=30;TradeComment=SweepOB;DrawObjects=0;DebugMode=0;PopupAlerts=0;WarmupBars=3000;ResearchRunTag=optsmoke_m15_202603
D,0,2026.03.02,10000.00,10000.00,10000.00,10000.00,10000.00,10000.00,0.20000
D,0,2026.03.03,10000.00,10000.00,9967.24,10047.86,9989.04,9989.04,0.20000
D,0,2026.03.04,9989.04,9989.04,9951.22,10030.14,10030.14,10030.14,0.20000
D,0,2026.03.05,10030.14,10030.14,10030.14,10030.14,10030.14,10030.14,0.20000
D,0,2026.03.06,10030.14,10030.14,10030.14,10030.14,10030.14,10030.14,0.20000
D,0,2026.03.09,10030.14,10030.14,10030.14,10030.14,10030.14,10030.14,0.21000
D,0,2026.03.10,10030.14,10030.14,10030.14,10030.14,10030.14,10030.14,0.21000
D,0,2026.03.11,10030.14,10030.14,10030.14,10030.14,10030.14,10030.14,0.21000
D,0,2026.03.12,10030.14,10030.14,10030.14,10030.14,10030.14,10030.14,0.21000
D,0,2026.03.13,10030.14,10030.14,10030.14,10030.14,10030.14,10030.14,0.20000
D,0,2026.03.16,10030.14,10030.14,10030.14,10030.14,10030.14,10030.14,0.20000
D,0,2026.03.17,10030.14,10030.14,10030.14,10030.14,10030.14,10030.14,0.20000
D,0,2026.03.18,10030.14,10030.14,9938.84,10035.29,9938.84,9938.84,0.22000
D,0,2026.03.19,9938.84,9938.84,9938.84,9938.84,9938.84,9938.84,0.23000
D,0,2026.03.20,9938.84,9938.84,9938.84,9938.84,9938.84,9938.84,0.23000
D,0,2026.03.23,9938.84,9938.84,9938.84,9938.84,9938.84,9938.84,0.24000
D,0,2026.03.24,9938.84,9938.84,9938.84,9938.84,9938.84,9938.84,0.24000
D,0,2026.03.25,9938.84,9938.84,9938.84,9938.84,9938.84,9938.84,0.23000
D,0,2026.03.26,9938.84,9938.84,9855.26,9950.15,9855.26,9855.26,0.24000
D,0,2026.03.27,9855.26,9855.26,9855.26,9855.26,9855.26,9855.26,0.23000
D,0,2026.03.30,9855.26,9855.26,9855.26,9855.26,9855.26,9855.26,0.21000
D,0,2026.03.31,9855.26,9855.26,9855.26,9855.26,9855.26,9855.26,0.21000
P,1,-0.23294561,0.00,0.00,0.14,5,PivL=3;SignalTF=15;PivR=3;SweepToSetupBars=24;VolumeMultiplier=1.2;MinVolumeSamples=20;MaxBaseBars=3;ConfirmationBars=6;MaxWaitForRetestBars=0;TargetSafetyPercent=5;EntryMode=0;VolumeSource=0;OppBreakCancel=1;OppBreakCancelBeforeTouch=0;EnableTrading=1;LotMode=1;FixedLots=0.01;RiskPercent=1;MaxOpenPositions=3;MagicNumber=560505;SlippagePoints=30;TradeComment=SweepOB;DrawObjects=0;DebugMode=0;PopupAlerts=0;WarmupBars=3000;ResearchRunTag=optsmoke_m15_202603
D,1,2026.03.02,10000.00,10000.00,10000.00,10000.00,10000.00,10000.00,0.20000
D,1,2026.03.03,10000.00,10000.00,9967.24,10047.86,9991.64,9991.64,0.20000
D,1,2026.03.04,9991.64,9991.64,9953.82,10032.74,10032.74,10032.74,0.20000
D,1,2026.03.05,10032.74,10032.74,10032.74,10032.74,10032.74,10032.74,0.20000
D,1,2026.03.06,10032.74,10032.74,10032.74,10032.74,10032.74,10032.74,0.20000
D,1,2026.03.09,10032.74,10032.74,10032.74,10032.74,10032.74,10032.74,0.21000
D,1,2026.03.10,10032.74,10032.74,10032.74,10032.74,10032.74,10032.74,0.21000
D,1,2026.03.11,10032.74,10032.74,10032.74,10032.74,10032.74,10032.74,0.21000
D,1,2026.03.12,10032.74,10032.74,10032.74,10032.74,10032.74,10032.74,0.21000
D,1,2026.03.13,10032.74,10032.74,10032.74,10032.74,10032.74,10032.74,0.20000
D,1,2026.03.16,10032.74,10032.74,10032.74,10032.74,10032.74,10032.74,0.20000
D,1,2026.03.17,10032.74,10032.74,10032.74,10032.74,10032.74,10032.74,0.20000
D,1,2026.03.18,10032.74,10032.74,9941.44,10037.89,9941.44,9941.44,0.22000
D,1,2026.03.19,9941.44,9941.44,9941.44,9941.44,9941.44,9941.44,0.23000
D,1,2026.03.20,9941.44,9941.44,9941.44,9941.44,9941.44,9941.44,0.23000
D,1,2026.03.23,9941.44,9941.44,9941.44,9941.44,9941.44,9941.44,0.24000
D,1,2026.03.24,9941.44,9941.44,9941.44,9941.44,9941.44,9941.44,0.24000
D,1,2026.03.25,9941.44,9941.44,9941.44,9941.44,9941.44,9941.44,0.23000
D,1,2026.03.26,9941.44,9941.44,9857.86,9952.75,9857.86,9857.86,0.24000
D,1,2026.03.27,9857.86,9857.86,9857.86,9857.86,9857.86,9857.86,0.23000
D,1,2026.03.30,9857.86,9857.86,9857.86,9857.86,9857.86,9857.86,0.21000
D,1,2026.03.31,9857.86,9857.86,9857.86,9857.86,9857.86,9857.86,0.21000
